<?xml version="1.0" encoding="UTF-8"?>
<clinical_study rank="191">
  <!-- This xml conforms to an XML Schema at:
    https://clinicaltrials.gov/ct2/html/images/info/public.xsd
 and an XML DTD at:
    https://clinicaltrials.gov/ct2/html/images/info/public.dtd -->
  <required_header>
    <download_date>ClinicalTrials.gov processed this data on July 08, 2015</download_date>
    <link_text>Link to the current ClinicalTrials.gov record.</link_text>
    <url>https://clinicaltrials.gov/show/NCT02032407</url>
  </required_header>
  <id_info>
    <org_study_id>GMA-ACZ-13-001</org_study_id>
    <nct_id>NCT02032407</nct_id>
  </id_info>
  <brief_title>A Study of Dapsone Gel in Females With Skin of Color and Acne Vulgaris</brief_title>
  <sponsors>
    <lead_sponsor>
      <agency>Allergan</agency>
      <agency_class>Industry</agency_class>
    </lead_sponsor>
  </sponsors>
  <source>Allergan</source>
  <oversight_info>
    <authority>United States: Institutional Review Board</authority>
    <has_dmc>No</has_dmc>
  </oversight_info>
  <brief_summary>
    <textblock>
      This study will evaluate the effect of dapsone gel in female subjects with skin of color
      (Fitzpatrick Skin Types IV, V, and V) with acne vulgaris.
    </textblock>
  </brief_summary>
  <overall_status>Completed</overall_status>
  <start_date>December 2013</start_date>
  <completion_date type="Actual">September 2014</completion_date>
  <primary_completion_date type="Actual">June 2014</primary_completion_date>
  <phase>Phase 4</phase>
  <study_type>Interventional</study_type>
  <study_design>Endpoint Classification: Safety/Efficacy Study, Intervention Model: Single Group Assignment, Masking: Open Label, Primary Purpose: Treatment</study_design>
  <primary_outcome>
    <measure>Change from Baseline in the Global Assessment of Acne Severity (GAAS) Score by Physician</measure>
    <time_frame>Baseline, Week 12</time_frame>
    <safety_issue>No</safety_issue>
  </primary_outcome>
  <secondary_outcome>
    <measure>Change from Baseline in Lesion Counts</measure>
    <time_frame>Baseline, Week 12</time_frame>
    <safety_issue>No</safety_issue>
  </secondary_outcome>
  <secondary_outcome>
    <measure>Percentage of Subjects with 0 (None) or 1 (Minimal) on the GAAS</measure>
    <time_frame>Week 12</time_frame>
    <safety_issue>No</safety_issue>
  </secondary_outcome>
  <secondary_outcome>
    <measure>Change from Baseline in the Acne Symptom and Impact Scale (ASIS) Score</measure>
    <time_frame>Baseline, Week 12</time_frame>
    <safety_issue>No</safety_issue>
  </secondary_outcome>
  <secondary_outcome>
    <measure>Total Score for the ASIS Symptom Domain</measure>
    <time_frame>Week 12</time_frame>
    <safety_issue>No</safety_issue>
  </secondary_outcome>
  <secondary_outcome>
    <measure>Total Score for the ASIS Impact Domain</measure>
    <time_frame>Week 12</time_frame>
    <safety_issue>No</safety_issue>
  </secondary_outcome>
  <secondary_outcome>
    <measure>Change from Baseline in the GAAS</measure>
    <time_frame>Baseline, Week 2, Week 6</time_frame>
    <safety_issue>No</safety_issue>
  </secondary_outcome>
  <number_of_arms>1</number_of_arms>
  <enrollment type="Actual">67</enrollment>
  <condition>Acne Vulgaris</condition>
  <arm_group>
    <arm_group_label>Dapsone Gel</arm_group_label>
    <arm_group_type>Experimental</arm_group_type>
    <description>Dapsone Gel (Aczone®) applied twice daily to the face for 12 weeks.</description>
  </arm_group>
  <intervention>
    <intervention_type>Drug</intervention_type>
    <intervention_name>Dapsone Gel</intervention_name>
    <description>Dapsone Gel (Aczone®) applied twice daily to the face for 12 weeks.</description>
    <arm_group_label>Dapsone Gel</arm_group_label>
    <other_name>Aczone®</other_name>
  </intervention>
  <eligibility>
    <criteria>
      <textblock>
        Inclusion Criteria:

          -  Diagnosis of acne vulgaris

          -  Medium to dark complexion (Fitzpatrick Skin Type IV, V or VI)

          -  Willing to avoid excessive or prolonged exposure of the face to ultraviolet light
             (eg, sunlight, tanning beds) throughout the study

        Exclusion Criteria:

          -  Received treatment with botulinum toxin of any serotype in the face within 6 months
      </textblock>
    </criteria>
    <gender>Female</gender>
    <minimum_age>18 Years</minimum_age>
    <maximum_age>N/A</maximum_age>
    <healthy_volunteers>No</healthy_volunteers>
  </eligibility>
  <overall_official>
    <last_name>Medical Director</last_name>
    <role>Study Director</role>
    <affiliation>Allergan</affiliation>
  </overall_official>
  <location>
    <facility>
      <address>
        <city>Washington</city>
        <state>District of Columbia</state>
        <country>United States</country>
      </address>
    </facility>
  </location>
  <location_countries>
    <country>United States</country>
  </location_countries>
  <verification_date>March 2015</verification_date>
  <lastchanged_date>March 12, 2015</lastchanged_date>
  <firstreceived_date>January 8, 2014</firstreceived_date>
  <responsible_party>
    <responsible_party_type>Sponsor</responsible_party_type>
  </responsible_party>
  <is_fda_regulated>Yes</is_fda_regulated>
  <is_section_801>Yes</is_section_801>
  <has_expanded_access>No</has_expanded_access>
  <condition_browse>
    <!-- CAUTION:  The following MeSH terms are assigned with an imperfect algorithm  -->
    <mesh_term>Acne Vulgaris</mesh_term>
  </condition_browse>
  <intervention_browse>
    <!-- CAUTION:  The following MeSH terms are assigned with an imperfect algorithm  -->
    <mesh_term>Dapsone</mesh_term>
  </intervention_browse>
  <!-- Results have not yet been posted for this study                                -->
</clinical_study>
