<?xml version="1.0" encoding="UTF-8"?>
<clinical_study rank="420">
  <!-- This xml conforms to an XML Schema at:
    https://clinicaltrials.gov/ct2/html/images/info/public.xsd
 and an XML DTD at:
    https://clinicaltrials.gov/ct2/html/images/info/public.dtd -->
  <required_header>
    <download_date>ClinicalTrials.gov processed this data on July 08, 2015</download_date>
    <link_text>Link to the current ClinicalTrials.gov record.</link_text>
    <url>https://clinicaltrials.gov/show/NCT01973621</url>
  </required_header>
  <id_info>
    <org_study_id>Zel-002_2012 back acne</org_study_id>
    <nct_id>NCT01973621</nct_id>
  </id_info>
  <brief_title>[Trial of device that is not approved or cleared by the U.S. FDA]</brief_title>
  <official_title>[Trial of device that is not approved or cleared by the U.S. FDA]</official_title>
  <sponsors>
    <lead_sponsor>
      <agency>[Redacted]</agency>
      <agency_class>Industry</agency_class>
    </lead_sponsor>
  </sponsors>
  <source>[Redacted]</source>
  <oversight_info>
    <authority>United States: Institutional Review Board</authority>
    <authority>United States: Food and Drug Administration</authority>
  </oversight_info>
  <overall_status>Withheld</overall_status>
  <start_date>September 2012</start_date>
  <phase>N/A</phase>
  <study_type>N/A</study_type>
  <study_design>N/A</study_design>
  <lastchanged_date>May 11, 2015</lastchanged_date>
  <firstreceived_date>October 25, 2013</firstreceived_date>
  <responsible_party>
    <name_title>[Redacted]</name_title>
    <organization>[Redacted]</organization>
  </responsible_party>
  <is_fda_regulated>Yes</is_fda_regulated>
  <is_section_801>Yes</is_section_801>
  <has_expanded_access>No</has_expanded_access>
  <!-- Results have not yet been posted for this study                                -->
</clinical_study>
