<?xml version="1.0" encoding="UTF-8"?>
<clinical_study rank="43">
  <!-- This xml conforms to an XML Schema at:
    https://clinicaltrials.gov/ct2/html/images/info/public.xsd
 and an XML DTD at:
    https://clinicaltrials.gov/ct2/html/images/info/public.dtd -->
  <required_header>
    <download_date>ClinicalTrials.gov processed this data on July 08, 2015</download_date>
    <link_text>Link to the current ClinicalTrials.gov record.</link_text>
    <url>https://clinicaltrials.gov/show/NCT02313467</url>
  </required_header>
  <id_info>
    <org_study_id>SNUH-PDT2</org_study_id>
    <nct_id>NCT02313467</nct_id>
  </id_info>
  <brief_title>Topical PDT Cream Without Irradiation Source in the Acne Treatment</brief_title>
  <official_title>Topical Application of 1.5% Butenyl ALA Without Light Source Irradiation in the Treatment of Acne: a Double Blinded Randomized Controlled Trial.</official_title>
  <sponsors>
    <lead_sponsor>
      <agency>Seoul National University Hospital</agency>
      <agency_class>Other</agency_class>
    </lead_sponsor>
  </sponsors>
  <source>Seoul National University Hospital</source>
  <oversight_info>
    <authority>KFDA : Korea</authority>
    <has_dmc>Yes</has_dmc>
  </oversight_info>
  <brief_summary>
    <textblock>
      In this study, the investigators are going to compare the clinical effect and safety of
      topical application of 1.5% Butenyl ALA cream formula without light source irradiation in
      the treatment of acne.
    </textblock>
  </brief_summary>
  <overall_status>Completed</overall_status>
  <start_date>January 2014</start_date>
  <completion_date type="Actual">February 2015</completion_date>
  <primary_completion_date type="Actual">February 2015</primary_completion_date>
  <phase>N/A</phase>
  <study_type>Interventional</study_type>
  <study_design>Allocation: Randomized, Endpoint Classification: Safety/Efficacy Study, Intervention Model: Parallel Assignment, Masking: Double Blind (Subject, Investigator, Outcomes Assessor), Primary Purpose: Treatment</study_design>
  <primary_outcome>
    <measure>Percent change of inflammatory acne lesions  compared with baseline</measure>
    <time_frame>12 week</time_frame>
    <safety_issue>No</safety_issue>
  </primary_outcome>
  <secondary_outcome>
    <measure>Percent change of non-inflammatory acne lesions  compared with baseline</measure>
    <time_frame>12 week</time_frame>
    <safety_issue>No</safety_issue>
  </secondary_outcome>
  <secondary_outcome>
    <measure>Percent change of overall severity of acne lesions  compared with baseline</measure>
    <time_frame>12 week</time_frame>
    <safety_issue>No</safety_issue>
  </secondary_outcome>
  <number_of_arms>2</number_of_arms>
  <enrollment type="Actual">45</enrollment>
  <condition>Acne, Photodynamic Therapy</condition>
  <arm_group>
    <arm_group_label>1.5% Butenyl ALA</arm_group_label>
    <arm_group_type>Active Comparator</arm_group_type>
    <description>Topical application of 1.5% Butenyl ALA per every other day around acne lesions in the face</description>
  </arm_group>
  <arm_group>
    <arm_group_label>Control</arm_group_label>
    <arm_group_type>Sham Comparator</arm_group_type>
    <description>Topical application of sham control per every other day around acne lesions in the face</description>
  </arm_group>
  <intervention>
    <intervention_type>Drug</intervention_type>
    <intervention_name>Topical application of 1.5% Butenyl ALA</intervention_name>
    <arm_group_label>1.5% Butenyl ALA</arm_group_label>
  </intervention>
  <intervention>
    <intervention_type>Drug</intervention_type>
    <intervention_name>Topical application of sham control</intervention_name>
    <arm_group_label>Control</arm_group_label>
  </intervention>
  <eligibility>
    <criteria>
      <textblock>
        Inclusion Criteria:

          -  mild to moderate acne vulgaris (Leeds revised acne grading system score 2-7) at
             baseline.

        Exclusion Criteria:

          -  known pregnancy

          -  lactation

          -  any medical illness that might influence the results of the study

          -  a history of oral acne medication or surgical procedure, including laser treatment,
             within 6 months of study enrollment

          -  use of topical acne medication within 4 weeks of study enrollment.
      </textblock>
    </criteria>
    <gender>Both</gender>
    <minimum_age>19 Years</minimum_age>
    <maximum_age>45 Years</maximum_age>
    <healthy_volunteers>Accepts Healthy Volunteers</healthy_volunteers>
  </eligibility>
  <overall_official>
    <last_name>Dae Hun Suh, MD</last_name>
    <role>Principal Investigator</role>
    <affiliation>Seoul National University Department of Dermatology</affiliation>
  </overall_official>
  <location>
    <facility>
      <name>Seoul National Unviersity</name>
      <address>
        <city>Seoul</city>
        <state>Seoul Metropolitan</state>
        <zip>110-744</zip>
        <country>Korea, Republic of</country>
      </address>
    </facility>
  </location>
  <location_countries>
    <country>Korea, Republic of</country>
  </location_countries>
  <verification_date>March 2015</verification_date>
  <lastchanged_date>March 10, 2015</lastchanged_date>
  <firstreceived_date>December 8, 2014</firstreceived_date>
  <responsible_party>
    <responsible_party_type>Principal Investigator</responsible_party_type>
    <investigator_affiliation>Seoul National University Hospital</investigator_affiliation>
    <investigator_full_name>Dae Hun Suh</investigator_full_name>
    <investigator_title>Professor</investigator_title>
  </responsible_party>
  <is_fda_regulated>No</is_fda_regulated>
  <has_expanded_access>No</has_expanded_access>
  <!-- Results have not yet been posted for this study                                -->
</clinical_study>
