<?xml version="1.0" encoding="UTF-8"?>
<clinical_study rank="214">
  <!-- This xml conforms to an XML Schema at:
    https://clinicaltrials.gov/ct2/html/images/info/public.xsd
 and an XML DTD at:
    https://clinicaltrials.gov/ct2/html/images/info/public.dtd -->
  <required_header>
    <download_date>ClinicalTrials.gov processed this data on July 08, 2015</download_date>
    <link_text>Link to the current ClinicalTrials.gov record.</link_text>
    <url>https://clinicaltrials.gov/show/NCT00658112</url>
  </required_header>
  <id_info>
    <org_study_id>0000027</org_study_id>
    <nct_id>NCT00658112</nct_id>
  </id_info>
  <brief_title>Measuring Adherence in Subjects With Acne Vulgaris in a Clinic Population Subtitle: Topical Benzoyl Peroxide for Acne</brief_title>
  <official_title>Measuring Adherence in Subjects With Acne Vulgaris in a Clinic Population Subtitle: Topical Benzoyl Peroxide for Acne</official_title>
  <sponsors>
    <lead_sponsor>
      <agency>Wake Forest School of Medicine</agency>
      <agency_class>Other</agency_class>
    </lead_sponsor>
  </sponsors>
  <source>Wake Forest School of Medicine</source>
  <oversight_info>
    <authority>United States: Institutional Review Board</authority>
    <has_dmc>No</has_dmc>
  </oversight_info>
  <brief_summary>
    <textblock>
      The purpose of this research study is to see how often benzoyl peroxide is applied for acne.
      Use of medication was monitored electronically.
    </textblock>
  </brief_summary>
  <detailed_description>
    <textblock>
      We give subjects topical benzoyl peroxide, a standard first line acne treatment, in a
      container that records when the container is opened and closed. Subjects will simply be
      asked to &quot;return in six weeks to see how well benzoyl peroxide works for them.&quot; Subjects
      initially will not be told that they are participating in a formal study.  When they return
      with their medication, we will seek their informed consent to participate in the study.
      Verbal consent will be obtained at the beginning of the study. There will be no written
      consent obtained until the end of the study. By doing this, subjects will not be aware that
      adherence is being measured. Subjects will not be aware that they are participating in a
      study. Only if they consent would we then collect the medication container and monitor and
      retrieve the adherence data.  If they do not consent, we will not have collected any
      research data on them except baseline acne severity measures which may have been collected
      anyway as part of their clinic treatment.
    </textblock>
  </detailed_description>
  <overall_status>Completed</overall_status>
  <start_date>July 2006</start_date>
  <completion_date type="Actual">May 2008</completion_date>
  <primary_completion_date type="Actual">May 2008</primary_completion_date>
  <phase>Phase 4</phase>
  <study_type>Interventional</study_type>
  <study_design>Allocation: Non-Randomized, Intervention Model: Single Group Assignment, Masking: Open Label, Primary Purpose: Treatment</study_design>
  <primary_outcome>
    <measure>Adherence</measure>
    <time_frame>6 weeks</time_frame>
    <safety_issue>No</safety_issue>
  </primary_outcome>
  <secondary_outcome>
    <measure>Efficacy</measure>
    <time_frame>6 weeks</time_frame>
    <safety_issue>No</safety_issue>
  </secondary_outcome>
  <number_of_arms>1</number_of_arms>
  <enrollment type="Actual">20</enrollment>
  <condition>Acne Vulgaris</condition>
  <arm_group>
    <arm_group_label>1</arm_group_label>
    <arm_group_type>Experimental</arm_group_type>
    <description>Benzoyl Peroxide 5%</description>
  </arm_group>
  <intervention>
    <intervention_type>Drug</intervention_type>
    <intervention_name>Benzoyl Peroxide</intervention_name>
    <description>Benzoyl peroxide 5% gel. Applied once daily to face, minimum amount usable to cover area. Every day for six weeks.</description>
    <arm_group_label>1</arm_group_label>
  </intervention>
  <eligibility>
    <criteria>
      <textblock>
        Inclusion Criteria:

          -  Any male or female 13 to 18 years of age with a diagnosis of mild to moderate acne
             vulgaris by a dermatologist will be eligible for participation.

          -  Verbal consent of participation must be given by parent or guardian and child.

        Exclusion Criteria:

          -  Age less than 13 or greater than 18 years of age.

          -  Known allergy or sensitivity to topical benzoyl peroxide gel in the subject.

          -  Inability to complete all study-related visits.

          -  Introduction of any other prescription medication, topical or systemic, for acne
             vulgaris while participating in the study.

          -  Subjects should not be using topical retinoids or benzoyl peroxide products,
             including Proactive® or topical prescription medications for the treatment of acne
             vulgaris for at least 2 weeks prior to beginning the study. Oral medications for the
             treatment of acne should not have been used at least 4 weeks prior to beginning the
             study.

          -  Women that are actively trying to become pregnant or wish to become pregnant during
             the time frame the study is to take place will be excluded.
      </textblock>
    </criteria>
    <gender>Both</gender>
    <minimum_age>13 Years</minimum_age>
    <maximum_age>18 Years</maximum_age>
    <healthy_volunteers>No</healthy_volunteers>
  </eligibility>
  <overall_official>
    <last_name>Steven R Feldman, MD</last_name>
    <role>Principal Investigator</role>
    <affiliation>Wake Forest School of Medicine</affiliation>
  </overall_official>
  <location>
    <facility>
      <name>Wake Forest University Health Sciences Dermatology</name>
      <address>
        <city>Winston Salem</city>
        <state>North Carolina</state>
        <zip>27157</zip>
        <country>United States</country>
      </address>
    </facility>
  </location>
  <location_countries>
    <country>United States</country>
  </location_countries>
  <verification_date>June 2013</verification_date>
  <lastchanged_date>June 19, 2013</lastchanged_date>
  <firstreceived_date>April 9, 2008</firstreceived_date>
  <responsible_party>
    <responsible_party_type>Principal Investigator</responsible_party_type>
    <investigator_affiliation>Wake Forest University</investigator_affiliation>
    <investigator_full_name>Steven R. Feldman</investigator_full_name>
    <investigator_title>Professor of Dermatology</investigator_title>
  </responsible_party>
  <is_fda_regulated>Yes</is_fda_regulated>
  <is_section_801>Yes</is_section_801>
  <has_expanded_access>No</has_expanded_access>
  <condition_browse>
    <!-- CAUTION:  The following MeSH terms are assigned with an imperfect algorithm  -->
    <mesh_term>Acne Vulgaris</mesh_term>
  </condition_browse>
  <intervention_browse>
    <!-- CAUTION:  The following MeSH terms are assigned with an imperfect algorithm  -->
    <mesh_term>Benzoyl Peroxide</mesh_term>
  </intervention_browse>
  <!-- Results have not yet been posted for this study                                -->
</clinical_study>
