<?xml version="1.0" encoding="UTF-8"?>
<clinical_study rank="265">
  <!-- This xml conforms to an XML Schema at:
    https://clinicaltrials.gov/ct2/html/images/info/public.xsd
 and an XML DTD at:
    https://clinicaltrials.gov/ct2/html/images/info/public.dtd -->
  <required_header>
    <download_date>ClinicalTrials.gov processed this data on July 08, 2015</download_date>
    <link_text>Link to the current ClinicalTrials.gov record.</link_text>
    <url>https://clinicaltrials.gov/show/NCT01244256</url>
  </required_header>
  <id_info>
    <org_study_id>BCGGLE10407</org_study_id>
    <nct_id>NCT01244256</nct_id>
  </id_info>
  <brief_title>Evaluation of Efficacy and Comparative Isolation of the Association Beclomethasone Clotrimzaol + + Gentamicin in Patients With Acne Contaminated</brief_title>
  <acronym>acne</acronym>
  <official_title>Isolation and Comparative Efficacy of the Combination of beclometasona0, 025% + Gentamicin 0.1% + Clotrimazole 1% Topical Dermatological Cream of GLENMARK PHARMACEUTICALS, in Patients Infected With Acne</official_title>
  <sponsors>
    <lead_sponsor>
      <agency>L.A.L Clinica Pesquisa e Desenvolvimento Ltda.</agency>
      <agency_class>Industry</agency_class>
    </lead_sponsor>
  </sponsors>
  <source>L.A.L Clinica Pesquisa e Desenvolvimento Ltda.</source>
  <oversight_info>
    <authority>Brazil: National Health Surveillance Agency</authority>
    <has_dmc>No</has_dmc>
  </oversight_info>
  <brief_summary>
    <textblock>
      The objective of this trial is to evaluate the comparative efficacy of the combination of
      Clotrimazole + Gentamicin + Beclomethasone in study subjects with a condition of
      contaminated dermatosis showing bilateral symmetrical lesions.
    </textblock>
  </brief_summary>
  <detailed_description>
    <textblock>
      The specific objective is to evaluate, by means of analytical propedeutics medical
      improvement in clinical signs and symptoms related to acne infected, the use of the
      association: Clotrimazole, Gentamicin and Beclomethasone versus association: Clotrimazole
      and Gentamicin, which will first be randomized.

      The study should be conducted with 20 research subjects aged over 18 years, of both sexes,
      showing the framework of bilateral lesions infected with acne, at any stage of evolution.
      The study subjects will receive treatment with both products, so they can use one in each
      lesion chosen at random, double-blind.

      Thus, the proven efficacy and safety and taking all possible adverse events reported, the
      study sponsor hopes to obtain registration with the Ministry of Health of this new
      association in the country.

      The association made a proposal was developed by the Laboratory Glenmark Pharmaceuticals
      Ltd..
    </textblock>
  </detailed_description>
  <overall_status>Suspended</overall_status>
  <start_date>April 2007</start_date>
  <completion_date type="Anticipated">September 2007</completion_date>
  <primary_completion_date type="Anticipated">August 2007</primary_completion_date>
  <phase>Phase 2/Phase 3</phase>
  <study_type>Interventional</study_type>
  <study_design>Allocation: Randomized, Intervention Model: Crossover Assignment, Masking: Double Blind (Subject, Investigator), Primary Purpose: Treatment</study_design>
  <primary_outcome>
    <measure>Efficacy of the treatment in patient with infected dermatoses</measure>
    <time_frame>21 days of treatment</time_frame>
    <safety_issue>No</safety_issue>
  </primary_outcome>
  <secondary_outcome>
    <measure>evaluate the safety and tolerability of both formulations in the course of treatmen</measure>
    <time_frame>21 days of treatment</time_frame>
    <safety_issue>No</safety_issue>
  </secondary_outcome>
  <number_of_arms>2</number_of_arms>
  <enrollment type="Anticipated">80</enrollment>
  <condition>Folliculitis</condition>
  <arm_group>
    <arm_group_label>Treatment with Clotrimazole + Gentamicin + Beclomethasone</arm_group_label>
    <arm_group_type>Experimental</arm_group_type>
  </arm_group>
  <arm_group>
    <arm_group_label>Treatment with Clotrimazole + Gentamicin</arm_group_label>
    <arm_group_type>Active Comparator</arm_group_type>
  </arm_group>
  <intervention>
    <intervention_type>Drug</intervention_type>
    <intervention_name>Clotrimazole + Gentamicin + Beclomethasone</intervention_name>
    <description>Treatment with Clotrimazole + Gentamicin + Beclomethasone</description>
    <arm_group_label>Treatment with Clotrimazole + Gentamicin + Beclomethasone</arm_group_label>
  </intervention>
  <intervention>
    <intervention_type>Drug</intervention_type>
    <intervention_name>Clotrimazole + Gentamicin</intervention_name>
    <description>Treatment with Clotrimazole + Gentamicin</description>
    <arm_group_label>Treatment with Clotrimazole + Gentamicin</arm_group_label>
  </intervention>
  <eligibility>
    <criteria>
      <textblock>
        Inclusion Criteria:

          -  Subject search of both sexes, regardless of color or social class

          -  From age to 18, with good mental health

          -  Carriers of two outbreaks of acne contaminated

          -  Subjects who agree to return follow-up visits

          -  Research subjects who agree to participate and sign the Deed of Consent

        Exclusion Criteria:

          -  Subject Research carriers of susceptibility to gentamicin

          -  Research subjects suffering from sensitivity to clotrimazole

          -  Research subjects suffering from sensitivity to beclomethasone

          -  Research subjects who are making use of steroids or steroidal anti-inflammatory and
             non-steroidal drugs or who made use of topical or oral 15 days ago

          -  Research subjects who are doing immunosuppressive treatment

          -  Research subjects with a diagnosis of eosinophilic folliculitis or
             Pseudo-folliculitis barbae and groin

          -  Pregnant and lactating
      </textblock>
    </criteria>
    <gender>Both</gender>
    <minimum_age>18 Years</minimum_age>
    <maximum_age>70 Years</maximum_age>
    <healthy_volunteers>No</healthy_volunteers>
  </eligibility>
  <overall_official>
    <last_name>Alexandre Frederico, médico</last_name>
    <role>Principal Investigator</role>
    <affiliation>L.A.L Clinica Pesquisa e Desenvolvimento Ltda.</affiliation>
  </overall_official>
  <location>
    <facility>
      <name>LAL Clinica</name>
      <address>
        <city>Valinhos</city>
        <state>SP</state>
        <zip>13276245</zip>
        <country>Brazil</country>
      </address>
    </facility>
  </location>
  <location_countries>
    <country>Brazil</country>
  </location_countries>
  <verification_date>April 2007</verification_date>
  <lastchanged_date>November 18, 2010</lastchanged_date>
  <firstreceived_date>October 22, 2010</firstreceived_date>
  <responsible_party>
    <name_title>Dr. Alexandre Frederico</name_title>
    <organization>L.A.L Clinica Pesquisa e Desenvolvimento Ltda.</organization>
  </responsible_party>
  <is_fda_regulated>No</is_fda_regulated>
  <has_expanded_access>No</has_expanded_access>
  <condition_browse>
    <!-- CAUTION:  The following MeSH terms are assigned with an imperfect algorithm  -->
    <mesh_term>Folliculitis</mesh_term>
  </condition_browse>
  <intervention_browse>
    <!-- CAUTION:  The following MeSH terms are assigned with an imperfect algorithm  -->
    <mesh_term>Beclomethasone</mesh_term>
    <mesh_term>Gentamicins</mesh_term>
  </intervention_browse>
  <!-- Results have not yet been posted for this study                                -->
</clinical_study>
