<?xml version="1.0" encoding="UTF-8"?>
<clinical_study rank="148">
  <!-- This xml conforms to an XML Schema at:
    https://clinicaltrials.gov/ct2/html/images/info/public.xsd
 and an XML DTD at:
    https://clinicaltrials.gov/ct2/html/images/info/public.dtd -->
  <required_header>
    <download_date>ClinicalTrials.gov processed this data on July 08, 2015</download_date>
    <link_text>Link to the current ClinicalTrials.gov record.</link_text>
    <url>https://clinicaltrials.gov/show/NCT00752635</url>
  </required_header>
  <id_info>
    <org_study_id>CR007129</org_study_id>
    <nct_id>NCT00752635</nct_id>
  </id_info>
  <brief_title>Comparison of Efficacy and Safety of Norgestimate-ethinyl Estradiol and Cyproterone Acetate-ethinyl Estradiol in the Treatment of Acne Vulgaris</brief_title>
  <official_title>Comparison of Efficacy and Safety of Tricilest (Norgestimate-ethinyl Estradiol) and Diane-35 (Cyproterone Acetate-ethinyl Estradiol) in the Treatment of Acne Vulgaris</official_title>
  <sponsors>
    <lead_sponsor>
      <agency>Johnson &amp; Johnson Taiwan Ltd</agency>
      <agency_class>Industry</agency_class>
    </lead_sponsor>
  </sponsors>
  <source>Johnson &amp; Johnson Taiwan Ltd</source>
  <oversight_info>
    <authority>Taiwan: Department of Health</authority>
  </oversight_info>
  <brief_summary>
    <textblock>
      The purpose of this study was to evaluate the effectiveness and safety of
      norgestimate-ethinyl estradiol as comparted with cyproterone acetate-ethinyl estradiol among
      female patients with moderate acne vulgaris.
    </textblock>
  </brief_summary>
  <detailed_description>
    <textblock>
      This study was to evaluate the efficacy and safety of TriCilest as comparted with Diane-35
      among female patients with moderate acne vulgaris. The study design was double-blind,
      randomized, parallel and active controlled. The sponsor planned to recruit approximately 50
      patients to complete 40 evaluable patients. At the end of the study, a total of 48 patients
      were randomized.

      TriCilest (noregestimate-ethinyl estradiol), 0.18mg-0.035mg or 0.215mg-0.035mg or
      0.25mg-0.035mg, Oral admistration, The duration was three consecutive menstrual cycles.
    </textblock>
  </detailed_description>
  <overall_status>Completed</overall_status>
  <start_date>September 2004</start_date>
  <completion_date type="Actual">September 2005</completion_date>
  <phase>Phase 4</phase>
  <study_type>Interventional</study_type>
  <study_design>Allocation: Randomized, Endpoint Classification: Safety/Efficacy Study, Intervention Model: Parallel Assignment, Masking: Double-Blind, Primary Purpose: Treatment</study_design>
  <primary_outcome>
    <measure>The primary efficacy variable was the change form baseline to the latest available evaluation in total lesion count. The primary efficacy result of this study clearly manifested the potency of TriCilest.</measure>
  </primary_outcome>
  <secondary_outcome>
    <measure>The secondary efficacy variable (change in lesion counts) showed consistent results to the primary efficacy endpoint.</measure>
  </secondary_outcome>
  <enrollment type="Actual">48</enrollment>
  <condition>Acne Vulgaris</condition>
  <intervention>
    <intervention_type>Drug</intervention_type>
    <intervention_name>Norgestimate-ethinyl estradiol; Cyproterone acetate-ethinyl estradiol</intervention_name>
  </intervention>
  <eligibility>
    <criteria>
      <textblock>
        Inclusion Criteria:

          -  Female adults who were suffering from moderate acne vulgaris (grade II or III)

          -  With 6 to 100 comedones (non-inflammatory lesions)

          -  With 10 to 50 inflammatory lesions (papules or pustules)

          -  With fewer than 5 nodules

          -  Agree to condoms or diaphragm, and spermicide or any other medically approved
             effective barrier method of contraceptive or a nonhormonal IUD

          -  Agree to take as treatment for acne only for the supplied study drug during the three
             month treatment phase

          -  Documented by an informed consent to participate in the trial on the day before
             entering the study

        Exclusion Criteria:

          -  Patients who, in the investigator's opinion, cannot understand or follow the
             instructions given in the study

          -  Who are pregnant or nursing

          -  Who have clinical depression and are suicidal or require immediate treatment for
             depression

          -  Who have a known hypersensitivity to any of the ingredients

          -  Who are currently having significant adverse experiences from ethinyl estradiol or
             norgestimate

          -  Who have any coexisting medical condition or are taking and concomitant to a
             medication that is likely to interfere with safe administration of TriCilest and/or
             Diane-35, in the investigator's opinion

          -  Who take systemic retinoids, systemic antimicrobials, and topical acne treatments
             within 6 months, 1 month, and 2 weeks prior to enrollment, respectively

          -  Who have any of the following contraindications to oral contraceptives: Current
             thrombophlebitis or thromboembolic disorders, or past history of deep vein
             thrombophlebitis or thromboembolic disorder, or cerebral vascular or coronary artery
             disease or known severe hypertension, or diabetes with vascular involvement, or known
             or suspected carcinoma of the breast, or known or suspected estrogen-dependent
             neoplasia, or undiagnosed, abnormal genital bleeding, or benign or malignant liver
             tumor, or have jaundice or severe liver disease, or neurovascular lesion of the eye
             or serious visual disturbances, or known allergic reaction or sensitivities to
             TriCilest or Diane 35

          -  Who have taken an investigational medication within 30 days prior to enter study (or
             within a period of five times its half-life or the half-life of its metabolites)
      </textblock>
    </criteria>
    <gender>Female</gender>
    <minimum_age>15 Years</minimum_age>
    <maximum_age>49 Years</maximum_age>
    <healthy_volunteers>No</healthy_volunteers>
  </eligibility>
  <overall_official>
    <last_name>Johnson &amp; Johnson Taiwan, Ltd. Clinical Trial</last_name>
    <role>Study Director</role>
    <affiliation>Johnson &amp; Johnson Taiwan Ltd</affiliation>
  </overall_official>
  <link>
    <url>http://filehosting.pharmacm.com/DownloadService.ashx?client=CTR_JNJ_6051&amp;studyid=693&amp;filename=CR007129_CSR.pdf</url>
    <description>Comparison of efficacy and safety of Tricilest (norgestimate-ethinyl estradiol) and Diane-35 (cyproterone acetate-ethinyl estradiol) in the treatment of acne vulgaris</description>
  </link>
  <verification_date>April 2010</verification_date>
  <lastchanged_date>May 18, 2011</lastchanged_date>
  <firstreceived_date>September 11, 2008</firstreceived_date>
  <keyword>TriCilest</keyword>
  <keyword>acne vulgaris</keyword>
  <has_expanded_access>No</has_expanded_access>
  <condition_browse>
    <!-- CAUTION:  The following MeSH terms are assigned with an imperfect algorithm  -->
    <mesh_term>Acne Vulgaris</mesh_term>
  </condition_browse>
  <intervention_browse>
    <!-- CAUTION:  The following MeSH terms are assigned with an imperfect algorithm  -->
    <mesh_term>Cyproterone</mesh_term>
    <mesh_term>Cyproterone Acetate</mesh_term>
    <mesh_term>Estradiol</mesh_term>
    <mesh_term>Estradiol 17 beta-cypionate</mesh_term>
    <mesh_term>Estradiol 3-benzoate</mesh_term>
    <mesh_term>Estradiol valerate</mesh_term>
    <mesh_term>Ethinyl Estradiol</mesh_term>
    <mesh_term>Moxifloxacin</mesh_term>
    <mesh_term>Norgestimate</mesh_term>
    <mesh_term>Norgestimate, ethinyl estradiol drug combination</mesh_term>
    <mesh_term>Polyestradiol phosphate</mesh_term>
  </intervention_browse>
  <!-- Results have not yet been posted for this study                                -->
</clinical_study>
