<?xml version="1.0" encoding="UTF-8"?>
<clinical_study rank="104">
  <!-- This xml conforms to an XML Schema at:
    https://clinicaltrials.gov/ct2/html/images/info/public.xsd
 and an XML DTD at:
    https://clinicaltrials.gov/ct2/html/images/info/public.dtd -->
  <required_header>
    <download_date>ClinicalTrials.gov processed this data on July 08, 2015</download_date>
    <link_text>Link to the current ClinicalTrials.gov record.</link_text>
    <url>https://clinicaltrials.gov/show/NCT01788384</url>
  </required_header>
  <id_info>
    <org_study_id>12-1001</org_study_id>
    <nct_id>NCT01788384</nct_id>
  </id_info>
  <brief_title>Evaluate Therapeutic Equivalence and Safety of Two Clindamycin Phosphate and Benzoyl Peroxide Gels in Acne Vulgaris</brief_title>
  <official_title>A Multicenter, Double-blind, Randomized, Vehicle-controlled, Parallel-group Study Comparing Clindamycin Phosphate and Benzoyl Peroxide Gel and Acanya® 1.2%/2.5% and Both Active Treatments to Vehicle Control for Treating Acne Vulgaris</official_title>
  <sponsors>
    <lead_sponsor>
      <agency>Watson Laboratories, Inc.</agency>
      <agency_class>Industry</agency_class>
    </lead_sponsor>
  </sponsors>
  <source>Watson Laboratories, Inc.</source>
  <oversight_info>
    <authority>United States: Institutional Review Board</authority>
    <has_dmc>No</has_dmc>
  </oversight_info>
  <brief_summary>
    <textblock>
      Acanya (Clindamycin Phosphate and Benzoyl Peroxide) Gel, 1.2%/2.5% gel marketed by Valeant
      Pharmaceuticals, North America, is a safe and effective topical therapy used for the
      treatment of acne vulgaris.
    </textblock>
  </brief_summary>
  <detailed_description>
    <textblock>
      Watson Laboratories, Inc. has developed a generic formulation of Clindamycin Phosphate and
      Benzoyl Peroxide Gel, 1.2%/2.5%,and the current study is designed to evaluate the safety and
      efficacy of this formulation to determine if it is bioequivalent to Acanya.
    </textblock>
  </detailed_description>
  <overall_status>Completed</overall_status>
  <start_date>July 2012</start_date>
  <completion_date type="Actual">December 2012</completion_date>
  <primary_completion_date type="Actual">December 2012</primary_completion_date>
  <phase>Phase 3</phase>
  <study_type>Interventional</study_type>
  <study_design>Allocation: Randomized, Endpoint Classification: Safety/Efficacy Study, Intervention Model: Parallel Assignment, Masking: Double Blind (Subject, Investigator, Outcomes Assessor), Primary Purpose: Treatment</study_design>
  <primary_outcome>
    <measure>The evaluation of the primary endpoint will be based on the mean percent changes from baseline to week 12 in the inflammatory (papules and pustules) lesion counts and in the non-inflammatory (comedones) lesion counts.</measure>
    <time_frame>Week 12</time_frame>
    <safety_issue>No</safety_issue>
  </primary_outcome>
  <secondary_outcome>
    <measure>The proportion of subjects with a clinical response of &quot;success&quot; at Week 12 using IGA.</measure>
    <time_frame>12 Weeks</time_frame>
    <safety_issue>No</safety_issue>
    <description>The proportion of subjects with a clinical response of &quot;success&quot; at Week 12. Success was defined as an IGA score that was at least 2 grades less than the baseline assessment.</description>
  </secondary_outcome>
  <other_outcome>
    <measure>Analysis of Application Site Reactions</measure>
    <time_frame>12 Weeks</time_frame>
    <safety_issue>Yes</safety_issue>
    <description>A descriptive analysis comparing the application site reactions for each treatment group will be conducted to ensure that the test product is not worse than the reference product with regard to the expected and unexpected application site reactions.</description>
  </other_outcome>
  <other_outcome>
    <measure>Safety analyses were conducted on the Safety population.</measure>
    <time_frame>12 Weeks</time_frame>
    <safety_issue>Yes</safety_issue>
    <description>Safety incidence of all AEs reported during the study was summarized using the Medical Dictionary for Drug Regulatory Activities (MedDRA), by treatment group, body system, severity, and relationship to study drug.
The report of AEs included date of onset, description of the AE, and date of resolution.</description>
  </other_outcome>
  <number_of_arms>3</number_of_arms>
  <enrollment type="Actual">708</enrollment>
  <condition>Acne Vulgaris</condition>
  <arm_group>
    <arm_group_label>Acanya</arm_group_label>
    <arm_group_type>Active Comparator</arm_group_type>
    <description>Acanya® (Clindamycin Phosphate and Benzoyl Peroxide) Gel, 1.2%/2.5% gel (Valeant Pharmaceuticals, North America)</description>
  </arm_group>
  <arm_group>
    <arm_group_label>Clindamycin Phosphate / Benzoyl Peroxide</arm_group_label>
    <arm_group_type>Experimental</arm_group_type>
    <description>Clindamycin Phosphate / Benzoyl Peroxide Gel, 1.2%/2.5%</description>
  </arm_group>
  <arm_group>
    <arm_group_label>Vehicle Gel</arm_group_label>
    <arm_group_type>Placebo Comparator</arm_group_type>
    <description>Placebo (Vehicle Gel)of the test product (Watson Laboratories, Inc.)</description>
  </arm_group>
  <intervention>
    <intervention_type>Drug</intervention_type>
    <intervention_name>Clindamycin Phosphate / Benzoyl Peroxide Gel</intervention_name>
    <description>Dosage form: topical gel Dosage: One pea-sized amount will be applied onto six areas of the face (chin, left cheek, right cheek, nose, left forehead, right forehead), avoiding the eyes, lips and mucous membranes.</description>
    <arm_group_label>Clindamycin Phosphate / Benzoyl Peroxide</arm_group_label>
    <other_name>Generic</other_name>
  </intervention>
  <intervention>
    <intervention_type>Drug</intervention_type>
    <intervention_name>Clindamycin Phosphate and Benzoyl Peroxide Gel, 1.2%/2.5%</intervention_name>
    <description>Dosage form: topical gel Dosage: One pea-sized amount will be applied onto six areas of the face (chin, left cheek, right cheek, nose, left forehead, right forehead), avoiding the eyes, lips and mucous membranes.</description>
    <arm_group_label>Acanya</arm_group_label>
    <other_name>Acanya</other_name>
  </intervention>
  <intervention>
    <intervention_type>Drug</intervention_type>
    <intervention_name>Placebo (Vehicle Gel)</intervention_name>
    <description>Dosage form: topical gel Dosage: One pea-sized amount will be applied onto six areas of the face (chin, left cheek, right cheek, nose, left forehead, right forehead), avoiding the eyes, lips and mucous membranes.</description>
    <arm_group_label>Vehicle Gel</arm_group_label>
    <other_name>Vehicle Gel</other_name>
  </intervention>
  <eligibility>
    <criteria>
      <textblock>
        Inclusion Criteria:

          -  Healthy male or non pregnant female

          -  ≥ 12 and ≤ 40 years

          -  Diagnosis of acne vulgaris (acne)

          -  &gt;18 years and provide written informed consent

          -  Ages 12 to 17 and provide written assent and written informed consent from patient's
             legal representative

          -  Must sign a HIPAA authorization

          -  Minimum ≥ 25 non-inflammatory lesions

          -  ≥ 20 inflammatory lesions

          -  ≤ 2 nodulocystic lesions on the face

          -  Acne of severity grade 2, 3, or 4 -Investigator's Global Assessment (IGA)

          -  Refrain from all other topical acne medications or antibiotics during the 12-week
             treatment period except Investigational Product

          -  All Female patients with a negative urine pregnancy test who use birth control from
             the study start to 30 days after the last administration of study drug

          -  All male patients who use birth control with their partners, from the study start to
             30 days after the last administration of study drug. Abstinence is acceptable. Female
             partners should use birth control

          -  Must be willing and able to understand and comply with the protocol requirements and
             required study visits

          -  In good health

          -  Free from any clinically significant disease

          -  Must have used the same brands/types of make-up for a minimum period of 14 days prior
             to study entry and must agree to use the same make-up, brand/type and maintain the
             same frequency of use throughout the study

        Exclusion Criteria:

          -  Female patients who are pregnant, nursing or planning to become pregnant during study

          -  History or presence of Crohn's disease, ulcerative colitis, regional enteritis, or
             antibiotic-associated colitis

          -  Hypersensitivity or allergy to benzoyl peroxide, clindamycin and/or any of the study
             medication ingredients

          -  Presence of any skin condition that would interfere with the diagnosis or assessment

          -  Excessive facial hair

          -  Wax epilation of the face within 14 days prior

          -  Used oral retinoids or therapeutic vitamin A supplements of &gt;10,000 units/day
             (multivitamins are allowed) within 6 months prior to or during the study

          -  Estrogens or oral contraceptives for &lt;3 months prior to baseline; Use of such therapy
             must remain constant throughout the study

          -  Cryodestruction, chemodestruction, dermabrasion, photodynamic therapy, acne surgery,
             intralesional steroids, X-ray therapy procedures performed on the face within 1 month
             prior to or during the study

          -  Any systemic (steroids, antibiotics treatment for acne, anti-inflammatory agents)
             treatments within 1 month prior to baseline or during the study

          -  Any (topical steroids, topical retinoids, α-hydroxy/glycolic acid, benzoyl peroxide,
             topical anti-inflammatory agents, topical antibiotics) treatments within 2 weeks
             prior to baseline or during the study:

          -  Intend to use Spironolactone

          -  Intend to use tanning booths, sunbathing, or excessive exposure to the sun

          -  Radiation therapy and/or anti-neoplastic agents within 90 days prior to baseline

          -  Unstable clinically significant medical disorders or life-threatening diseases

          -  On-going malignancies requiring systemic treatment

          -  Any malignancy of the facial area skin

          -  Engage in activities that involve excessive or prolonged exposure to sunlight or
             weather extremes

          -  Consume excessive amounts of alcohol or use drugs of abuse

          -  Participation in an investigational drug study within 30 days prior

          -  Are participating in non-treatment studies such as observational studies or registry
             studies can be considered for inclusion

          -  Previously enrolled in this study

          -  Laser therapy, electrodessication and phototherapy to the facial area within 180 days
             prior to study entry

          -  Cosmetic procedures which may affect the efficacy and safety profile of the study
             drug within 14 days prior to study entry

          -  Currently have or have recently had bacterial folliculitis on the face
      </textblock>
    </criteria>
    <gender>Both</gender>
    <minimum_age>12 Years</minimum_age>
    <maximum_age>40 Years</maximum_age>
    <healthy_volunteers>No</healthy_volunteers>
  </eligibility>
  <overall_official>
    <last_name>John L Capicchioni</last_name>
    <role>Study Director</role>
    <affiliation>Akesis, LLC</affiliation>
  </overall_official>
  <verification_date>February 2013</verification_date>
  <lastchanged_date>February 7, 2013</lastchanged_date>
  <firstreceived_date>February 7, 2013</firstreceived_date>
  <responsible_party>
    <responsible_party_type>Sponsor</responsible_party_type>
  </responsible_party>
  <keyword>acne</keyword>
  <keyword>Clindamycin Phosphate/Benzoyl Peroxide</keyword>
  <keyword>Acanya</keyword>
  <keyword>Mild to severe acne vulgaris</keyword>
  <is_fda_regulated>No</is_fda_regulated>
  <has_expanded_access>No</has_expanded_access>
  <condition_browse>
    <!-- CAUTION:  The following MeSH terms are assigned with an imperfect algorithm  -->
    <mesh_term>Acne Vulgaris</mesh_term>
  </condition_browse>
  <intervention_browse>
    <!-- CAUTION:  The following MeSH terms are assigned with an imperfect algorithm  -->
    <mesh_term>Benzoyl Peroxide</mesh_term>
    <mesh_term>Clindamycin</mesh_term>
    <mesh_term>Clindamycin palmitate</mesh_term>
    <mesh_term>Clindamycin phosphate</mesh_term>
  </intervention_browse>
  <!-- Results have not yet been posted for this study                                -->
</clinical_study>
