<?xml version="1.0" encoding="UTF-8"?>
<clinical_study rank="65">
  <!-- This xml conforms to an XML Schema at:
    https://clinicaltrials.gov/ct2/html/images/info/public.xsd
 and an XML DTD at:
    https://clinicaltrials.gov/ct2/html/images/info/public.dtd -->
  <required_header>
    <download_date>ClinicalTrials.gov processed this data on July 08, 2015</download_date>
    <link_text>Link to the current ClinicalTrials.gov record.</link_text>
    <url>https://clinicaltrials.gov/show/NCT01474798</url>
  </required_header>
  <id_info>
    <org_study_id>2011-PT020</org_study_id>
    <nct_id>NCT01474798</nct_id>
  </id_info>
  <brief_title>Phase II Trial of RA-18C3 in Subjects With Moderate to Severe Acne Vulgaris</brief_title>
  <official_title>A Phase II Open Label Study of the Safety, Pharmacokinetics, and Efficacy of a True Human Anti-Inflammatory Therapeutic Antibody (RA-18C3) in Subjects With Moderate to Severe Acne Vulgaris</official_title>
  <sponsors>
    <lead_sponsor>
      <agency>XBiotech, Inc.</agency>
      <agency_class>Industry</agency_class>
    </lead_sponsor>
  </sponsors>
  <source>XBiotech, Inc.</source>
  <oversight_info>
    <authority>United States: Food and Drug Administration</authority>
    <has_dmc>No</has_dmc>
  </oversight_info>
  <brief_summary>
    <textblock>
      This is a 91-day phase II, open label trial of the true human monoclonal antibody RA-18C3 in
      subjects with moderate to severe acne vulgaris.  Ten (10) subjects will receive RA-18C3 via
      subcutaneous injection.  Subjects will receive injections at Days 0, 21, and 42 for a total
      of 3 injections.  Study drug will be administered under close observation in a facility
      equipped to handle medical emergencies. Subjects will not be discharged from the facility
      until at least 1 hour following the injection or 1 hour after their vital signs have
      stabilized.  Safety will be assessed by pre- and post-treatment serial measurements of vital
      signs, clinical laboratory assessments, and the recording of adverse clinical events.
    </textblock>
  </brief_summary>
  <overall_status>Completed</overall_status>
  <start_date>February 2012</start_date>
  <completion_date type="Actual">December 2012</completion_date>
  <primary_completion_date type="Actual">October 2012</primary_completion_date>
  <phase>Phase 2</phase>
  <study_type>Interventional</study_type>
  <study_design>Endpoint Classification: Safety/Efficacy Study, Intervention Model: Single Group Assignment, Masking: Open Label, Primary Purpose: Treatment</study_design>
  <primary_outcome>
    <measure>Safety and tolerability</measure>
    <time_frame>100 days</time_frame>
    <safety_issue>Yes</safety_issue>
    <description>Incidence and type of adverse clinical events</description>
  </primary_outcome>
  <secondary_outcome>
    <measure>RA-18C3 pharmacokinetics</measure>
    <time_frame>70 days</time_frame>
    <safety_issue>No</safety_issue>
    <description>Serum levels of RA-18C3 will be measured to determine drug half-life, bioavailability, volume of distribution, and area under the curve.</description>
  </secondary_outcome>
  <secondary_outcome>
    <measure>Facial acne lesion count</measure>
    <time_frame>56 days</time_frame>
    <safety_issue>No</safety_issue>
    <description>Change in total facial acne lesion count from day 0 to week 8</description>
  </secondary_outcome>
  <secondary_outcome>
    <measure>Reduction in total acne lesion count, inflammatory and non-inflammatory lesion counts</measure>
    <time_frame>56 days</time_frame>
    <safety_issue>No</safety_issue>
    <description>Percent reduction in total acne lesion count, inflammatory and non-inflammatory lesion counts from day 0 to week 8</description>
  </secondary_outcome>
  <secondary_outcome>
    <measure>Investigator's Global Assessment (IGA) score</measure>
    <time_frame>56 days</time_frame>
    <safety_issue>No</safety_issue>
    <description>Change in Investigator Global Assessment score from baseline to Day 56</description>
  </secondary_outcome>
  <number_of_arms>1</number_of_arms>
  <enrollment type="Actual">11</enrollment>
  <condition>Acne Vulgaris</condition>
  <arm_group>
    <arm_group_label>RA-18C3</arm_group_label>
    <arm_group_type>Experimental</arm_group_type>
  </arm_group>
  <intervention>
    <intervention_type>Drug</intervention_type>
    <intervention_name>RA-18C3</intervention_name>
    <description>For subjects weighing 27-53 kg:  100 mg (1 ml) administered every three weeks by subcutaneous injection.
For subjects weighing &gt; 53 kg:  200 mg (2 ml) administered every three weeks by subcutaneous injection.</description>
    <arm_group_label>RA-18C3</arm_group_label>
  </intervention>
  <eligibility>
    <criteria>
      <textblock>
        Inclusion Criteria:

          1. Age:  ≥ 18

          2. Moderate to moderately severe inflammatory acne vulgaris:

               -  Investigator's Global Assessment grade of ≥ 3 and,

               -  ≥ 15 inflammatory lesions (no more than 6 nodules) and,

               -  ≥ 15 non-inflammatory lesions

          3. Four week washout period for topical and oral antibiotic treatment

          4. Four week washout period for topical retinoids

          5. Negative pregnancy test at screening and at specified time points throughout the
             trial.  For subjects with reproductive potential, a willingness to utilize
             contraception during the study and including 3 months after study completion.
             Sexually active men must use an accepted method of contraception during the study and
             including 3 months after study completion.

          6. Subjects weighing ≥ 27 kg

          7. Signed and dated Institutional Review Board (IRB) approved informed consent before
             any protocol-specific screening procedures are performed

        Exclusion Criteria:

          1. A diagnosis of Acne conglobata, acne fulminans, secondary acne, severe nodulocystic
             acne requiring treatment with isotretinoin, or other dermatologic conditions
             requiring interfering phototherapy, topical, or systemic treatment.

          2. Treatment with any biologicals or investigational agents within the last 4 weeks (or
             5 half-lives, whichever is longer).

          3. Men with facial hair that would interfere with assessments

          4. History of uncontrolled diabetes, unstable ischemic heart disease, active
             inflammatory bowel disease, active peptic ulcer disease, recent stroke (within 3
             months), ongoing congestive heart failure, and any other condition which, in the
             opinion of the investigator, would put the subject at risk by participation in the
             protocol.

          5. Hemoglobin &lt;10.0 g/dL, or WBC &lt;3.0 x 103/mm3, or platelet count &lt;125 x 103/mm3, or
             creatinine &gt; 1.5mg/dL, or AST/ALT &gt;2 x ULN, or alkaline phosphatase &gt;2 x ULN

          6. Known HIV antibody, hepatitis B surface antigen and/or hepatitis C antibody.

          7. History of malignancy within 5 years prior to study entry other than carcinoma in
             situ of the cervix, or adequately treated, non-metastatic squamous or basal cell
             carcinoma of the skin.

          8. History of severe allergic or anaphylactic reactions to humanized or murine
             monoclonal antibodies.

          9. History of tuberculosis (latent or active) or positive Interferon-gamma release assay
             (IGRA)

         10. Infectious disease:

               -  CRP &gt;30 mg/L, fever, or infection requiring treatment with antibiotics within 3
                  weeks prior to Screening

         11. Immunodeficiency

         12. Female subjects who are pregnant, planning to become pregnant during the course of
             the study, or breast-feeding

         13. Receipt of a live (attenuated) vaccine within 1 month prior to Screening

         14. Major surgery within 28 days prior to Day 0

         15. Participation in an investigational drug or device trial within 30 days prior to
             Screening
      </textblock>
    </criteria>
    <gender>Both</gender>
    <minimum_age>18 Years</minimum_age>
    <maximum_age>30 Years</maximum_age>
    <healthy_volunteers>No</healthy_volunteers>
  </eligibility>
  <overall_official>
    <last_name>Michael D Stecher, MD</last_name>
    <role>Study Director</role>
    <affiliation>XBiotech USA, Inc.</affiliation>
  </overall_official>
  <location>
    <facility>
      <name>Moy, Fincher, and Chipps Facial Plastics and Dermatology</name>
      <address>
        <city>Beverly Hills</city>
        <state>California</state>
        <zip>90210</zip>
        <country>United States</country>
      </address>
    </facility>
  </location>
  <location>
    <facility>
      <name>Meridien Research</name>
      <address>
        <city>St. Petersburg</city>
        <state>Florida</state>
        <zip>33709</zip>
        <country>United States</country>
      </address>
    </facility>
  </location>
  <location>
    <facility>
      <name>Austin Dermatology Associates</name>
      <address>
        <city>Austin</city>
        <state>Texas</state>
        <zip>78705</zip>
        <country>United States</country>
      </address>
    </facility>
  </location>
  <location_countries>
    <country>United States</country>
  </location_countries>
  <verification_date>June 2014</verification_date>
  <lastchanged_date>June 5, 2014</lastchanged_date>
  <firstreceived_date>November 15, 2011</firstreceived_date>
  <responsible_party>
    <responsible_party_type>Sponsor</responsible_party_type>
  </responsible_party>
  <keyword>Acne Vulgaris</keyword>
  <is_fda_regulated>Yes</is_fda_regulated>
  <is_section_801>Yes</is_section_801>
  <has_expanded_access>No</has_expanded_access>
  <condition_browse>
    <!-- CAUTION:  The following MeSH terms are assigned with an imperfect algorithm  -->
    <mesh_term>Acne Vulgaris</mesh_term>
  </condition_browse>
  <!-- Results have not yet been posted for this study                                -->
</clinical_study>
