<?xml version="1.0" encoding="UTF-8"?>
<clinical_study rank="369">
  <!-- This xml conforms to an XML Schema at:
    https://clinicaltrials.gov/ct2/html/images/info/public.xsd
 and an XML DTD at:
    https://clinicaltrials.gov/ct2/html/images/info/public.dtd -->
  <required_header>
    <download_date>ClinicalTrials.gov processed this data on July 08, 2015</download_date>
    <link_text>Link to the current ClinicalTrials.gov record.</link_text>
    <url>https://clinicaltrials.gov/show/NCT01898182</url>
  </required_header>
  <id_info>
    <org_study_id>MMCDeptofDerma-Kinerase-2013</org_study_id>
    <nct_id>NCT01898182</nct_id>
  </id_info>
  <brief_title>Efficacy and Safety of Kinetin 0.1% for Treatment of Skin Photoaging</brief_title>
  <official_title>A Single Arm, Phase IV, Open-Label, Split-Face Trial to Evaluate the Efficacy and Safety of Kinetin, N6-furfuryladenine, 0.1% for Treatment of Cutaneous Photoaging</official_title>
  <sponsors>
    <lead_sponsor>
      <agency>Makati Medical Center</agency>
      <agency_class>Other</agency_class>
    </lead_sponsor>
    <collaborator>
      <agency>A. Menarini Philippines, Inc.</agency>
      <agency_class>Industry</agency_class>
    </collaborator>
  </sponsors>
  <source>Makati Medical Center</source>
  <oversight_info>
    <authority>Philippines : Food and Drug Administration</authority>
    <has_dmc>Yes</has_dmc>
  </oversight_info>
  <brief_summary>
    <textblock>
      The purpose of the study is to evaluate the change in the severity and clinical signs of
      skin photoaging among Filipino patients using Kinerase cream (Kinetin 0.1%). This study will
      recruit 132 subjects from dermatological clinics in a tertiary hospital in the Philippines
      for a period of 3 months (12 weeks). Changes in severity will be documented using physician
      evaluation, self-evaluation, and through VISIA complexion analysis system.
    </textblock>
  </brief_summary>
  <detailed_description>
    <textblock>
      This study is a single-arm, open-label, split-face trial in subjects with mild to moderate
      photoaged facial skin. The study will enroll around 132 subjects from selected private
      dermatology clinics in a tertiary hospital in the Philippines.

      Patients from selected private dermatology clinics of a tertiary hospital will be screened
      and recruited to participate. They will be provided a written consent form (Appendix I)
      before they will be included in the study.

      Following enrollment, subjects will return for outpatient visits at weeks 4, 8, and 12 for
      assessment.

      The whole study will be conducted from July 2013 to November 2013. The first month would
      involve recruitment of patients. Qualified patients will start the 12-week treatment period
      and will be asked to follow up every 4 weeks. The last two months would be for data
      analysis, interpretation and writing of the scientific report.
    </textblock>
  </detailed_description>
  <overall_status>Completed</overall_status>
  <start_date>November 2013</start_date>
  <completion_date type="Actual">September 2014</completion_date>
  <primary_completion_date type="Actual">July 2014</primary_completion_date>
  <phase>Phase 4</phase>
  <study_type>Interventional</study_type>
  <study_design>Endpoint Classification: Safety/Efficacy Study, Intervention Model: Single Group Assignment, Masking: Open Label</study_design>
  <primary_outcome>
    <measure>Skin Roughness</measure>
    <time_frame>12 weeks</time_frame>
    <safety_issue>No</safety_issue>
    <description>Measured using Physician Evaluation and Patient Self-Evaluation of severity of cutaneous photoaging at baseline week, weeks 4, 8, and 12</description>
  </primary_outcome>
  <primary_outcome>
    <measure>Pigmentation</measure>
    <time_frame>12 weeks</time_frame>
    <safety_issue>No</safety_issue>
    <description>Also called Mottling or Blotchiness. This is measured using Physician Evaluation and Patient Self-Evaluation of severity of cutaneous photoaging at baseline week, weeks 4, 8, and 12</description>
  </primary_outcome>
  <primary_outcome>
    <measure>Fine wrinkles</measure>
    <time_frame>12 weeks</time_frame>
    <safety_issue>No</safety_issue>
    <description>Measured using Physician Evaluation and Patient Self-Evaluation of severity of cutaneous photoaging at baseline week, weeks 4, 8, and 12</description>
  </primary_outcome>
  <primary_outcome>
    <measure>Global Improvement in Cutaneous Photoaging</measure>
    <time_frame>12 weeks</time_frame>
    <safety_issue>No</safety_issue>
    <description>Measured using Physician Evaluation and Patient Self-Evaluation of severity of cutaneous photoaging at baseline week, weeks 4, 8, and 12</description>
  </primary_outcome>
  <primary_outcome>
    <measure>Pores</measure>
    <time_frame>12 weeks</time_frame>
    <safety_issue>No</safety_issue>
    <description>Measured using VISIA Complexion Analysis System at baseline week, weeks 4 and 8.</description>
  </primary_outcome>
  <primary_outcome>
    <measure>Wrinkles</measure>
    <time_frame>12 weeks</time_frame>
    <safety_issue>No</safety_issue>
    <description>Measured using VISIA Complexion Analysis System at baseline week, weeks 4 and 8.</description>
  </primary_outcome>
  <primary_outcome>
    <measure>Texture</measure>
    <time_frame>12 weeks</time_frame>
    <safety_issue>No</safety_issue>
    <description>Measured using VISIA Complexion Analysis System at baseline week, weeks 4 and 8.</description>
  </primary_outcome>
  <primary_outcome>
    <measure>Porphyrins</measure>
    <time_frame>12 weeks</time_frame>
    <safety_issue>No</safety_issue>
    <description>Measured using VISIA Complexion Analysis System at baseline week, weeks 4 and 8.</description>
  </primary_outcome>
  <primary_outcome>
    <measure>Visual Spots</measure>
    <time_frame>12 weeks</time_frame>
    <safety_issue>No</safety_issue>
    <description>Measured using VISIA Complexion Analysis System at baseline week, weeks 4 and 8.</description>
  </primary_outcome>
  <primary_outcome>
    <measure>UV spots</measure>
    <time_frame>12 weeks</time_frame>
    <safety_issue>No</safety_issue>
    <description>Measured using VISIA Complexion Analysis System at baseline week, weeks 4 and 8.</description>
  </primary_outcome>
  <primary_outcome>
    <measure>Brown Spots</measure>
    <time_frame>12 weeks</time_frame>
    <safety_issue>No</safety_issue>
    <description>Measured using VISIA Complexion Analysis System at baseline week, weeks 4 and 8.</description>
  </primary_outcome>
  <primary_outcome>
    <measure>Red Areas</measure>
    <time_frame>12 weeks</time_frame>
    <safety_issue>No</safety_issue>
    <description>Measured using VISIA Complexion Analysis System at baseline week, weeks 4 and 8.</description>
  </primary_outcome>
  <secondary_outcome>
    <measure>Erythema</measure>
    <time_frame>12 weeks</time_frame>
    <safety_issue>Yes</safety_issue>
    <description>An Adverse Event (AE) is any untoward medical occurrence in a patient or clinical investigation subject administered a test product and which does not necessarily have a casual relationship with this treatment (ICH-GCP definition). In this study, all untoward medical occurrences will be collected irrespective whether the subject has taken any study product or not.</description>
  </secondary_outcome>
  <secondary_outcome>
    <measure>Burning</measure>
    <time_frame>12 weeks</time_frame>
    <safety_issue>Yes</safety_issue>
    <description>Also includes stinging. An Adverse Event (AE) is any untoward medical occurrence in a patient or clinical investigation subject administered a test product and which does not necessarily have a casual relationship with this treatment (ICH-GCP definition). In this study, all untoward medical occurrences will be collected irrespective whether the subject has taken any study product or not.</description>
  </secondary_outcome>
  <secondary_outcome>
    <measure>Peeling</measure>
    <time_frame>12 weeks</time_frame>
    <safety_issue>Yes</safety_issue>
    <description>An Adverse Event (AE) is any untoward medical occurrence in a patient or clinical investigation subject administered a test product and which does not necessarily have a casual relationship with this treatment (ICH-GCP definition). In this study, all untoward medical occurrences will be collected irrespective whether the subject has taken any study product or not.</description>
  </secondary_outcome>
  <secondary_outcome>
    <measure>Pruritus</measure>
    <time_frame>12 weeks</time_frame>
    <safety_issue>Yes</safety_issue>
    <description>An Adverse Event (AE) is any untoward medical occurrence in a patient or clinical investigation subject administered a test product and which does not necessarily have a casual relationship with this treatment (ICH-GCP definition). In this study, all untoward medical occurrences will be collected irrespective whether the subject has taken any study product or not.</description>
  </secondary_outcome>
  <secondary_outcome>
    <measure>Dryness</measure>
    <time_frame>12 weeks</time_frame>
    <safety_issue>Yes</safety_issue>
    <description>An Adverse Event (AE) is any untoward medical occurrence in a patient or clinical investigation subject administered a test product and which does not necessarily have a casual relationship with this treatment (ICH-GCP definition). In this study, all untoward medical occurrences will be collected irrespective whether the subject has taken any study product or not.</description>
  </secondary_outcome>
  <secondary_outcome>
    <measure>Edema</measure>
    <time_frame>12 weeks</time_frame>
    <safety_issue>Yes</safety_issue>
    <description>An Adverse Event (AE) is any untoward medical occurrence in a patient or clinical investigation subject administered a test product and which does not necessarily have a casual relationship with this treatment (ICH-GCP definition). In this study, all untoward medical occurrences will be collected irrespective whether the subject has taken any study product or not.</description>
  </secondary_outcome>
  <secondary_outcome>
    <measure>Acne</measure>
    <time_frame>12 weeks</time_frame>
    <safety_issue>Yes</safety_issue>
    <description>An Adverse Event (AE) is any untoward medical occurrence in a patient or clinical investigation subject administered a test product and which does not necessarily have a casual relationship with this treatment (ICH-GCP definition). In this study, all untoward medical occurrences will be collected irrespective whether the subject has taken any study product or not.</description>
  </secondary_outcome>
  <number_of_arms>1</number_of_arms>
  <enrollment type="Actual">132</enrollment>
  <condition>Cutaneous Photoaging</condition>
  <arm_group>
    <arm_group_label>Kinerase</arm_group_label>
    <arm_group_type>Experimental</arm_group_type>
    <description>Kinetin (N6-furfuryladenine) is an essential bio growth factor that regulates cell growth and is proven to delay and reverse the signs of aging. Kinerase has been found out to significantly improve the appearance of skin texture, mottled hyperpigmentation and fine wrinkles. It  does not cause the cutaneous side effects that result from other commonly used anti-aging products. The Kinerase cream contains: Water, glyceryl stearate, propylene glycol, butylenes glycol, glycerin, cetyl alcohol, stearic acid, isopropyl palmitate, squalene, stearyl alcohol, glycene soja sterols, dimethicone, laureth-23, aloe barbadensis leaf juice, phenoxyethanol, carbomer, ethylhexyglycerin, sodium hydroxide, soluble collagen, kinetin, panthenol, tocopherol, citric acid, sodium citrate, hydrolysed elastin.</description>
  </arm_group>
  <intervention>
    <intervention_type>Other</intervention_type>
    <intervention_name>Kinetin, N6-furfuryladenine, 0.1%</intervention_name>
    <arm_group_label>Kinerase</arm_group_label>
    <other_name>Kinerase cream</other_name>
  </intervention>
  <eligibility>
    <criteria>
      <textblock>
        Inclusion Criteria:

          -  Filipino and Asian female subjects from private clinics of a tertiary hospital in the
             Philippines older than 35 years of age and less than 65 years of age.

          -  Subjects with mild to moderate cutaneous photoaging as assessed by the investigator's
             assessment 6-point scale.

          -  Subjects willing to sign an informed consent and adhere to all protocol requirements.

        Exclusion Criteria:

          -  Suspected porphyria, systemic or cutaneous lupus erythematosus, or any other
             photosensitizing disorder or drug-induced photosensitization

          -  Chronic or recurring skin disease or disorder

          -  Any active infectious skin disorder (Herpes simplex, molluscum contagiosum, and
             facial warts)

          -  Skin cancer of the facial tissues

          -  Any laser/IPL/ chemical peel in the 2 months preceding the screening visit

          -  History of Isotretinoin use, 6 months prior to the screening disease

          -  Topical tretinoin or adapalene in the 2 months prior to the screening visit

          -  Used topical alpha-hydroxy acid skincare products in the month preceding the
             screening visit

          -  On any anti-aging products and who wish to continue use of their products

          -  Requiring concurrent treatment that would interfere with the study assessments

          -  Pregnant or lactating females
      </textblock>
    </criteria>
    <gender>Female</gender>
    <minimum_age>35 Years</minimum_age>
    <maximum_age>65 Years</maximum_age>
    <healthy_volunteers>Accepts Healthy Volunteers</healthy_volunteers>
  </eligibility>
  <overall_official>
    <last_name>Ma. Purita P. Lao, MD, FPDS</last_name>
    <role>Principal Investigator</role>
    <affiliation>Makati Medical Center</affiliation>
  </overall_official>
  <location>
    <facility>
      <name>Makati Medical Center</name>
      <address>
        <city>Makati City</city>
        <state>Metro Manila</state>
        <zip>1229</zip>
        <country>Philippines</country>
      </address>
    </facility>
  </location>
  <location>
    <facility>
      <name>Makati Medical Center Department of Dermatology</name>
      <address>
        <city>Makati City</city>
        <state>NCR</state>
        <zip>1229</zip>
        <country>Philippines</country>
      </address>
    </facility>
  </location>
  <location_countries>
    <country>Philippines</country>
  </location_countries>
  <verification_date>September 2014</verification_date>
  <lastchanged_date>September 12, 2014</lastchanged_date>
  <firstreceived_date>July 3, 2013</firstreceived_date>
  <responsible_party>
    <responsible_party_type>Principal Investigator</responsible_party_type>
    <investigator_affiliation>Makati Medical Center</investigator_affiliation>
    <investigator_full_name>Ma. Purita Paz-Lao, MD, FPDS</investigator_full_name>
    <investigator_title>Chairman</investigator_title>
  </responsible_party>
  <is_fda_regulated>No</is_fda_regulated>
  <has_expanded_access>No</has_expanded_access>
  <intervention_browse>
    <!-- CAUTION:  The following MeSH terms are assigned with an imperfect algorithm  -->
    <mesh_term>Kinetin</mesh_term>
  </intervention_browse>
  <!-- Results have not yet been posted for this study                                -->
</clinical_study>
