<?xml version="1.0" encoding="UTF-8"?>
<clinical_study rank="66">
  <!-- This xml conforms to an XML Schema at:
    https://clinicaltrials.gov/ct2/html/images/info/public.xsd
 and an XML DTD at:
    https://clinicaltrials.gov/ct2/html/images/info/public.dtd -->
  <required_header>
    <download_date>ClinicalTrials.gov processed this data on July 08, 2015</download_date>
    <link_text>Link to the current ClinicalTrials.gov record.</link_text>
    <url>https://clinicaltrials.gov/show/NCT01835210</url>
  </required_header>
  <id_info>
    <org_study_id>2012-15072</org_study_id>
    <secondary_id>2012-15072</secondary_id>
    <nct_id>NCT01835210</nct_id>
  </id_info>
  <brief_title>Effect of Acne Vulgaris on Quality of Life of Teenagers Compared to Parent Perceived Effect on Quality of Life</brief_title>
  <official_title>Effect of Acne Vulgaris on Quality of Life of Teenagers Compared to Parent Perceived Effect on Quality of Life</official_title>
  <sponsors>
    <lead_sponsor>
      <agency>Ann &amp; Robert H Lurie Children's Hospital of Chicago</agency>
      <agency_class>Other</agency_class>
    </lead_sponsor>
  </sponsors>
  <source>Ann &amp; Robert H Lurie Children's Hospital of Chicago</source>
  <oversight_info>
    <authority>United States: Institutional Review Board</authority>
  </oversight_info>
  <brief_summary>
    <textblock>
      Acne vulgaris is a common problem in the adolescent community. Past research has shown that
      acne affects teenager's self-esteem and mood. However, no research has evaluated the parent
      perception of their teenager's acne in comparison to the severity of acne and the patient's
      own reported quality of life. It is hypothesized that parents of teenagers underestimate how
      much acne vulgaris affects their teenager's skin disease-related quality of life. Also that
      teenager's perception of the severity of their acne is greater versus their parent's
      perception. We believe that increased acne severity based on clinician assessment will
      correlate with worse quality of life. Teenagers between 12 and 17 years old with a diagnosis
      of acne by a pediatric dermatologist will be enrolled in this study. The study consists of 1
      visit, questions regarding demographics, assessment of the teen's acne, the Skindex-Teen
      quality of life survey (modified for parents), and 2 Likert scales will be completed. In
      addition, the clinician will score the teen's acne using the standardized Investigator
      Global Assessment tool. Statistical analysis will compare teen subject answers to the
      Skindex-Teen with their parent's answers. Also analyzed will be the severity of acne and
      differences between the clinician IGA score and Skindex-Teen responses
    </textblock>
  </brief_summary>
  <detailed_description>
    <textblock>
      Acne vulgaris is a prevalent problem in the adolescent community, with the literature citing
      prevalence between 35 to 90% at some stage and some studies showing the prevalence of
      comedonal acne approaching 100%. Mean age of onset of acne in girls is 11 years and in boys
      is 12 years. We know that being afflicted with acne places a significant burden on the life
      of a teenager, and studies have shown diminished quality of life and increased presence of
      depressive symptoms in teens with acne. Dalgard et al looked at effects of moderate and
      severe acne on self-esteem and body satisfaction in adolescents. In their study, girls with
      acne reported significantly higher levels of depressive symptoms, greater feelings of
      uselessness, and lower self-attitude, sense of pride, self-worth, and body satisfaction
      compared to girls without acne; a similar tendency was observed in boys. Halvorsen et al
      performed a cross-sectional questionnaire-based study to evaluate psychological effects of
      acne in adolescents aged 18-19 years old. They found that in the 14% of participants who had
      substantial acne- defined as self reported a lot or very much acne, suicidal ideation was
      twice as frequently reported in girls and three times more frequently reported in boys
      compared to subjects of either gender with no or a little acne per patient self report.
      Suicidal ideation was significantly associated with substantial acne with an odds ratio of
      1.80. To our knowledge, there has been no research that evaluates parent perception of their
      teenager's acne in comparison to clinical data points such as investigator global assessment
      or patient-reported quality of life. Nor have there been data comparing investigator global
      assessment of acne with patient-reported Likert scale of acne severity. Magin et al looked
      at 108 patients, of whom 41 had acne and assessed difference in clinician evaluation of acne
      severity (using the Leeds method as an indicator of severity) compared to patient assessment
      of acne. They found a moderately poor agreement between objective clinician assessment and
      patient self-assessment of acne severity (weighted kappa 0.35, with 95% CI 0.1981 - 0.5084).
      There have been studies as well showing that patients with acne often underestimate the
      severity of their acne. Smithard A et al studied 317 students aged 14-16 and found that
      students tended to underestimate their acne severity, with only 66% of patients with mild
      acne via Leeds scoring self-determining that they had acne. Demircay et al looked at
      physician's assessment of acne severity, by means of Global Acne Grading System (GAGS)
      scoring of 0 as none, 1-18 as mild, 19-30 as moderate and &gt; 31 as severe acne. Patient's
      assessment of acne severity used a 10-point Likert-type scale. Patients were asked how
      severe their acne was, and 0 denoted &quot;no acne&quot; and 9 denoted &quot;most severe acne that can be
      imagined&quot;. Results of the Likert-type scale were analyzed in four groups: 0 = none, 1-3 =
      mild, 4-6 = moderate, 7-9 = severe. No correlation was found between physician GAGS scores
      and any of the patients' own assessments. Smidt et al developed and validated a quality of
      life index for adolescents with skin disease, using the adult-oriented Skindex and
      Skindex-16 instruments as models. Skindex-Teen is a 21-item questionnaire, self-administered
      by the patient and generally is able to be completed in 5 to 10 minutes. The instrument
      inquires about the patient's perceptions of his/her primary skin condition during the
      previous 4 weeks. Standardized responses consist of 4-category choices relating to frequency
      with 0 being never and 4 being all the time. Analysis demonstrated that the refined
      Skindex-Teen was a valid and effective way of measuring the effects of skin disease in
      adolescents. A Likert scale is a type of psychometric scale frequently used in psychology
      questionnaires. On a questionnaire, a Likert scale asks subjects to circle, check or mark
      the number that most closely correlates to their feelings on a scale.

      We speculate that parents of teenagers underestimate how much acne vulgaris affects their
      teenager's skin disease-related quality of life. By having both the teenage patient and
      his/her parent independently complete the Skindex-Teen questionnaire at the same time point,
      we will be able to assess potential differences in how teenagers perceive their acne and how
      their parents perceive the impact of the teen's acne on quality of life and correlate this
      with clinical acne severity.
    </textblock>
  </detailed_description>
  <overall_status>Active, not recruiting</overall_status>
  <start_date>August 2012</start_date>
  <completion_date type="Anticipated">January 2015</completion_date>
  <primary_completion_date type="Anticipated">August 2014</primary_completion_date>
  <phase>N/A</phase>
  <study_type>Observational</study_type>
  <study_design>Observational Model: Cohort, Time Perspective: Retrospective</study_design>
  <primary_outcome>
    <measure>Teenager's perception of the severity of their acne.</measure>
    <time_frame>one visit</time_frame>
    <safety_issue>No</safety_issue>
    <description>Teenagers will complete a Likert scale for assessment of acne severity.</description>
  </primary_outcome>
  <secondary_outcome>
    <measure>Quality of Life</measure>
    <time_frame>one visit</time_frame>
    <safety_issue>No</safety_issue>
    <description>Parents will each complete Skindex-Teen questionnaires to evaluate the teenager's quality of life.</description>
  </secondary_outcome>
  <secondary_outcome>
    <measure>Quality of Life</measure>
    <time_frame>One visit</time_frame>
    <safety_issue>No</safety_issue>
    <description>Teenager's will each complete Skindex-Teen questionnaires to evaluate the teenager's quality of life.</description>
  </secondary_outcome>
  <number_of_groups>1</number_of_groups>
  <enrollment type="Anticipated">60</enrollment>
  <condition>Acne</condition>
  <condition>Quality of Life</condition>
  <arm_group>
    <arm_group_label>Quality of life</arm_group_label>
    <description>Teenager with acne vulgaris This is an observational study, in which the disease of interest is acne vulgaris.</description>
  </arm_group>
  <eligibility>
    <study_pop>
      <textblock>
        Subjects will be recruited from the pediatric dermatology clinic at Ann and Robert H.
        Lurie Children's Hospital of Chicago. Teenagers must be between 12 and 17 years old, and
        have a diagnosis of acne by a pediatric dermatologist.
      </textblock>
    </study_pop>
    <sampling_method>Non-Probability Sample</sampling_method>
    <criteria>
      <textblock>
        Inclusion Criteria:

          -  Between 12 and 17 years of age

          -  diagnosis of acne by a pediatric dermatologist

          -  ability to read and understand English

          -  age appropriate development

        Exclusion Criteria:

        • developmental delay
      </textblock>
    </criteria>
    <gender>Both</gender>
    <minimum_age>12 Years</minimum_age>
    <maximum_age>17 Years</maximum_age>
    <healthy_volunteers>No</healthy_volunteers>
  </eligibility>
  <overall_official>
    <last_name>Jennifer Sorrell, MD</last_name>
    <role>Principal Investigator</role>
    <affiliation>Ann &amp; Robert H Lurie Children's Hospital of Chicago</affiliation>
  </overall_official>
  <location>
    <facility>
      <name>Ann &amp; Robert H. Lurie Children's Hospital of Chicago</name>
      <address>
        <city>Chicago</city>
        <state>Illinois</state>
        <zip>60611</zip>
        <country>United States</country>
      </address>
    </facility>
  </location>
  <location_countries>
    <country>United States</country>
  </location_countries>
  <reference>
    <citation>Stathakis V, Kilkenny M, Marks R. Descriptive epidemiology of acne vulgaris in the community. Australas J Dermatol. 1997 Aug;38(3):115-23. Review.</citation>
    <PMID>9293656</PMID>
  </reference>
  <reference>
    <citation>Dreno B, Poli F. Epidemiology of acne. Dermatology. 2003;206(1):7-10.</citation>
    <PMID>12566799</PMID>
  </reference>
  <reference>
    <citation>Walker N, Lewis-Jones MS. Quality of life and acne in Scottish adolescent schoolchildren: use of the Children's Dermatology Life Quality Index (CDLQI) and the Cardiff Acne Disability Index (CADI). J Eur Acad Dermatol Venereol. 2006 Jan;20(1):45-50.</citation>
    <PMID>16405607</PMID>
  </reference>
  <reference>
    <citation>Beattie PE, Lewis-Jones MS. A comparative study of impairment of quality of life in children with skin disease and children with other chronic childhood diseases. Br J Dermatol. 2006 Jul;155(1):145-51.</citation>
    <PMID>16792766</PMID>
  </reference>
  <reference>
    <citation>Dalgard F, Gieler U, Holm JØ, Bjertness E, Hauser S. Self-esteem and body satisfaction among late adolescents with acne: results from a population survey. J Am Acad Dermatol. 2008 Nov;59(5):746-51. doi: 10.1016/j.jaad.2008.07.013.</citation>
    <PMID>19119094</PMID>
  </reference>
  <reference>
    <citation>Halvorsen JA, Stern RS, Dalgard F, Thoresen M, Bjertness E, Lien L. Suicidal ideation, mental health problems, and social impairment are increased in adolescents with acne: a population-based study. J Invest Dermatol. 2011 Feb;131(2):363-70. doi: 10.1038/jid.2010.264. Epub 2010 Sep 16.</citation>
    <PMID>20844551</PMID>
  </reference>
  <reference>
    <citation>Magin PJ, Pond CD, Smith WT, Watson AB, Goode SM. Correlation and agreement of self-assessed and objective skin disease severity in a cross-sectional study of patients with acne, psoriasis, and atopic eczema. Int J Dermatol. 2011 Dec;50(12):1486-90. doi: 10.1111/j.1365-4632.2011.04883.x.</citation>
    <PMID>22097994</PMID>
  </reference>
  <reference>
    <citation>Demircay Z, Seckin D, Senol A, Demir F. Patient's perspective: an important issue not to be overlooked in assessing acne severity. Eur J Dermatol. 2008 Mar-Apr;18(2):181-4. doi: 10.1684/ejd.2008.0384.</citation>
    <PMID>18424379</PMID>
  </reference>
  <reference>
    <citation>Smidt AC, Lai JS, Cella D, Patel S, Mancini AJ, Chamlin SL. Development and validation of Skindex-Teen, a quality-of-life instrument for adolescents with skin disease. Arch Dermatol. 2010 Aug;146(8):865-9. doi: 10.1001/archdermatol.2010.161.</citation>
    <PMID>20713817</PMID>
  </reference>
  <verification_date>July 2013</verification_date>
  <lastchanged_date>July 18, 2013</lastchanged_date>
  <firstreceived_date>April 16, 2013</firstreceived_date>
  <responsible_party>
    <responsible_party_type>Principal Investigator</responsible_party_type>
    <investigator_affiliation>Ann &amp; Robert H Lurie Children's Hospital of Chicago</investigator_affiliation>
    <investigator_full_name>Jennifer Sorrell</investigator_full_name>
    <investigator_title>M.D.</investigator_title>
  </responsible_party>
  <is_fda_regulated>No</is_fda_regulated>
  <has_expanded_access>No</has_expanded_access>
  <condition_browse>
    <!-- CAUTION:  The following MeSH terms are assigned with an imperfect algorithm  -->
    <mesh_term>Acne Vulgaris</mesh_term>
  </condition_browse>
  <!-- Results have not yet been posted for this study                                -->
</clinical_study>
