<?xml version="1.0" encoding="UTF-8"?>
<clinical_study rank="329">
  <!-- This xml conforms to an XML Schema at:
    https://clinicaltrials.gov/ct2/html/images/info/public.xsd
 and an XML DTD at:
    https://clinicaltrials.gov/ct2/html/images/info/public.dtd -->
  <required_header>
    <download_date>ClinicalTrials.gov processed this data on July 08, 2015</download_date>
    <link_text>Link to the current ClinicalTrials.gov record.</link_text>
    <url>https://clinicaltrials.gov/show/NCT02457000</url>
  </required_header>
  <id_info>
    <org_study_id>12-14-23</org_study_id>
    <nct_id>NCT02457000</nct_id>
  </id_info>
  <brief_title>Sleep, Circadian Rhythm &amp; Skin Health</brief_title>
  <official_title>Sleep, Circadian Rhythm &amp; Skin Health</official_title>
  <sponsors>
    <lead_sponsor>
      <agency>University Hospital Case Medical Center</agency>
      <agency_class>Other</agency_class>
    </lead_sponsor>
  </sponsors>
  <source>University Hospital Case Medical Center</source>
  <oversight_info>
    <authority>United States: Institutional Review Board</authority>
    <has_dmc>Yes</has_dmc>
  </oversight_info>
  <brief_summary>
    <textblock>
      The purpose of this study is to explore the mechanisms behind how sleep quality may affect
      skin aging, skin integrity and skin disease.
    </textblock>
  </brief_summary>
  <overall_status>Recruiting</overall_status>
  <start_date>March 2015</start_date>
  <completion_date type="Anticipated">December 2020</completion_date>
  <primary_completion_date type="Anticipated">December 2020</primary_completion_date>
  <phase>N/A</phase>
  <study_type>Observational</study_type>
  <study_design>Observational Model: Cohort</study_design>
  <primary_outcome>
    <measure>Analysis of Sleep Pattern via Actigraphy, Polysomnography &amp; Questionnaires</measure>
    <time_frame>7-14 days</time_frame>
    <safety_issue>No</safety_issue>
    <description>The volunteers may be asked to wear a wrist actigraph to measure movement. This watch would be worn for 24 hours per day for 7-14 days. The volunteer may also be asked to fill out questionnaires regarding their sleep patterns. Note: Other methods of assessing sleep patterns may also be used including a portable polysomnogram or a standard, overnight sleep study.</description>
  </primary_outcome>
  <primary_outcome>
    <measure>Evaluation of skin (both in terms of skin aging and skin disease)</measure>
    <time_frame>Only once during the study or at specific time points depending on what other procedures are being performed</time_frame>
    <safety_issue>No</safety_issue>
    <description>The volunteers may have their skin evaluated for skin aging using the SCINEXA tool. Volunteers with psoriasis may have their skin evaluated via PASI and/or PGA assessments. Volunteers may have photographs taken to compare clinical appearance with laboratory and research findings.</description>
  </primary_outcome>
  <secondary_outcome>
    <measure>Sample Analysis (from skin, blood, urine, saliva and hair follicle samples)</measure>
    <time_frame>Only once during the study or at specific time points depending on what other procedures are being performed</time_frame>
    <safety_issue>No</safety_issue>
    <description>Skin, blood, urine, saliva and hair follicle samples may be collected from some volunteers to look at various markers related  to sleep, the circadian rhythm and skin disease.</description>
  </secondary_outcome>
  <secondary_outcome>
    <measure>Skin Barrier Recovery (via TEWL measurement)</measure>
    <time_frame>Only once during the study or at specific time points depending on what other procedures are being performed</time_frame>
    <safety_issue>No</safety_issue>
    <description>Skin barrier recovery via Transepidermal Water Loss (TEWL) measurement may be assessed in some volunteers.</description>
  </secondary_outcome>
  <secondary_outcome>
    <measure>MED Testing &amp; Recovery from UV-induced erythema</measure>
    <time_frame>24 hours</time_frame>
    <safety_issue>No</safety_issue>
    <description>MED Testing &amp; Recovery from UV-induced erythema may be assessed in some volunteers.</description>
  </secondary_outcome>
  <number_of_groups>2</number_of_groups>
  <enrollment type="Anticipated">50</enrollment>
  <condition>Healthy</condition>
  <condition>Psoriasis</condition>
  <condition>Eczema</condition>
  <condition>Acne</condition>
  <arm_group>
    <arm_group_label>Normal, healthy volunteers</arm_group_label>
    <description>Normal, healthy volunteers without any skin pathology will be asked to undergo various procedures to evaluate their sleep and skin health.</description>
  </arm_group>
  <arm_group>
    <arm_group_label>Volunteers with skin pathology</arm_group_label>
    <description>Volunteers with skin pathology including but not limited to eczema, psoriasis, acne, and other inflammatory dermatoses will be asked to undergo various procedures to evaluate their sleep and skin health.</description>
  </arm_group>
  <biospec_retention>Samples Without DNA</biospec_retention>
  <biospec_descr>
    <textblock>
      Skin, blood, urine, saliva and hair follicle samples may be collected from volunteers to
      look at various markers related to sleep, the circadian rhythm and skin disease.
    </textblock>
  </biospec_descr>
  <eligibility>
    <study_pop>
      <textblock>
        Adults from Northeast Ohio who are either healthy, normal volunteers or have skin
        pathology including but not limited to eczema, psoriasis, acne, and other inflammatory
        dermatoses
      </textblock>
    </study_pop>
    <sampling_method>Probability Sample</sampling_method>
    <criteria>
      <textblock>
        Inclusion Criteria:

          -  Males or females ages 18 years and above

          -  Capable of giving informed consent

          -  Adults who are either healthy, normal volunteers or those with a skin disease
             including but not limited to eczema, psoriasis, acne or other inflammatory dermatoses

          -  Fitzpatrick Skin Type I-VI

          -  In good general health

          -  Willing to cooperate with study instructions

        Exclusion Criteria:

          -  Volunteers 18 years or younger

          -  Any serious medical or physical condition that would cause the subject significant
             discomfort with study procedures

          -  Women who are pregnant, nursing, or who may become pregnant in the next 3 months
      </textblock>
    </criteria>
    <gender>Both</gender>
    <minimum_age>18 Years</minimum_age>
    <maximum_age>N/A</maximum_age>
    <healthy_volunteers>Accepts Healthy Volunteers</healthy_volunteers>
  </eligibility>
  <overall_official>
    <last_name>Elma Baron, MD</last_name>
    <role>Principal Investigator</role>
    <affiliation>University Hospital Case Medical Center</affiliation>
  </overall_official>
  <overall_contact>
    <last_name>A'ja Patterson</last_name>
    <phone>216-844-7546</phone>
    <email>aja.patterson@uhhospitals.org</email>
  </overall_contact>
  <overall_contact_backup>
    <last_name>Mary Consolo, BS</last_name>
    <phone>216-844-7546</phone>
    <email>mary.consolo@uhhospitals.org</email>
  </overall_contact_backup>
  <location>
    <facility>
      <name>University Hospitals Case Medical Center</name>
      <address>
        <city>Cleveland</city>
        <state>Ohio</state>
        <zip>44118</zip>
        <country>United States</country>
      </address>
    </facility>
    <status>Recruiting</status>
    <contact>
      <last_name>Mary Consolo, BS</last_name>
      <phone>216-844-7546</phone>
      <email>mary.consolo@uhhospitals.org</email>
    </contact>
  </location>
  <location_countries>
    <country>United States</country>
  </location_countries>
  <reference>
    <citation>Oyetakin-White P, Suggs A, Koo B, Matsui MS, Yarosh D, Cooper KD, Baron ED. Does poor sleep quality affect skin ageing? Clin Exp Dermatol. 2015 Jan;40(1):17-22. doi: 10.1111/ced.12455. Epub 2014 Sep 30.</citation>
    <PMID>25266053</PMID>
  </reference>
  <reference>
    <citation>Rogiers V; EEMCO Group. EEMCO guidance for the assessment of transepidermal water loss in cosmetic sciences. Skin Pharmacol Appl Skin Physiol. 2001 Mar-Apr;14(2):117-28.</citation>
    <PMID>11316970</PMID>
  </reference>
  <reference>
    <citation>Vierkötter A, Ranft U, Krämer U, Sugiri D, Reimann V, Krutmann J. The SCINEXA: a novel, validated score to simultaneously assess and differentiate between intrinsic and extrinsic skin ageing. J Dermatol Sci. 2009 Mar;53(3):207-11. doi: 10.1016/j.jdermsci.2008.10.001. Epub 2008 Dec 6.</citation>
    <PMID>19059763</PMID>
  </reference>
  <verification_date>May 2015</verification_date>
  <lastchanged_date>May 26, 2015</lastchanged_date>
  <firstreceived_date>March 18, 2015</firstreceived_date>
  <responsible_party>
    <responsible_party_type>Principal Investigator</responsible_party_type>
    <investigator_affiliation>University Hospital Case Medical Center</investigator_affiliation>
    <investigator_full_name>Elma D. Baron</investigator_full_name>
    <investigator_title>Principal Investigator</investigator_title>
  </responsible_party>
  <keyword>Sleep</keyword>
  <keyword>Skin</keyword>
  <keyword>Circadian Rhythm</keyword>
  <is_fda_regulated>No</is_fda_regulated>
  <has_expanded_access>No</has_expanded_access>
  <!-- Results have not yet been posted for this study                                -->
</clinical_study>
