<?xml version="1.0" encoding="UTF-8"?>
<clinical_study rank="9">
  <!-- This xml conforms to an XML Schema at:
    https://clinicaltrials.gov/ct2/html/images/info/public.xsd
 and an XML DTD at:
    https://clinicaltrials.gov/ct2/html/images/info/public.dtd -->
  <required_header>
    <download_date>ClinicalTrials.gov processed this data on July 08, 2015</download_date>
    <link_text>Link to the current ClinicalTrials.gov record.</link_text>
    <url>https://clinicaltrials.gov/show/NCT01176955</url>
  </required_header>
  <id_info>
    <org_study_id>8982</org_study_id>
    <nct_id>NCT01176955</nct_id>
  </id_info>
  <brief_title>A Novel Method to Improve Acne Outcomes</brief_title>
  <official_title>A Novel Method for Improving Acne Outcomes</official_title>
  <sponsors>
    <lead_sponsor>
      <agency>Wake Forest School of Medicine</agency>
      <agency_class>Other</agency_class>
    </lead_sponsor>
  </sponsors>
  <source>Wake Forest School of Medicine</source>
  <oversight_info>
    <authority>United States: Institutional Review Board</authority>
    <has_dmc>No</has_dmc>
  </oversight_info>
  <brief_summary>
    <textblock>
      This is an investigator-blinded, prospective study of 20 subjects aged 13 through 18 with
      mild to moderate acne. Study subjects will be randomized to an internet survey group, in
      which an email link for a survey ascertaining the status of the subject's acne is sent
      weekly, or to a control group. All study subjects will use benzoyl peroxide 5% gel, and
      adherence and clinical improvement will be monitored over 12 weeks. The investigators
      hypothesis is that subjects in the internet survey group will have improved adherence to the
      study medication and clinical outcomes, because the weekly survey will remind subjects to
      use their medication.
    </textblock>
  </brief_summary>
  <overall_status>Completed</overall_status>
  <start_date>May 2009</start_date>
  <completion_date type="Actual">August 2010</completion_date>
  <primary_completion_date type="Actual">August 2010</primary_completion_date>
  <phase>N/A</phase>
  <study_type>Interventional</study_type>
  <study_design>Allocation: Randomized, Endpoint Classification: Efficacy Study, Intervention Model: Parallel Assignment, Masking: Single Blind (Investigator), Primary Purpose: Treatment</study_design>
  <primary_outcome>
    <measure>Adherence to Study Medication</measure>
    <time_frame>12 weeks</time_frame>
    <safety_issue>No</safety_issue>
    <description>Adherence will be objectively measured with the Medication Event Monitoring System (MEMS) cap and the percentage of prescribed doses taken will be reported.</description>
  </primary_outcome>
  <secondary_outcome>
    <measure>The Change (Dynamic Assessment) in the Acne Global Assessment From Baseline to End of Study.</measure>
    <time_frame>Baseline to 12 weeks</time_frame>
    <safety_issue>No</safety_issue>
    <description>Acne Global Assessment is measured by a study investigator and is an overall assessment of the subject's acne severity, on a 0 (clear) to 5 (very severe) scale.</description>
  </secondary_outcome>
  <secondary_outcome>
    <measure>The Change (Dynamic Assessment) From Baseline to End of Treatment in Lesion Counts.</measure>
    <time_frame>Baseline to 12 weeks</time_frame>
    <safety_issue>No</safety_issue>
    <description>Both inflammatory (papules, pustules and nodules) and non-inflammatory (open and closed comedones) acne lesions will be counted by a study investigator. Percentage change from baseline to the final study visit will be calculated.</description>
  </secondary_outcome>
  <secondary_outcome>
    <measure>The Measured Adherence by the MEMS Cap in Relation to the Patient Reported Adherence Via the Internet Survey.</measure>
    <time_frame>12 weeks</time_frame>
    <safety_issue>No</safety_issue>
    <description>Study subjects' self-reported adherence (in the intervention group, via the weekly internet survey) will be compared to objectively measured adherence via MEMS caps.</description>
  </secondary_outcome>
  <secondary_outcome>
    <measure>The Measured Adherence by the MEMS Cap in Relation to the Change (Dynamic Assessment) in the Acne Global Assessment.</measure>
    <time_frame>12 weeks</time_frame>
    <safety_issue>No</safety_issue>
    <description>All study subjects' objective adherence will be compared to clinical improvement as measured by the Acne Global Assessment.</description>
  </secondary_outcome>
  <number_of_arms>2</number_of_arms>
  <enrollment type="Actual">20</enrollment>
  <condition>Acne Vulgaris</condition>
  <arm_group>
    <arm_group_label>Internet survey</arm_group_label>
    <arm_group_type>Experimental</arm_group_type>
    <description>Subjects will receive a weekly email link to complete an internet survey about their acne and use of the study medication.</description>
  </arm_group>
  <arm_group>
    <arm_group_label>Control</arm_group_label>
    <arm_group_type>Placebo Comparator</arm_group_type>
    <description>Subjects will receive standard-of-care treatment with the study medication, without internet surveys.</description>
  </arm_group>
  <intervention>
    <intervention_type>Behavioral</intervention_type>
    <intervention_name>Internet survey</intervention_name>
    <description>A weekly email link will be generated to an internet survey which questions subjects about their acne severity, compliance with the study medication, and attitudes toward acne and the study medication.</description>
    <arm_group_label>Internet survey</arm_group_label>
  </intervention>
  <intervention>
    <intervention_type>Drug</intervention_type>
    <intervention_name>Benzoyl peroxide 5% gel</intervention_name>
    <description>Topical benzoyl peroxide 5% gel, to be used once daily to the face.</description>
    <arm_group_label>Internet survey</arm_group_label>
    <arm_group_label>Control</arm_group_label>
  </intervention>
  <eligibility>
    <criteria>
      <textblock>
        Inclusion Criteria:

          -  male or female 13 to 18 years of age with a diagnosis of mild to moderate acne
             vulgaris by a dermatologist.

          -  written consent of participation must be given by parent or guardian and child.

        Exclusion Criteria:

          -  Age less than 13 or greater than 18 years of age.

          -  Known allergy or sensitivity to topical benzoyl peroxide gel in the subject.

          -  Inability to complete all study-related visits.

          -  Introduction of any other prescription medication, topical or systemic, for acne
             vulgaris while participating in the study.

          -  Subjects may not use topical retinoids or other benzoyl peroxide products, including
             Proactiv® or topical prescription medications while enrolled in the study.

          -  Women that are actively trying to become pregnant or wish to become pregnant during
             the time frame the study is to take place will be excluded.

          -  Subjects will be carefully selected for this study and only those deemed appropriate
             for treatment with benzoyl peroxide will be placed on this medication.
      </textblock>
    </criteria>
    <gender>Both</gender>
    <minimum_age>13 Years</minimum_age>
    <maximum_age>18 Years</maximum_age>
    <healthy_volunteers>No</healthy_volunteers>
  </eligibility>
  <overall_official>
    <last_name>Steven R Feldman, MD, PhD</last_name>
    <role>Study Director</role>
    <affiliation>Wake Forest School of Medicine</affiliation>
  </overall_official>
  <location>
    <facility>
      <name>Wake Forest University Health Sciences, Department of Dermatology</name>
      <address>
        <city>Winston-Salem</city>
        <state>North Carolina</state>
        <zip>27157</zip>
        <country>United States</country>
      </address>
    </facility>
  </location>
  <location_countries>
    <country>United States</country>
  </location_countries>
  <verification_date>November 2011</verification_date>
  <lastchanged_date>November 9, 2011</lastchanged_date>
  <firstreceived_date>August 5, 2010</firstreceived_date>
  <firstreceived_results_date>July 1, 2011</firstreceived_results_date>
  <responsible_party>
    <responsible_party_type>Principal Investigator</responsible_party_type>
    <investigator_affiliation>Wake Forest University</investigator_affiliation>
    <investigator_full_name>Steven R. Feldman</investigator_full_name>
    <investigator_title>Professor of Dermatology</investigator_title>
  </responsible_party>
  <keyword>Acne</keyword>
  <keyword>Acne vulgaris</keyword>
  <keyword>Adherence</keyword>
  <keyword>Compliance</keyword>
  <keyword>MEMS</keyword>
  <keyword>Benzoyl peroxide</keyword>
  <is_fda_regulated>Yes</is_fda_regulated>
  <is_section_801>Yes</is_section_801>
  <has_expanded_access>No</has_expanded_access>
  <condition_browse>
    <!-- CAUTION:  The following MeSH terms are assigned with an imperfect algorithm  -->
    <mesh_term>Acne Vulgaris</mesh_term>
  </condition_browse>
  <intervention_browse>
    <!-- CAUTION:  The following MeSH terms are assigned with an imperfect algorithm  -->
    <mesh_term>Benzoyl Peroxide</mesh_term>
  </intervention_browse>
  <!-- Results are available for this study                                           -->
</clinical_study>
