<?xml version="1.0" encoding="UTF-8"?>
<clinical_study rank="165">
  <!-- This xml conforms to an XML Schema at:
    https://clinicaltrials.gov/ct2/html/images/info/public.xsd
 and an XML DTD at:
    https://clinicaltrials.gov/ct2/html/images/info/public.dtd -->
  <required_header>
    <download_date>ClinicalTrials.gov processed this data on July 08, 2015</download_date>
    <link_text>Link to the current ClinicalTrials.gov record.</link_text>
    <url>https://clinicaltrials.gov/show/NCT01657110</url>
  </required_header>
  <id_info>
    <org_study_id>PRJ-006245</org_study_id>
    <nct_id>NCT01657110</nct_id>
  </id_info>
  <brief_title>Pilot Study to Evaluate Tea Tree Oil Gel for Facial Acne</brief_title>
  <official_title>Uncontrolled, Open-label, Phase II Pilot Study to Evaluate the Efficacy, Tolerability and Acceptability of 200mg/g Tea Tree Oil Gel Applied Topically Twice Daily for the Treatment of Mild to Moderate Facial Acne</official_title>
  <sponsors>
    <lead_sponsor>
      <agency>The University of Western Australia</agency>
      <agency_class>Other</agency_class>
    </lead_sponsor>
    <collaborator>
      <agency>Royal Perth Hospital</agency>
      <agency_class>Other</agency_class>
    </collaborator>
    <collaborator>
      <agency>Hollywood Private Hospital</agency>
      <agency_class>Other</agency_class>
    </collaborator>
  </sponsors>
  <source>The University of Western Australia</source>
  <oversight_info>
    <authority>Australia: Human Research Ethics Committee</authority>
    <authority>Australia: Department of Health and Ageing Therapeutic Goods Administration</authority>
    <has_dmc>No</has_dmc>
  </oversight_info>
  <brief_summary>
    <textblock>
      Mild to moderate facial acne is an extremely common disease of teenagers and young adults.
      This pilot study will investigate whether treatment with a gel containing tea tree oil
      reduces numbers of acne lesions and improves acne in twenty otherwise healthy consenting
      participants.  The hypothesis is that treatment with tea tree oil gel will result in a
      significant improvement in acne after 12 weeks of treatment.
    </textblock>
  </brief_summary>
  <detailed_description>
    <textblock>
      Tea tree oil is the essential oil obtained from the Australian plant Melaleuca alternifolia.
      The oil has been used in Australia for many decades as a topically applied antiseptic and
      has been used to treat bites, stings, cuts and grazes. Many studies have shown that tea tree
      oil has both antimicrobial and anti-inflammatory activity in the laboratory. In addition,
      clinical trials have demonstrated that the oil can help in treating conditions such as
      dandruff, tinea, colonisation with methicillin resistant Staphylococcus aureus (MRSA) in the
      nose and acne. Together, these laboratory and clinical studies indicate that tea tree oil
      can potentially be used to treat relatively minor skin infections or diseases.

      This pilot study aims to investigate whether a commercially available gel containing tea
      tree oil is effective for treating mild to moderate facial acne. A minimum of 18
      participants that meet the inclusion and exclusion criteria will be enrolled in the study.
      Participants will be instructed to apply the tea tree oil gel each morning and night for 12
      weeks and their acne will be assessed after 4, 8 and 12 weeks of treatment. Acne severity
      will be measured by (1) counting the numbers of lesions (pimples) on the face and (2)
      assigning an overall acne severity score. The lesion counts and severity scores at 4, 8 and
      12 weeks will be compared to the baseline count to evaluate whether the acne is improving.

      Potential benefits to participants, and of the study, are that their acne may improve as a
      result of treatment and that the results of the study may provide evidence that a
      commercially available product is effective for treating acne. There are many
      over-the-counter topically applied products available for treating acne. Two of the most
      common active ingredients are benzoyl peroxide and salicylic acid. Benzoyl peroxide is an
      antibacterial agent that works by killing the P. acnes bacterium on the skin. Although it is
      relatively effective for treating acne, it can also be quite irritating, especially when
      patients first start to use it. Salicylic acid acts by helping to unblock pores and remove
      excess dead skin thus helping pimples to heal more quickly. However, it is generally not as
      effective as benzoyl peroxide. One previous study has shown that a gel containing 5% tea
      tree oil performed similarly to benzoyl peroxide for reducing pimples, suggesting that it
      warrants further study.

      Since a small percentage of people (approximately 1.4%) are allergic to tea tree oil all
      participants will be monitored for any reactions to the study product. Tea tree oil allergy
      typically manifests as redness and swelling and the site of application. This is one of the
      possible risks to participants, however, given the small numbers of study participants the
      likelihood of one or more participants having a reaction to the oil is low. Another possible
      risk is that participants may not benefit from the treatment and that their acne may not
      improve.
    </textblock>
  </detailed_description>
  <overall_status>Completed</overall_status>
  <start_date>December 2012</start_date>
  <completion_date type="Actual">December 2014</completion_date>
  <primary_completion_date type="Actual">December 2014</primary_completion_date>
  <phase>Phase 2</phase>
  <study_type>Interventional</study_type>
  <study_design>Endpoint Classification: Safety/Efficacy Study, Intervention Model: Single Group Assignment, Masking: Open Label, Primary Purpose: Treatment</study_design>
  <primary_outcome>
    <measure>Lesion numbers</measure>
    <time_frame>12 weeks</time_frame>
    <safety_issue>No</safety_issue>
    <description>Numbers of inflamed and non-inflamed facial lesions will be counted.</description>
  </primary_outcome>
  <primary_outcome>
    <measure>Investigator Global Assessment</measure>
    <time_frame>12 weeks</time_frame>
    <safety_issue>No</safety_issue>
    <description>A 5-point severity scale (0-4) will be used to give an overall acne grade.
0: Clear skin with no lesions
Almost clear; rare lesions
Mild severity; some non-inflammatory lesions with no more than a few inflammatory lesions
Moderate severity; up to many non-inflammatory lesions and may have some inflammatory lesions
Severe; up to many noninflammatory and inflammatory lesions but no more than a few nodular lesions</description>
  </primary_outcome>
  <secondary_outcome>
    <measure>Decreased non-inflammatory lesion count</measure>
    <time_frame>12 weeks</time_frame>
    <safety_issue>No</safety_issue>
    <description>Decrease in numbers of non-inflammatory lesions from baseline</description>
  </secondary_outcome>
  <secondary_outcome>
    <measure>Decreased inflammatory lesion count</measure>
    <time_frame>12 weeks</time_frame>
    <safety_issue>No</safety_issue>
    <description>Decrease in inflammatory lesion count from baseline</description>
  </secondary_outcome>
  <secondary_outcome>
    <measure>Decrease in perceived facial oiliness</measure>
    <time_frame>12 weeks</time_frame>
    <safety_issue>No</safety_issue>
    <description>Decrease in perceived facial oiliness from baseline</description>
  </secondary_outcome>
  <other_outcome>
    <measure>Mean tolerability score</measure>
    <time_frame>12 weeks</time_frame>
    <safety_issue>Yes</safety_issue>
    <description>Mean tolerability will be determined as the average of the following;
Erythema
Scaling
Peeling
Burning
Induration
Dryness
These six parameters will be measured using a 5-point scale (0: None, 1: Minimal, 2: Mild, 3: Moderate, 4: Severe). Mean tolerability will be the average of these scores.</description>
  </other_outcome>
  <other_outcome>
    <measure>The frequency of adverse events</measure>
    <time_frame>12 weeks</time_frame>
    <safety_issue>Yes</safety_issue>
    <description>Any local or systemic adverse events will be recorded including the type of reaction and severity (on a 5-point severity scale where 0 = none and 4 = severe).</description>
  </other_outcome>
  <number_of_arms>1</number_of_arms>
  <enrollment type="Actual">18</enrollment>
  <condition>Acne</condition>
  <arm_group>
    <arm_group_label>Tea tree oil</arm_group_label>
    <arm_group_type>Other</arm_group_type>
    <description>Pea-sized amount of tea tree oil medicated gel (containing 200mg/g tea tree oil) applied to the face twice daily for 12 weeks.</description>
  </arm_group>
  <intervention>
    <intervention_type>Other</intervention_type>
    <intervention_name>Tea tree oil</intervention_name>
    <description>Pea-sized amount of tea tree oil medicated gel (containing 200mg/g tea tree oil) applied to the face twice daily for 12 weeks.</description>
    <arm_group_label>Tea tree oil</arm_group_label>
    <other_name>melaleuca oil</other_name>
    <other_name>Thursday Plantation</other_name>
  </intervention>
  <eligibility>
    <criteria>
      <textblock>
        Inclusion Criteria:

          1. Aged 16 - 45 years

          2. Mild to moderate facial acne with 10 - 100 lesions

          3. Investigator Global Assessment score of at least 2

          4. Able to comply with the requirements of the protocol and attend the outpatients
             clinic at 2, 4, 8 and 12 weeks

          5. Able to provide written informed consent

        Exclusion Criteria:

          1. More than 2 acne nodules

          2. Allergy to tea tree oil or any component of the study drug

          3. Current skin disease (other than acne)

          4. Facial hair that may obscure acne lesions

          5. Use of topical or systemic steroids within the last 2 or 4 weeks, respectively

          6. Use of topical or systemic antibiotics within the last 2 or 4 weeks, respectively

          7. Use of topical acne treatments (eg. benzoyl peroxide, salicylates, retinoids) within
             the last 2 weeks

          8. Use of systemic retinoids within the past 6 months

          9. Procedures on the face such as peels, laser therapy or microdermabrasion within the
             past 4 weeks

         10. Women who are pregnant or breastfeeding

         11. Women of childbearing potential not using a reliable contraceptive method.
             Participants taking oral contraceptives must have been taking their current
             contraceptive for the previous 3 months and must agree to continue with it until
             study completion.

         12. Participation in another clinical trial during the last 12 weeks

         13. Concurrent diseases which exclude the administration of therapy as outlined by the
             study protocol

         14. Serious, uncontrolled disease (including serious psychological disorders) likely to
             interfere with the study and/or likely to cause death within the study duration

         15. Chronic lung disease with hypoxemia

         16. Myocardial infarction during the last 6 months

         17. Non-compensated heart failure

         18. Severe non-compensated hypertension

         19. Severe non-compensated diabetes mellitus

         20. Severe psychiatric disease

         21. Known HIV or active chronic hepatitis B or C infection

         22. Subjects who, in the opinion of the investigator, are not likely to complete the
             study for what ever reason.

         23. Subjects who, in the opinion of the investigator, abuse alcohol or drugs
      </textblock>
    </criteria>
    <gender>Both</gender>
    <minimum_age>16 Years</minimum_age>
    <maximum_age>45 Years</maximum_age>
    <healthy_volunteers>No</healthy_volunteers>
  </eligibility>
  <overall_official>
    <last_name>Prasad Kumarasinghe</last_name>
    <role>Principal Investigator</role>
    <affiliation>Royal Perth Hospital</affiliation>
  </overall_official>
  <location>
    <facility>
      <name>Royal Perth Hospital</name>
      <address>
        <city>Perth</city>
        <state>Western Australia</state>
        <country>Australia</country>
      </address>
    </facility>
  </location>
  <location>
    <facility>
      <name>Hollywood Private Hospital</name>
      <address>
        <city>Perth</city>
        <country>Australia</country>
      </address>
    </facility>
  </location>
  <location_countries>
    <country>Australia</country>
  </location_countries>
  <reference>
    <citation>Carson CF, Hammer KA, Riley TV. Melaleuca alternifolia (Tea Tree) oil: a review of antimicrobial and other medicinal properties. Clin Microbiol Rev. 2006 Jan;19(1):50-62. Review.</citation>
    <PMID>16418522</PMID>
  </reference>
  <verification_date>January 2015</verification_date>
  <lastchanged_date>January 27, 2015</lastchanged_date>
  <firstreceived_date>August 1, 2012</firstreceived_date>
  <responsible_party>
    <responsible_party_type>Principal Investigator</responsible_party_type>
    <investigator_affiliation>The University of Western Australia</investigator_affiliation>
    <investigator_full_name>Katherine Hammer</investigator_full_name>
    <investigator_title>Research Assistant Professor</investigator_title>
  </responsible_party>
  <keyword>acne</keyword>
  <keyword>inflamed lesions</keyword>
  <keyword>non-inflamed lesions</keyword>
  <keyword>complementary medicine</keyword>
  <keyword>essential oil</keyword>
  <is_fda_regulated>No</is_fda_regulated>
  <has_expanded_access>No</has_expanded_access>
  <intervention_browse>
    <!-- CAUTION:  The following MeSH terms are assigned with an imperfect algorithm  -->
    <mesh_term>Tea Tree Oil</mesh_term>
  </intervention_browse>
  <!-- Results have not yet been posted for this study                                -->
</clinical_study>
