<?xml version="1.0" encoding="UTF-8"?>
<clinical_study rank="297">
  <!-- This xml conforms to an XML Schema at:
    https://clinicaltrials.gov/ct2/html/images/info/public.xsd
 and an XML DTD at:
    https://clinicaltrials.gov/ct2/html/images/info/public.dtd -->
  <required_header>
    <download_date>ClinicalTrials.gov processed this data on July 08, 2015</download_date>
    <link_text>Link to the current ClinicalTrials.gov record.</link_text>
    <url>https://clinicaltrials.gov/show/NCT00663286</url>
  </required_header>
  <id_info>
    <org_study_id>DPSI-06-22-2006-017</org_study_id>
    <nct_id>NCT00663286</nct_id>
  </id_info>
  <brief_title>A Clinical Trial Evaluating the Safety and Efficacy of IDP-110 in Patients With Acne Vulgaris</brief_title>
  <sponsors>
    <lead_sponsor>
      <agency>Dow Pharmaceutical Sciences</agency>
      <agency_class>Industry</agency_class>
    </lead_sponsor>
  </sponsors>
  <source>Dow Pharmaceutical Sciences</source>
  <oversight_info>
    <authority>United States: Food and Drug Administration</authority>
  </oversight_info>
  <brief_summary>
    <textblock>
      The purpose of this study is to assess the effectiveness of IDP-110 in treating patients
      with acne vulgaris.
    </textblock>
  </brief_summary>
  <overall_status>Completed</overall_status>
  <start_date>October 2006</start_date>
  <primary_completion_date type="Actual">August 2007</primary_completion_date>
  <phase>Phase 3</phase>
  <study_type>Interventional</study_type>
  <study_design>Allocation: Randomized, Endpoint Classification: Safety/Efficacy Study, Intervention Model: Parallel Assignment, Masking: Double Blind (Subject, Investigator), Primary Purpose: Treatment</study_design>
  <primary_outcome>
    <measure>Change from baseline in number of lesions</measure>
    <time_frame>12 weeks</time_frame>
    <safety_issue>No</safety_issue>
  </primary_outcome>
  <secondary_outcome>
    <measure>Change from baseline in global severity</measure>
    <time_frame>12 weeks</time_frame>
    <safety_issue>No</safety_issue>
  </secondary_outcome>
  <number_of_arms>4</number_of_arms>
  <enrollment type="Actual">1399</enrollment>
  <condition>Acne Vulgaris</condition>
  <arm_group>
    <arm_group_label>1</arm_group_label>
    <arm_group_type>Experimental</arm_group_type>
  </arm_group>
  <arm_group>
    <arm_group_label>2</arm_group_label>
    <arm_group_type>Active Comparator</arm_group_type>
  </arm_group>
  <arm_group>
    <arm_group_label>3</arm_group_label>
    <arm_group_type>Active Comparator</arm_group_type>
  </arm_group>
  <arm_group>
    <arm_group_label>4</arm_group_label>
    <arm_group_type>Placebo Comparator</arm_group_type>
  </arm_group>
  <intervention>
    <intervention_type>Drug</intervention_type>
    <intervention_name>IDP-110</intervention_name>
    <description>Topical application for 12 weeks</description>
    <arm_group_label>1</arm_group_label>
  </intervention>
  <intervention>
    <intervention_type>Drug</intervention_type>
    <intervention_name>Clindamycin</intervention_name>
    <description>Topical application for 12 weeks</description>
    <arm_group_label>2</arm_group_label>
  </intervention>
  <intervention>
    <intervention_type>Drug</intervention_type>
    <intervention_name>Benzoyl peroxide</intervention_name>
    <description>Topical application for 12 weeks</description>
    <arm_group_label>3</arm_group_label>
  </intervention>
  <intervention>
    <intervention_type>Drug</intervention_type>
    <intervention_name>Vehicle</intervention_name>
    <description>Topical application for 12 weeks</description>
    <arm_group_label>4</arm_group_label>
  </intervention>
  <eligibility>
    <criteria>
      <textblock>
        Inclusion Criteria:

          -  Presence of inflammatory and non-inflammatory lesions

        Exclusion Criteria:

          -  Dermatological conditions of the face other than acne that could interfere with
             clinical evaluations

          -  Female subjects who are pregnant, nursing, planning a pregnancy, or become pregnant
             during the study
      </textblock>
    </criteria>
    <gender>Both</gender>
    <minimum_age>12 Years</minimum_age>
    <maximum_age>70 Years</maximum_age>
    <healthy_volunteers>No</healthy_volunteers>
  </eligibility>
  <location>
    <facility>
      <name>Burke Pharmaceutical Research</name>
      <address>
        <city>Hot Springs</city>
        <state>Arkansas</state>
        <zip>71913</zip>
        <country>United States</country>
      </address>
    </facility>
  </location>
  <location>
    <facility>
      <name>The Savin Center, PC</name>
      <address>
        <city>New Haven</city>
        <state>Connecticut</state>
        <zip>06511</zip>
        <country>United States</country>
      </address>
    </facility>
  </location>
  <location>
    <facility>
      <name>Webster Dermatology, PA</name>
      <address>
        <city>Hockessin</city>
        <state>Delaware</state>
        <zip>19707</zip>
        <country>United States</country>
      </address>
    </facility>
  </location>
  <location>
    <facility>
      <name>Skin Care Research, Inc.</name>
      <address>
        <city>Boca Raton</city>
        <state>Florida</state>
        <zip>33486</zip>
        <country>United States</country>
      </address>
    </facility>
  </location>
  <location>
    <facility>
      <name>Advanced Dermatology and Cosmetic Surgery</name>
      <address>
        <city>Clermont</city>
        <state>Florida</state>
        <zip>34711</zip>
        <country>United States</country>
      </address>
    </facility>
  </location>
  <location>
    <facility>
      <name>North Florida Dermatology Associates, PA</name>
      <address>
        <city>Jacksonville</city>
        <state>Florida</state>
        <zip>32204</zip>
        <country>United States</country>
      </address>
    </facility>
  </location>
  <location>
    <facility>
      <name>Advanced Dermatology and Cosmetic Surgery</name>
      <address>
        <city>Ormond Beach</city>
        <state>Florida</state>
        <zip>32174</zip>
        <country>United States</country>
      </address>
    </facility>
  </location>
  <location>
    <facility>
      <name>Dermatology Research</name>
      <address>
        <city>Pinellas Park</city>
        <state>Florida</state>
        <zip>33781</zip>
        <country>United States</country>
      </address>
    </facility>
  </location>
  <location>
    <facility>
      <name>Florida Dermatology Institute</name>
      <address>
        <city>West Palm Beach</city>
        <state>Florida</state>
        <zip>33401</zip>
        <country>United States</country>
      </address>
    </facility>
  </location>
  <location>
    <facility>
      <name>Derm Center of Augusta</name>
      <address>
        <city>Augusta</city>
        <state>Georgia</state>
        <zip>30904</zip>
        <country>United States</country>
      </address>
    </facility>
  </location>
  <location>
    <facility>
      <name>MedaPhase Inc.</name>
      <address>
        <city>Newnan</city>
        <state>Georgia</state>
        <zip>30263</zip>
        <country>United States</country>
      </address>
    </facility>
  </location>
  <location>
    <facility>
      <name>Gwinnett Clinical Research Center, Inc.</name>
      <address>
        <city>Snellville</city>
        <state>Georgia</state>
        <zip>30078</zip>
        <country>United States</country>
      </address>
    </facility>
  </location>
  <location>
    <facility>
      <name>DuPage Medical Group</name>
      <address>
        <city>Naperville</city>
        <state>Illinois</state>
        <zip>60563</zip>
        <country>United States</country>
      </address>
    </facility>
  </location>
  <location>
    <facility>
      <name>Hudson Dermatology</name>
      <address>
        <city>Evansville</city>
        <state>Indiana</state>
        <zip>47714</zip>
        <country>United States</country>
      </address>
    </facility>
  </location>
  <location>
    <facility>
      <name>South Bend Clinic</name>
      <address>
        <city>South Bend</city>
        <state>Indiana</state>
        <zip>46617</zip>
        <country>United States</country>
      </address>
    </facility>
  </location>
  <location>
    <facility>
      <name>Dermatology Specialists Research</name>
      <address>
        <city>Louisville</city>
        <state>Kentucky</state>
        <zip>40202</zip>
        <country>United States</country>
      </address>
    </facility>
  </location>
  <location>
    <facility>
      <name>Michigan Center for Research Corp.</name>
      <address>
        <city>Clinton Township</city>
        <state>Michigan</state>
        <zip>48038</zip>
        <country>United States</country>
      </address>
    </facility>
  </location>
  <location>
    <facility>
      <name>Minnesota Clinical Study Center</name>
      <address>
        <city>Fridley</city>
        <state>Minnesota</state>
        <zip>55432</zip>
        <country>United States</country>
      </address>
    </facility>
  </location>
  <location>
    <facility>
      <name>Atlantic Dermatologic Associates, LLP</name>
      <address>
        <city>Brooklyn</city>
        <state>New York</state>
        <zip>11234</zip>
        <country>United States</country>
      </address>
    </facility>
  </location>
  <location>
    <facility>
      <name>SUNY Downstate Medical Center</name>
      <address>
        <city>Brooklyn</city>
        <state>New York</state>
        <zip>11203</zip>
        <country>United States</country>
      </address>
    </facility>
  </location>
  <location>
    <facility>
      <name>Office of Fran E. Cook-Bolden, MD</name>
      <address>
        <city>New York</city>
        <state>New York</state>
        <zip>10021</zip>
        <country>United States</country>
      </address>
    </facility>
  </location>
  <location>
    <facility>
      <name>Dermatology Associates of Rochester</name>
      <address>
        <city>Rochester</city>
        <state>New York</state>
        <zip>14623</zip>
        <country>United States</country>
      </address>
    </facility>
  </location>
  <location>
    <facility>
      <name>Helendale Dermatology and Medical Spa</name>
      <address>
        <city>Rochester</city>
        <state>New York</state>
        <zip>14609</zip>
        <country>United States</country>
      </address>
    </facility>
  </location>
  <location>
    <facility>
      <name>DermResearch Center of New York</name>
      <address>
        <city>Stony Brook</city>
        <state>New York</state>
        <zip>11790</zip>
        <country>United States</country>
      </address>
    </facility>
  </location>
  <location>
    <facility>
      <name>Central Sooner Research</name>
      <address>
        <city>Norman</city>
        <state>Oklahoma</state>
        <zip>73069</zip>
        <country>United States</country>
      </address>
    </facility>
  </location>
  <location>
    <facility>
      <name>Milton S. Hershey Medical Center</name>
      <address>
        <city>Hershey</city>
        <state>Pennsylvania</state>
        <zip>17033</zip>
        <country>United States</country>
      </address>
    </facility>
  </location>
  <location>
    <facility>
      <name>DermResearch, Inc.</name>
      <address>
        <city>Austin</city>
        <state>Texas</state>
        <zip>78759</zip>
        <country>United States</country>
      </address>
    </facility>
  </location>
  <location>
    <facility>
      <name>J &amp; S Studies, Inc.</name>
      <address>
        <city>Bryan</city>
        <state>Texas</state>
        <zip>77802</zip>
        <country>United States</country>
      </address>
    </facility>
  </location>
  <location>
    <facility>
      <name>Thomas J. Stephens &amp; Associates</name>
      <address>
        <city>Carrollton</city>
        <state>Texas</state>
        <zip>75006</zip>
        <country>United States</country>
      </address>
    </facility>
  </location>
  <location>
    <facility>
      <name>Dallas Associated Dermatologists</name>
      <address>
        <city>Dallas</city>
        <state>Texas</state>
        <zip>75246</zip>
        <country>United States</country>
      </address>
    </facility>
  </location>
  <location>
    <facility>
      <name>Education &amp; Research Foundation</name>
      <address>
        <city>Lynchburg</city>
        <state>Virginia</state>
        <zip>24501</zip>
        <country>United States</country>
      </address>
    </facility>
  </location>
  <location>
    <facility>
      <name>Virginia Clinical Research, Inc</name>
      <address>
        <city>Norfolk</city>
        <state>Virginia</state>
        <zip>23507</zip>
        <country>United States</country>
      </address>
    </facility>
  </location>
  <location>
    <facility>
      <name>Madison Skin &amp; Research, Inc.</name>
      <address>
        <city>Madison</city>
        <state>Wisconsin</state>
        <zip>53719</zip>
        <country>United States</country>
      </address>
    </facility>
  </location>
  <location_countries>
    <country>United States</country>
  </location_countries>
  <verification_date>April 2008</verification_date>
  <lastchanged_date>April 18, 2008</lastchanged_date>
  <firstreceived_date>April 15, 2008</firstreceived_date>
  <responsible_party>
    <name_title>Barry M. Calvarese, MS / Vice President, Regulatory &amp; Clinical Affairs</name_title>
    <organization>Dow Pharmaceutical Sciences, Inc.</organization>
  </responsible_party>
  <is_fda_regulated>Yes</is_fda_regulated>
  <is_section_801>Yes</is_section_801>
  <has_expanded_access>No</has_expanded_access>
  <condition_browse>
    <!-- CAUTION:  The following MeSH terms are assigned with an imperfect algorithm  -->
    <mesh_term>Acne Vulgaris</mesh_term>
  </condition_browse>
  <intervention_browse>
    <!-- CAUTION:  The following MeSH terms are assigned with an imperfect algorithm  -->
    <mesh_term>Benzoyl Peroxide</mesh_term>
  </intervention_browse>
  <!-- Results have not yet been posted for this study                                -->
</clinical_study>
