<?xml version="1.0" encoding="UTF-8"?>
<clinical_study rank="232">
  <!-- This xml conforms to an XML Schema at:
    https://clinicaltrials.gov/ct2/html/images/info/public.xsd
 and an XML DTD at:
    https://clinicaltrials.gov/ct2/html/images/info/public.dtd -->
  <required_header>
    <download_date>ClinicalTrials.gov processed this data on July 08, 2015</download_date>
    <link_text>Link to the current ClinicalTrials.gov record.</link_text>
    <url>https://clinicaltrials.gov/show/NCT02066545</url>
  </required_header>
  <id_info>
    <org_study_id>CLS001-CO-PR-003</org_study_id>
    <nct_id>NCT02066545</nct_id>
  </id_info>
  <brief_title>Safety and Efficacy Study of CLS001Topical Gel Compared to Vehicle in Subjects With Inflammatory Acne Vulgaris</brief_title>
  <official_title>A Phase 2, Randomized, Vehicle-Controlled, Double-Blind, Multicenter Study to Evaluate the Safety and Efficacy of Three Once-Daily CLS001 Topical Gels Versus Vehicle Administered for 12 Weeks to Subjects With Acne Vulgaris</official_title>
  <sponsors>
    <lead_sponsor>
      <agency>Cutanea Life Sciences, Inc.</agency>
      <agency_class>Industry</agency_class>
    </lead_sponsor>
  </sponsors>
  <source>Cutanea Life Sciences, Inc.</source>
  <oversight_info>
    <authority>United States: Food and Drug Administration</authority>
  </oversight_info>
  <brief_summary>
    <textblock>
      The primary objective of this study is to evaluate the safety and efficacy of once-daily
      topical application of CLS001 1%, 1.75% and 2.5% topical gel compared to vehicle topical gel
      in subjects with inflammatory acne vulgaris
    </textblock>
  </brief_summary>
  <overall_status>Completed</overall_status>
  <start_date>April 2014</start_date>
  <primary_completion_date type="Actual">November 2014</primary_completion_date>
  <phase>Phase 2</phase>
  <study_type>Interventional</study_type>
  <study_design>Allocation: Randomized, Endpoint Classification: Safety/Efficacy Study, Intervention Model: Parallel Assignment, Masking: Double Blind (Subject, Investigator), Primary Purpose: Treatment</study_design>
  <primary_outcome>
    <measure>Change in inflammatory lesion count from Baseline</measure>
    <time_frame>6, 9 and 12 weeks</time_frame>
    <safety_issue>No</safety_issue>
  </primary_outcome>
  <secondary_outcome>
    <measure>Percent change from baseline at each visit in inflammatory lesions, non-inflammatory lesions and total lesions</measure>
    <time_frame>1, 3, 6, 9 and 12 weeks</time_frame>
    <safety_issue>No</safety_issue>
  </secondary_outcome>
  <secondary_outcome>
    <measure>Absolute change from Baseline at each visit in inflammatory lesions, no-inflammatory lesions, and total lesions</measure>
    <time_frame>1, 3, 6, 9 and 12 weeks</time_frame>
    <safety_issue>No</safety_issue>
  </secondary_outcome>
  <secondary_outcome>
    <measure>Percentage of subjects with an Investigator's Global Assessment (IGA) of clear or almost clear (0 or 1) at each visit</measure>
    <time_frame>1, 3, 6, 9, and 12 weeks</time_frame>
    <safety_issue>No</safety_issue>
  </secondary_outcome>
  <secondary_outcome>
    <measure>Percentage of subjects with a 2 grade reduction in the IGA at each visit</measure>
    <time_frame>1, 3, 6, 9, and 12 weeks</time_frame>
    <safety_issue>No</safety_issue>
  </secondary_outcome>
  <number_of_arms>4</number_of_arms>
  <enrollment type="Actual">327</enrollment>
  <condition>Acne Vulgaris</condition>
  <arm_group>
    <arm_group_label>Vehicle Gel</arm_group_label>
    <arm_group_type>Placebo Comparator</arm_group_type>
  </arm_group>
  <arm_group>
    <arm_group_label>CLS001 topical gel 1%</arm_group_label>
    <arm_group_type>Experimental</arm_group_type>
    <description>Topical application once daily</description>
  </arm_group>
  <arm_group>
    <arm_group_label>CLS001 topical gel 1.75%</arm_group_label>
    <arm_group_type>Experimental</arm_group_type>
    <description>Topical application once daily</description>
  </arm_group>
  <arm_group>
    <arm_group_label>CLS001 topical gel 2.5%</arm_group_label>
    <arm_group_type>Experimental</arm_group_type>
    <description>Topical application once daily</description>
  </arm_group>
  <intervention>
    <intervention_type>Drug</intervention_type>
    <intervention_name>CLS001 Topical Gel</intervention_name>
    <arm_group_label>CLS001 topical gel 1%</arm_group_label>
    <arm_group_label>CLS001 topical gel 1.75%</arm_group_label>
    <arm_group_label>CLS001 topical gel 2.5%</arm_group_label>
  </intervention>
  <eligibility>
    <criteria>
      <textblock>
        Inclusion Criteria:

          -  Male or non-pregnant female subjects with facial acne vulgaris, 12 years of age or
             older.

          -  Subjects with ≥20 inflammatory facial lesions (papules, pustules) inclusive of the
             nose, with a maximum of 9 inflammatory pustules.

          -  An Investigator's Global Assessment (IGA) of Moderate (3) or Severe (4)

        Exclusion Criteria:

          -  Subjects with acne conglobate, acne fulminans, and secondary acne (chloracne,
             drug-induced acne, polycystic ovarian syndrome, etc.)

          -  Subjects with greater that 75 facial non-inflammatory lesions (open and/or closed
             comedones; excluding the nose)

          -  Subjects with more than 2 facial nodulocystic lesions
      </textblock>
    </criteria>
    <gender>Both</gender>
    <minimum_age>12 Years</minimum_age>
    <maximum_age>N/A</maximum_age>
    <healthy_volunteers>No</healthy_volunteers>
  </eligibility>
  <location>
    <facility>
      <name>Encino Research Center</name>
      <address>
        <city>Encino</city>
        <state>California</state>
        <zip>91436</zip>
        <country>United States</country>
      </address>
    </facility>
  </location>
  <location>
    <facility>
      <name>Skin Surgery Medical Group, Inc.</name>
      <address>
        <city>San Diego</city>
        <state>California</state>
        <zip>92117</zip>
        <country>United States</country>
      </address>
    </facility>
  </location>
  <location>
    <facility>
      <name>Clinical Science Institute</name>
      <address>
        <city>Santa Monica</city>
        <state>California</state>
        <zip>90404</zip>
        <country>United States</country>
      </address>
    </facility>
  </location>
  <location>
    <facility>
      <name>Skin Care Research, Inc.</name>
      <address>
        <city>Boca Raton</city>
        <state>Florida</state>
        <zip>33486</zip>
        <country>United States</country>
      </address>
    </facility>
  </location>
  <location>
    <facility>
      <name>Belleair Research Center</name>
      <address>
        <city>Pinellas Park</city>
        <state>Florida</state>
        <zip>33781</zip>
        <country>United States</country>
      </address>
    </facility>
  </location>
  <location>
    <facility>
      <name>Moore Clinical Research, Inc.</name>
      <address>
        <city>Tampa</city>
        <state>Florida</state>
        <zip>33609</zip>
        <country>United States</country>
      </address>
    </facility>
  </location>
  <location>
    <facility>
      <name>Kenneth R. Beer, MD, PA</name>
      <address>
        <city>West Palm Beach</city>
        <state>Florida</state>
        <zip>33401</zip>
        <country>United States</country>
      </address>
    </facility>
  </location>
  <location>
    <facility>
      <name>MedaPhase, Inc.</name>
      <address>
        <city>Newnan</city>
        <state>Georgia</state>
        <zip>30263</zip>
        <country>United States</country>
      </address>
    </facility>
  </location>
  <location>
    <facility>
      <name>Hamzavi Dermatology</name>
      <address>
        <city>Fort Gratiot</city>
        <state>Michigan</state>
        <zip>48059</zip>
        <country>United States</country>
      </address>
    </facility>
  </location>
  <location>
    <facility>
      <name>Minnesota Clinical Study Center</name>
      <address>
        <city>Fridley</city>
        <state>Minnesota</state>
        <zip>55432</zip>
        <country>United States</country>
      </address>
    </facility>
  </location>
  <location>
    <facility>
      <name>Academic Dermatology Associates</name>
      <address>
        <city>Albuquerque</city>
        <state>New Mexico</state>
        <zip>87106</zip>
        <country>United States</country>
      </address>
    </facility>
  </location>
  <location>
    <facility>
      <name>Manhattan Dermatology &amp; Cosmetic Center</name>
      <address>
        <city>New York</city>
        <state>New York</state>
        <zip>10017</zip>
        <country>United States</country>
      </address>
    </facility>
  </location>
  <location>
    <facility>
      <name>Derm Research Center of New York, Inc.</name>
      <address>
        <city>Stony Brook</city>
        <state>New York</state>
        <zip>11790</zip>
        <country>United States</country>
      </address>
    </facility>
  </location>
  <location>
    <facility>
      <name>Dermatology Consulting Services</name>
      <address>
        <city>High Point</city>
        <state>North Carolina</state>
        <zip>27262</zip>
        <country>United States</country>
      </address>
    </facility>
  </location>
  <location>
    <facility>
      <name>Wake Research Associates</name>
      <address>
        <city>Raleigh</city>
        <state>North Carolina</state>
        <zip>27612</zip>
        <country>United States</country>
      </address>
    </facility>
  </location>
  <location>
    <facility>
      <name>Tennessee Clinical Research Center</name>
      <address>
        <city>Nashville</city>
        <state>Tennessee</state>
        <zip>37215</zip>
        <country>United States</country>
      </address>
    </facility>
  </location>
  <location>
    <facility>
      <name>Premier Research</name>
      <address>
        <city>Austin</city>
        <state>Texas</state>
        <zip>78705</zip>
        <country>United States</country>
      </address>
    </facility>
  </location>
  <location>
    <facility>
      <name>J &amp; S Studies, Inc.</name>
      <address>
        <city>College Station</city>
        <state>Texas</state>
        <zip>77845</zip>
        <country>United States</country>
      </address>
    </facility>
  </location>
  <location>
    <facility>
      <name>Progressive Clinical Research, PA</name>
      <address>
        <city>San Antonio</city>
        <state>Texas</state>
        <zip>78229</zip>
        <country>United States</country>
      </address>
    </facility>
  </location>
  <location>
    <facility>
      <name>Premier Clinical Research</name>
      <address>
        <city>Spokane</city>
        <state>Washington</state>
        <zip>99204</zip>
        <country>United States</country>
      </address>
    </facility>
  </location>
  <location_countries>
    <country>United States</country>
  </location_countries>
  <verification_date>January 2015</verification_date>
  <lastchanged_date>January 5, 2015</lastchanged_date>
  <firstreceived_date>February 18, 2014</firstreceived_date>
  <responsible_party>
    <responsible_party_type>Sponsor</responsible_party_type>
  </responsible_party>
  <is_fda_regulated>Yes</is_fda_regulated>
  <is_section_801>Yes</is_section_801>
  <has_expanded_access>No</has_expanded_access>
  <condition_browse>
    <!-- CAUTION:  The following MeSH terms are assigned with an imperfect algorithm  -->
    <mesh_term>Acne Vulgaris</mesh_term>
  </condition_browse>
  <!-- Results have not yet been posted for this study                                -->
</clinical_study>
