<?xml version="1.0" encoding="UTF-8"?>
<clinical_study rank="273">
  <!-- This xml conforms to an XML Schema at:
    https://clinicaltrials.gov/ct2/html/images/info/public.xsd
 and an XML DTD at:
    https://clinicaltrials.gov/ct2/html/images/info/public.dtd -->
  <required_header>
    <download_date>ClinicalTrials.gov processed this data on July 08, 2015</download_date>
    <link_text>Link to the current ClinicalTrials.gov record.</link_text>
    <url>https://clinicaltrials.gov/show/NCT00129428</url>
  </required_header>
  <id_info>
    <org_study_id>Derm 447</org_study_id>
    <nct_id>NCT00129428</nct_id>
  </id_info>
  <brief_title>Ultraviolet B (UVB) Light Therapy in the Treatment of Skin Conditions With Altered Dermal Matrix</brief_title>
  <official_title>The Effectiveness of UVB Irradiation in the Treatment of Skin Conditions With Altered Dermal Matrix: An Open Pilot Study</official_title>
  <sponsors>
    <lead_sponsor>
      <agency>University of Michigan</agency>
      <agency_class>Other</agency_class>
    </lead_sponsor>
  </sponsors>
  <source>University of Michigan</source>
  <oversight_info>
    <authority>United States: Institutional Review Board</authority>
    <has_dmc>No</has_dmc>
  </oversight_info>
  <brief_summary>
    <textblock>
      This research study will evaluate the effectiveness of  high dose UVB light therapy in the
      treatment of keloid (or hypertrophic scar), scleroderma, acne keloidalis nuchae, old burn
      scars, granuloma annulare or related conditions.
    </textblock>
  </brief_summary>
  <detailed_description>
    <textblock>
      Keloid, scleroderma, acne keloidalis nuchae, and burn scars are all characterized by
      collagenous thickening of the skin resulting in superficial and deep cutaneous sclerosis.
      Treatments for these disabling conditions are inadequate at present.  Recently, in
      non-controlled studies, UVA1 was shown to induce improvement in patients with scleroderma,
      granuloma annulare and urticaria pigmentosa.

      However, UVA1 is unable to penetrate pigmented skin at an effective level to activate matrix
      metalloproteinases (MMPs). The investigators' preliminary data show that high dose UVB (160
      mJ/cm2) will penetrate pigmented skin and activate the cellular pathways necessary to
      stimulate MMPs.  They postulate, therefore, that in pigmented skin, higher than usual UVB
      doses can improve these fibrosing skin conditions safely through collagenase-mediated
      removal of excess dermal collagen via activation of MMP pathways.

      The purpose of this research project is to study the effectiveness of high dose UVB
      (290-320nm at up to 320mJ/cm2) irradiation for the treatment of skin conditions with altered
      dermal matrix in patients with increased skin pigmentation. These disorders include but are
      not limited to keloid (or hypertrophic scar), scleroderma, acne keloidalis nuchae, old burn
      scars, and granuloma annulare. Up to fifty patients with one of these diagnoses or related
      conditions will receive UVB irradiation up to 5 times per week, for 16 weeks.
    </textblock>
  </detailed_description>
  <overall_status>Completed</overall_status>
  <start_date>August 2002</start_date>
  <completion_date type="Actual">January 2009</completion_date>
  <primary_completion_date type="Actual">January 2009</primary_completion_date>
  <phase>Phase 1/Phase 2</phase>
  <study_type>Interventional</study_type>
  <study_design>Endpoint Classification: Safety/Efficacy Study, Intervention Model: Single Group Assignment, Masking: Open Label, Primary Purpose: Prevention</study_design>
  <primary_outcome>
    <measure>Improvement in appearance of keloids (hypertrophic scars), scleroderma, acne keloidalis nuchae,old burn scars, granuloma annulare, and related conditions with altered dermal matrix</measure>
    <time_frame>Subjects will be evaluated at weeks 1, 2, 4, and    then at monthly intervals until the end of the study.</time_frame>
    <safety_issue>No</safety_issue>
  </primary_outcome>
  <secondary_outcome>
    <measure>Assays to be performed on biopsy specimens may include any or all of the following assays: in situ hybridization, immunohistologic analysis, in situ zymography, radioimmunoassay, and Western blot analysis</measure>
    <time_frame>Assays will be performed after specimen collection</time_frame>
    <safety_issue>No</safety_issue>
  </secondary_outcome>
  <secondary_outcome>
    <measure>Photographs will also be taken.</measure>
    <time_frame>At baseline and at end of the study.</time_frame>
    <safety_issue>No</safety_issue>
  </secondary_outcome>
  <number_of_arms>1</number_of_arms>
  <enrollment type="Actual">33</enrollment>
  <condition>Keloid</condition>
  <condition>Scleroderma, Localized</condition>
  <condition>Acne Keloidalis</condition>
  <condition>Scars</condition>
  <condition>Granuloma Annulare</condition>
  <arm_group>
    <arm_group_label>UVB Irradiation</arm_group_label>
    <arm_group_type>Experimental</arm_group_type>
    <description>A dose of up to 320 mJ/cm2 from a UVB irradiation device will be administered at maximum 5 times per week for 16 weeks.</description>
  </arm_group>
  <intervention>
    <intervention_type>Procedure</intervention_type>
    <intervention_name>UVB Irradiation</intervention_name>
    <description>A dose of up to 320 mJ/cm2 from a UVB irradiation device will be administered at maximum 5 times per week for 16 weeks.</description>
    <arm_group_label>UVB Irradiation</arm_group_label>
  </intervention>
  <eligibility>
    <criteria>
      <textblock>
        Inclusion Criteria:

          -  In good general health and between 10-80 years of age.

          -  Willing and able to receive UVB, as directed in the protocol; make evaluation visits;
             follow protocol restrictions; and sign a written, witnessed, informed consent form.

          -  Have a clinical diagnosis of keloid, scleroderma, old burn scars, granuloma annulare,
             or acne keloidalis nuchae.

          -  No disease states or physical conditions that would impair evaluation of the test
             site

          -  Must live within a reasonable driving distance of Ann Arbor, Michigan, and/or be able
             to attend all of the scheduled appointments during the study.

        Exclusion Criteria:

          -  Have a history of photosensitivity (development of hives or bumps with exposure to
             light) or experience hypersensitivity in a UVB photo-provocation test.

          -  Have participated in another investigational study in the past 4 weeks, taken oral
             therapy for skin condition, or on photosensitizing medications.

          -  Pregnant, nursing, or planning to become pregnant during the study.
      </textblock>
    </criteria>
    <gender>Both</gender>
    <minimum_age>10 Years</minimum_age>
    <maximum_age>80 Years</maximum_age>
    <healthy_volunteers>No</healthy_volunteers>
  </eligibility>
  <overall_official>
    <last_name>John J Voorhees, MD</last_name>
    <role>Study Chair</role>
    <affiliation>University of Michigan</affiliation>
  </overall_official>
  <location>
    <facility>
      <name>University of Michigan Department of Dermatology</name>
      <address>
        <city>Ann Arbor</city>
        <state>Michigan</state>
        <zip>48109</zip>
        <country>United States</country>
      </address>
    </facility>
  </location>
  <location_countries>
    <country>United States</country>
  </location_countries>
  <verification_date>April 2015</verification_date>
  <lastchanged_date>April 30, 2015</lastchanged_date>
  <firstreceived_date>August 9, 2005</firstreceived_date>
  <responsible_party>
    <responsible_party_type>Principal Investigator</responsible_party_type>
    <investigator_affiliation>University of Michigan</investigator_affiliation>
    <investigator_full_name>Michael Goldfarb</investigator_full_name>
    <investigator_title>Clinical Lecturer in Dermatology, Medical School Department</investigator_title>
  </responsible_party>
  <keyword>UVB</keyword>
  <keyword>keloid</keyword>
  <keyword>scleroderma</keyword>
  <keyword>acne keloidalis nuchae</keyword>
  <keyword>scars</keyword>
  <keyword>granuloma annulare</keyword>
  <is_fda_regulated>No</is_fda_regulated>
  <has_expanded_access>No</has_expanded_access>
  <condition_browse>
    <!-- CAUTION:  The following MeSH terms are assigned with an imperfect algorithm  -->
    <mesh_term>Acne Keloid</mesh_term>
    <mesh_term>Granuloma</mesh_term>
    <mesh_term>Granuloma Annulare</mesh_term>
    <mesh_term>Scleroderma, Diffuse</mesh_term>
    <mesh_term>Scleroderma, Localized</mesh_term>
    <mesh_term>Scleroderma, Systemic</mesh_term>
    <mesh_term>Skin Diseases</mesh_term>
  </condition_browse>
  <!-- Results have not yet been posted for this study                                -->
</clinical_study>
