<?xml version="1.0" encoding="UTF-8"?>
<clinical_study rank="213">
  <!-- This xml conforms to an XML Schema at:
    https://clinicaltrials.gov/ct2/html/images/info/public.xsd
 and an XML DTD at:
    https://clinicaltrials.gov/ct2/html/images/info/public.dtd -->
  <required_header>
    <download_date>ClinicalTrials.gov processed this data on July 08, 2015</download_date>
    <link_text>Link to the current ClinicalTrials.gov record.</link_text>
    <url>https://clinicaltrials.gov/show/NCT01706263</url>
  </required_header>
  <id_info>
    <org_study_id>114551</org_study_id>
    <nct_id>NCT01706263</nct_id>
  </id_info>
  <brief_title>U0289-402: An Open Label, 8 Week Study to Evaluate the Efficacy and Tolerability of MAXCLARITY II in Subjects With Acne</brief_title>
  <official_title>U0289-402: An Open Label, 8 Week Study to Evaluate the Efficacy and Tolerability of MAXCLARITY II in Subjects With Acne</official_title>
  <sponsors>
    <lead_sponsor>
      <agency>Stiefel, a GSK Company</agency>
      <agency_class>Industry</agency_class>
    </lead_sponsor>
    <collaborator>
      <agency>GlaxoSmithKline</agency>
      <agency_class>Industry</agency_class>
    </collaborator>
  </sponsors>
  <source>GlaxoSmithKline</source>
  <oversight_info>
    <authority>United States: Food and Drug Administration</authority>
    <has_dmc>No</has_dmc>
  </oversight_info>
  <brief_summary>
    <textblock>
      One of the main success factors in acne therapy is user compliance with treatment, product
      cost, availability and ease of use.  Poor compliance may translate into decreased efficacy
      (either not improving symptoms well enough or not improving symptoms fast enough),
      tolerability issues or adverse effects (eg, erythema, dryness, or peeling of the skin), a
      lack of understanding of the instructions for use, or product cost/availability.  Whatever
      the reason, poor compliance translates to decreased efficacy and increased frustration on
      the part of the user.

      The current study will evaluate the efficacy and tolerability of MAXCLARITY II, an over the
      counter, topical benzoyl peroxide (BPO) product line, in subjects with acne.
    </textblock>
  </brief_summary>
  <detailed_description>
    <textblock>
      Acne vulgaris is an extremely common dermatological disease that is found typically in
      adolescence and young adulthood.  Acne vulgaris manifests with open and closed comedones
      (blackheads and whiteheads), papules, pustules, nodules, and cysts on the face, neck, and
      trunk.  Scarring can occur, particularly if the lesions are inflamed and deep, even in the
      absence of external manipulation (eg, picking and squeezing) of the skin.

      Acne vulgaris can be treated with a variety of agents that are selected to address the
      pathogenic factors assumed to be responsible for the type and degree of manifested acne
      lesions.  Monotherapy and combination therapy regimens are both useful.  Topical agents are
      generally used as first-line therapy and include retinoids, antibiotic preparations (eg,
      erythromycin and clindamycin), benzoyl peroxide (BPO), alpha and beta hydroxy acids (eg,
      glycolic and salicylic acid preparations), and azelaic acid.  Systemic therapies are
      initiated in patients with moderate to severe inflammatory acne that does not respond to
      topical therapy.

      Benzoyl peroxide has antimicrobial and anti inflammatory properties and is often considered
      an important component of acne treatment.  Benzoyl peroxide is frequently the first product
      that adolescents will use for acne because it can be purchased without a prescription in
      several different concentrations and formulations.

      One of the main success factors in acne therapy is user compliance with treatment, product
      cost, availability and ease of use.  Poor compliance may translate into decreased efficacy
      (either not improving symptoms well enough or not improving symptoms fast enough),
      tolerability issues or adverse effects (eg, erythema, dryness, or peeling of the skin), a
      lack of understanding of the instructions for use, or product cost/availability.  Whatever
      the reason, poor compliance translates to decreased efficacy and increased frustration on
      the part of the user.

      The current study will evaluate the efficacy and tolerability of MAXCLARITY II, an over the
      counter, topical benzoyl peroxide (BPO) product line, in subjects with acne.

      This is a multi center, open label study to evaluate the efficacy and tolerability of
      MAXCLARITY II, an over the-counter, topical benzoyl peroxide product line, in subjects with
      acne.  Approximately 30 subjects, aged from 16 to 29 years, inclusive, with mild facial acne
      vulgaris are expected to participate in the study. No more than 50% of the subjects at each
      site can be enrolled under the age of 20.

      An expert grader will complete counts of inflamed lesions (papules/pustules) and noninflamed
      lesions (open/closed comedones), the ISGA, and an assessment of tolerability at each study
      visit.  Subjects will assess tolerability at each study visit and will complete a product
      acceptability and preference questionnaire at the end of the study.

      The study duration will be 8 weeks (56 days) with visits at baseline (day 1), week 1, week
      2, week 4 and week 8.
    </textblock>
  </detailed_description>
  <overall_status>Completed</overall_status>
  <start_date>August 2009</start_date>
  <completion_date type="Actual">November 2009</completion_date>
  <primary_completion_date type="Actual">November 2009</primary_completion_date>
  <phase>Phase 4</phase>
  <study_type>Interventional</study_type>
  <study_design>Intervention Model: Single Group Assignment, Masking: Open Label, Primary Purpose: Treatment</study_design>
  <primary_outcome>
    <measure>Efficacy: The mean percent change in inflammatory, noninflammatory, and total lesion counts.</measure>
    <time_frame>From baseline to week 8</time_frame>
    <safety_issue>No</safety_issue>
  </primary_outcome>
  <secondary_outcome>
    <measure>Efficacy: The mean percent change in inflammatory, noninflammatory, and total lesion counts.</measure>
    <time_frame>From baseline to weeks 1, 2 and 4</time_frame>
    <safety_issue>No</safety_issue>
  </secondary_outcome>
  <secondary_outcome>
    <measure>Efficacy: The mean change in Investigator's Satic Global Assessment (ISGA).</measure>
    <time_frame>From baseline to weeks 1, 2, 4 and 8</time_frame>
    <safety_issue>No</safety_issue>
  </secondary_outcome>
  <secondary_outcome>
    <measure>Efficacy: Percentage of subjects who improved by at least one grade on the ISGA</measure>
    <time_frame>Not defined</time_frame>
    <safety_issue>No</safety_issue>
  </secondary_outcome>
  <secondary_outcome>
    <measure>Tolerability: The mean percent change in each of the evaluator tolerability assessments.</measure>
    <time_frame>From baseline to weeks 1, 2, 4 and 8</time_frame>
    <safety_issue>No</safety_issue>
  </secondary_outcome>
  <secondary_outcome>
    <measure>Tolerability: The mean percent change in each of the subject tolerability assessments.</measure>
    <time_frame>From baseline to weeks 1, 2, 4 and 8</time_frame>
    <safety_issue>No</safety_issue>
  </secondary_outcome>
  <number_of_arms>1</number_of_arms>
  <enrollment type="Actual">28</enrollment>
  <condition>Acne Vulgaris</condition>
  <arm_group>
    <arm_group_label>MAXCLARITY II</arm_group_label>
    <arm_group_type>Experimental</arm_group_type>
    <description>MAXCLARITY  II (2.5% BPO) Foam Cleanser and Foam Treatment and (0.5% Salicylic Acid) Toner Foam. Available over-the-counter.</description>
  </arm_group>
  <intervention>
    <intervention_type>Other</intervention_type>
    <intervention_name>MAXCLARITY  II (2.5% BPO) Foam Cleanser</intervention_name>
    <description>Available over the counter.</description>
    <arm_group_label>MAXCLARITY II</arm_group_label>
  </intervention>
  <intervention>
    <intervention_type>Other</intervention_type>
    <intervention_name>MAXCLARITY  II (2.5% BPO) Foam Treatment</intervention_name>
    <description>Available over the counter.</description>
    <arm_group_label>MAXCLARITY II</arm_group_label>
  </intervention>
  <intervention>
    <intervention_type>Other</intervention_type>
    <intervention_name>MAXCLARITY  II (0.5% Salicylic Acid) Toner Foam</intervention_name>
    <description>Available over the counter.</description>
    <arm_group_label>MAXCLARITY II</arm_group_label>
  </intervention>
  <eligibility>
    <criteria>
      <textblock>
        Inclusion Criteria:

          1. Capable of understanding and willing to provide signed and dated written voluntary
             informed consent (and any local or national authorization requirements) before any
             protocol specific procedures are performed.

          2. Male or female aged from 16 to 29 years, inclusive, at time of consent. No more than
             50% of the subjects at each site can be enrolled under the age of 20.

          3. Mild facial acne vulgaris, characterized by at least 24 facial inflammatory lesions
             (papules and pustules) and/or noninflammatory lesions (open and closed comedones) on
             the face.

          4. Able to complete the study and to comply with study instructions.

          5. Sexually active females of childbearing potential participating in the study must
             agree to use a medically acceptable method of contraception while receiving
             protocol-assigned product.  A woman of childbearing potential is defined as one who
             is biologically capable of becoming pregnant; including perimenopausal women who are
             less than 2 years from their last menses.  Acceptable contraceptive methods include
             the following:

               -  Hormonal contraception, including oral, injectable, or implantable methods
                  started at least 2 months prior to screening.  If hormonal contraception was
                  started less than 2 months prior to screening, then a form of nonhormonal
                  contraception should be added until the third continuous month of hormonal
                  contraception has been completed.

               -  Two forms of reliable nonhormonal contraception, to include the use of either an
                  intrauterine device plus a reliable barrier method or 2 reliable barrier
                  methods.  Reliable barrier methods include condoms or diaphragms.  A cervical
                  cap is also a reliable barrier method, provided that the female subject has
                  never given birth naturally.  The combined use of a condom and spermicide
                  constitute 2 forms of acceptable nonhormonal contraception, provided that they
                  are both used properly.  The use of spermicide alone and the improper use of
                  condoms are inferior methods of contraception.  Subjects with surgical
                  sterilization, including tubal sterilization or partner's vasectomy, must use a
                  form of nonhormonal contraception.  A barrier method or sterilization plus
                  spermatocide is acceptable.

               -  Women who are not currently sexually active must agree to use a medically
                  accepted method of contraception should she become sexually active while
                  participating in the study.

        Exclusion Criteria:

          1. Female who is pregnant, trying to become pregnant, or breast feeding.

          2. Has active or chronic skin allergies.

          3. Has a history of acute or chronic disease that might interfere with or increase the
             risk of study participation.

          4. Had skin cancer treatment in preceding 12 months.

          5. Has damaged skin on facial areas (eg, sunburn, tattoo, or scar)

          6. Had any medical procedure (eg, laser resurfacing, chemical peel, or plastic surgery)
             on facial areas in preceding 12 months.

          7. Had any cosmetic procedure (eg, microdermabrasion) on facial areas within 8 weeks of
             the baseline visit.

          8. Has any dermatological disorder that in the opinion of the investigator may interfere
             with the accurate evaluation of the subject's facial appearance.

          9. Received any investigational drug or procedure within 28 days of the baseline visit
             or is scheduled to receive an investigational drug (other than the study products) or
             procedure during the study.

         10. Currently using any medication that in the opinion of the investigator may affect the
             evaluation of the study products or place the subject at undue risk (including but
             not limited to asthma medications, oral steroids, rifampin, anticonvulsants, and St
             John's wart).

         11. Has a history of known or suspected intolerance to any of the ingredients of the
             study products (ie, benzoyl peroxide).

         12. Considered unable or unlikely to attend the necessary visits.

         13. Live in the same household as currently enrolled subjects.

         14. Employee of the investigator, a contract research organization, or Stiefel
             Laboratories who is involved in the study, or an immediate family member (partner,
             offspring, parents, siblings or sibling's offspring) of an employee involved in the
             study.
      </textblock>
    </criteria>
    <gender>Both</gender>
    <minimum_age>16 Years</minimum_age>
    <maximum_age>29 Years</maximum_age>
    <healthy_volunteers>No</healthy_volunteers>
  </eligibility>
  <overall_official>
    <last_name>GSK Clinical Trials</last_name>
    <role>Study Director</role>
    <affiliation>GlaxoSmithKline</affiliation>
  </overall_official>
  <verification_date>October 2012</verification_date>
  <lastchanged_date>October 11, 2012</lastchanged_date>
  <firstreceived_date>October 11, 2012</firstreceived_date>
  <responsible_party>
    <responsible_party_type>Sponsor</responsible_party_type>
  </responsible_party>
  <is_fda_regulated>No</is_fda_regulated>
  <has_expanded_access>No</has_expanded_access>
  <condition_browse>
    <!-- CAUTION:  The following MeSH terms are assigned with an imperfect algorithm  -->
    <mesh_term>Acne Vulgaris</mesh_term>
  </condition_browse>
  <intervention_browse>
    <!-- CAUTION:  The following MeSH terms are assigned with an imperfect algorithm  -->
    <mesh_term>Salicylic Acid</mesh_term>
  </intervention_browse>
  <!-- Results have not yet been posted for this study                                -->
</clinical_study>
