<?xml version="1.0" encoding="UTF-8"?>
<clinical_study rank="118">
  <!-- This xml conforms to an XML Schema at:
    https://clinicaltrials.gov/ct2/html/images/info/public.xsd
 and an XML DTD at:
    https://clinicaltrials.gov/ct2/html/images/info/public.dtd -->
  <required_header>
    <download_date>ClinicalTrials.gov processed this data on July 08, 2015</download_date>
    <link_text>Link to the current ClinicalTrials.gov record.</link_text>
    <url>https://clinicaltrials.gov/show/NCT01019603</url>
  </required_header>
  <id_info>
    <org_study_id>114565</org_study_id>
    <secondary_id>W0260-105</secondary_id>
    <nct_id>NCT01019603</nct_id>
  </id_info>
  <brief_title>A Study to Evaluate the Bioavailability of Tazarotene Foam, 0.1%, and Tazorac Gel, 0.1%, in Subjects With Acne Vulgaris</brief_title>
  <official_title>A Single-Center, Randomized, Open-Label Study to Evaluate the Bioavailability of Tazarotene Foam, 0.1%, and Tazorac Gel, 0.1%, in Subjects With Acne Vulgaris</official_title>
  <sponsors>
    <lead_sponsor>
      <agency>Stiefel, a GSK Company</agency>
      <agency_class>Industry</agency_class>
    </lead_sponsor>
    <collaborator>
      <agency>GlaxoSmithKline</agency>
      <agency_class>Industry</agency_class>
    </collaborator>
  </sponsors>
  <source>GlaxoSmithKline</source>
  <oversight_info>
    <authority>United States: Food and Drug Administration</authority>
    <has_dmc>No</has_dmc>
  </oversight_info>
  <brief_summary>
    <textblock>
      The purpose of this study is to assess systemic exposure of a new foam formulation of
      tazarotene, 0.1% compared with Tazorac Gel, 0.1%.  The study design and dosing regimen are
      based on previous clinical studies with Tazorac Gel and Tazorac Cream.
    </textblock>
  </brief_summary>
  <detailed_description>
    <textblock>
      A single-center, randomized, open-label, phase 1, comparative bioavailability study in
      subjects with moderate to severe acne vulgaris.  Approximately 30 subjects will be enrolled
      and randomized to 1 of the 2 study product groups in a 1:1 ratio (tazarotene foam: Tazorac
      Gel).  Study product will be applied once daily for 22 days to the face, upper chest, upper
      back, and shoulders.  Following the baseline visit, subjects will return to the study center
      daily for study product application.  Blood samples to determine plasma concentrations of
      tazarotenic acid will be collected before study product application on days 1, 8, 12, 15,
      18, 20, and 22, and collected at multiple time points over a 72 hour period on days 22
      through 25.
    </textblock>
  </detailed_description>
  <overall_status>Completed</overall_status>
  <start_date>October 2009</start_date>
  <completion_date type="Actual">January 2010</completion_date>
  <primary_completion_date type="Actual">November 2009</primary_completion_date>
  <phase>Phase 1</phase>
  <study_type>Interventional</study_type>
  <study_design>Allocation: Randomized, Intervention Model: Parallel Assignment, Masking: Open Label, Primary Purpose: Basic Science</study_design>
  <primary_outcome>
    <measure>Plasma concentrations of tazarotenic acid  in subjects with acne vulgaris</measure>
    <time_frame>Days 1, 8, 12, 15, 18, 20, 22 (pre-dose and 3, 4.5, 6, 7.5, 9, 12, 16, 20, 24, 38, 48, 62, and 72 hr post-dose</time_frame>
    <safety_issue>No</safety_issue>
  </primary_outcome>
  <number_of_arms>2</number_of_arms>
  <enrollment type="Actual">30</enrollment>
  <condition>Acne Vulgaris</condition>
  <arm_group>
    <arm_group_label>1</arm_group_label>
    <arm_group_type>Experimental</arm_group_type>
    <description>Tazarotene foam 0.1%</description>
  </arm_group>
  <arm_group>
    <arm_group_label>2</arm_group_label>
    <arm_group_type>Active Comparator</arm_group_type>
    <description>Tazaroc Gel 0.1%</description>
  </arm_group>
  <intervention>
    <intervention_type>Drug</intervention_type>
    <intervention_name>Tazarotene</intervention_name>
    <description>Topical Tazarotene foam applied daily for 22 days.</description>
    <arm_group_label>1</arm_group_label>
    <other_name>Tazorac</other_name>
  </intervention>
  <intervention>
    <intervention_type>Drug</intervention_type>
    <intervention_name>Tazaroc Gel</intervention_name>
    <description>Topical tazarotene gel applied daily for 22 days.</description>
    <arm_group_label>2</arm_group_label>
    <other_name>Tazorac</other_name>
  </intervention>
  <eligibility>
    <criteria>
      <textblock>
        Inclusion Criteria:

          -  Male or female 12 years of age or older who is in good general health.

          -  Have an Investigator's Static Global Assessment (ISGA) score of 3 or greater at
             baseline.  The area considered for the ISGA must be confined to the face.

          -  Regular menstrual cycle prior to study entry (as reported by the subject) for females
             of childbearing potential.

          -  Negative urine pregnancy test for females of childbearing potential. • Sexually
             active females of childbearing potential participating in the study must agree to use
             a medically acceptable method of contraception while receiving protocol-assigned
             product.  A woman of childbearing potential is defined as one who is biologically
             capable of becoming pregnant; including perimenopausal women who are less than 2
             years from their last menses.

        Women who are not currently sexually active must agree to use medically accepted methods
        of contraception should they become sexually active while participating in the study.
        Male subjects and/or their partners must use a medically acceptable form of contraception.

          -  Nonsmoker or smoker with at least 30 days abstinence from smoking or using
             nicotine-containing products prior to study entry and willing not to smoke or to use
             nicotine-containing products throughout the study.

          -  Ability and willingness to follow all study procedures, attend all scheduled visits,
             and successfully complete the study.

          -  Capable of understanding and willing to provide signed and dated written voluntary
             informed consent before any protocol specific procedures are performed

        Exclusion Criteria:

          -  Female who is pregnant, trying to become pregnant, or breast feeding.

          -  History of known or suspected intolerance to any of the ingredients of the study
             products.

          -  Use of topical antibiotics or topical corticosteroids for acne treatment within the
             past 2 weeks.

          -  Use of systemic corticosteroids within the past 4 weeks.

          -  Use of systemic retinoids (eg, isotretinoin) within the past 6 months.

          -  Concurrent use of medications known to be photosensitizers because of the possibility
             of augmented photosensitivity.

          -  Use of topical anti-acne medications (eg, benzoyl peroxide, retinoids) within the
             past 2 weeks.

          -  Concomitant use of of facial products such as:  abradants, facials, peels containing
             glycolic or other acids .

          -  Facial procedure (eg, chemical or laser peel or microdermabrasion) performed by an
             esthetician, beautician, physician, nurse, or other practitioner within the past 2
             weeks.

          -  History or evidence of skin conditions other than acne (eg, eczema) that would
             interfere with the subject's participation in the study.

          -  Consumption of alcohol within 24 hours prior to study product application on days  8,
             12, 15, 18, 20, and 22 and within 72 hours post application on day 22.

          -  Consumption of xanthine-containing beverages or products (eg, caffeinated coffee,
             tea, over-the counter medication for cold symptoms) within 24 hours prior to study
             product application on days 8, 12, 15, 18, 20, and 22 and within 72 hours
             post-application on day 22.

          -  Anticipated need to engage in activities or exercise that would cause profuse
             sweating during the study.

          -  Anticipated need for surgery or hospitalization during the study.

          -  Require or desire excessive or prolonged exposure to ultraviolet light (eg, sunlight
             or tanning beds) during the study.

          -  Concurrent involvement in another investigational study or participation within 30
             days prior to the start of this study.

          -  Any other condition that, in the judgment of the investigator, would put the subject
             at unacceptable risk for participation in the study.

          -  Currently lives in the same household as currently enrolled subjects; is an employee
             of Stiefel, an investigator, or a contract research organization involved in the
             study; or is an immediate family member (eg, partner, offspring, parents) of an
             employee involved in the study.
      </textblock>
    </criteria>
    <gender>Both</gender>
    <minimum_age>12 Years</minimum_age>
    <maximum_age>N/A</maximum_age>
    <healthy_volunteers>No</healthy_volunteers>
  </eligibility>
  <overall_official>
    <last_name>GSK Clinical Trials</last_name>
    <role>Study Director</role>
    <affiliation>GlaxoSmithKline</affiliation>
  </overall_official>
  <location>
    <facility>
      <name>DermResearch, Inc.</name>
      <address>
        <city>Austin</city>
        <state>Texas</state>
        <zip>78759</zip>
        <country>United States</country>
      </address>
    </facility>
  </location>
  <location_countries>
    <country>United States</country>
  </location_countries>
  <verification_date>February 2012</verification_date>
  <lastchanged_date>February 23, 2012</lastchanged_date>
  <firstreceived_date>November 19, 2009</firstreceived_date>
  <responsible_party>
    <name_title>Cheri Hudson; Clinical Disclosure Advisor</name_title>
    <organization>GSK Clinical Disclosure</organization>
  </responsible_party>
  <keyword>Acne</keyword>
  <is_fda_regulated>Yes</is_fda_regulated>
  <is_section_801>Yes</is_section_801>
  <has_expanded_access>No</has_expanded_access>
  <condition_browse>
    <!-- CAUTION:  The following MeSH terms are assigned with an imperfect algorithm  -->
    <mesh_term>Acne Vulgaris</mesh_term>
  </condition_browse>
  <intervention_browse>
    <!-- CAUTION:  The following MeSH terms are assigned with an imperfect algorithm  -->
    <mesh_term>Tazarotene</mesh_term>
  </intervention_browse>
  <!-- Results have not yet been posted for this study                                -->
</clinical_study>
