<?xml version="1.0" encoding="UTF-8"?>
<clinical_study rank="402">
  <!-- This xml conforms to an XML Schema at:
    https://clinicaltrials.gov/ct2/html/images/info/public.xsd
 and an XML DTD at:
    https://clinicaltrials.gov/ct2/html/images/info/public.dtd -->
  <required_header>
    <download_date>ClinicalTrials.gov processed this data on July 08, 2015</download_date>
    <link_text>Link to the current ClinicalTrials.gov record.</link_text>
    <url>https://clinicaltrials.gov/show/NCT00367705</url>
  </required_header>
  <id_info>
    <org_study_id>VSL-HMO-CTIL</org_study_id>
    <nct_id>NCT00367705</nct_id>
  </id_info>
  <brief_title>VSL#3 Treatment in Children With Crohn's Disease</brief_title>
  <official_title>Double-blind Placebo Controlled Trial of VSL#3 in Children With Crohn's Disease</official_title>
  <sponsors>
    <lead_sponsor>
      <agency>Hadassah Medical Organization</agency>
      <agency_class>Other</agency_class>
    </lead_sponsor>
  </sponsors>
  <source>Hadassah Medical Organization</source>
  <oversight_info>
    <authority>Israel: Israeli Health Ministry Pharmaceutical Administration</authority>
    <has_dmc>No</has_dmc>
  </oversight_info>
  <brief_summary>
    <textblock>
      Crohn's disease (CD) in childhood is a chronic relapsing and remitting condition that has a
      significant impact on growth and development. The disease is characterized by an increased
      and unregulated immune response. The main therapy over the last 30 years has been
      corticosteroids leading to remission in 50-80% of patients within 2-4 weeks. However, the
      use of steroids in children is limited by side-effects including acne, moon-face, hirsutism,
      hypertension, metabolic disturbances and above all reduced growth. Hence, pediatricians are
      very interested to find alternative therapies. Therapeutic manipulation of gut flora with
      probiotics promises to be a useful strategy for several disorders including inflammation of
      the gut. The efficacy of the highly concentrated probiotic VSL#3 has been documented in
      maintenance and prophylaxis treatment of pouchitis in double blind, placebo controlled
      studies in adults. The aim of this study is to compare probiotic therapy with VSL#3 versus
      placebo in maintenance therapy of children with mild to moderate CD, treated with either
      5-ASA, corticosteroids (local or budesonide), imuran/6 mercaptopurine (MP), as long as no
      change in medication dosage has been made in the previous 12 weeks (for imuran/6MP) or 4
      weeks (for corticosteroids).
    </textblock>
  </brief_summary>
  <detailed_description>
    <textblock>
      The aim of this study is to compare probiotic therapy with VSL#3 versus placebo in
      maintenance therapy of children with mild to moderate CD, treated with either 5-ASA,
      corticosteroids (local or budesonide), imuran/6MP, as long as no change in medication dosage
      has been made in the previous 12 weeks (for imuran/6MP) or 4 weeks (for corticosteroids).
      The primary goal will be to compare their ability to maintain remission and to decrease
      disease activity in each of the two study groups. Data will be collected during this 16 week
      period regarding the safety and tolerability of VSL#3, as well as data of changes in stool
      composition of microflora upon treatment.

      The follow up will be continued for up to 6 months with a monthly telephone questionnaire
      and a clinical visit at 6 months.

      Study Design:

      The study will be a multinational, double-blind, randomized controlled  study (Munich,
      Paris, Rotterdam, Porto, Brussels, London, Warsaw, Chicago, Toronto, Boston, New York,
      Baltimore, Cleveland, Karachi and Jerusalem).

      The study will include 300 children and will last for at least 16 weeks. These children will
      receive either 1-2 packet according to their weight; each sachet containing 900 billion
      bacteria/day of VSL#3 or an identical placebo, for 16 weeks.

      All patients participating in this study will continue regular medications throughout the
      study period.

      According to the Pediatric Crohn's Disease Activity Index (PCDAI) patients will be assessed
      clinically at regular intervals and will have stool cultured (including lactobacillus,
      bifidobacteria and Strep salivarius) as well as a stool calprotectin before and after
      treatment.
    </textblock>
  </detailed_description>
  <overall_status>Not yet recruiting</overall_status>
  <start_date>August 2009</start_date>
  <completion_date type="Anticipated">December 2010</completion_date>
  <primary_completion_date type="Anticipated">September 2010</primary_completion_date>
  <phase>Phase 4</phase>
  <study_type>Interventional</study_type>
  <study_design>Allocation: Randomized, Endpoint Classification: Efficacy Study, Intervention Model: Single Group Assignment, Masking: Double Blind (Subject, Investigator), Primary Purpose: Treatment</study_design>
  <primary_outcome>
    <measure>remission</measure>
    <time_frame>1 year</time_frame>
    <safety_issue>No</safety_issue>
  </primary_outcome>
  <number_of_arms>2</number_of_arms>
  <enrollment type="Anticipated">300</enrollment>
  <condition>Crohn's Disease</condition>
  <arm_group>
    <arm_group_label>T</arm_group_label>
    <arm_group_type>Active Comparator</arm_group_type>
    <description>VSL-#3</description>
  </arm_group>
  <arm_group>
    <arm_group_label>P</arm_group_label>
    <arm_group_type>Placebo Comparator</arm_group_type>
  </arm_group>
  <intervention>
    <intervention_type>Dietary Supplement</intervention_type>
    <intervention_name>VSL#3®</intervention_name>
    <description>1-2 sachets/day per os, 6 months</description>
    <arm_group_label>T</arm_group_label>
    <other_name>VSL#3®</other_name>
  </intervention>
  <intervention>
    <intervention_type>Dietary Supplement</intervention_type>
    <intervention_name>Placebo</intervention_name>
    <description>1-2 sachets/day per os, 6 months</description>
    <arm_group_label>P</arm_group_label>
    <other_name>placebo powder</other_name>
  </intervention>
  <eligibility>
    <criteria>
      <textblock>
        Inclusion Criteria:

          1. Children aged 6 - 18 years

          2. Previous diagnosis of Crohn's disease or newly diagnosed with symptoms for at least
             three months before recruitment to the study.The diagnosis of CD is established by:

               1. history and symptoms of the disease

               2. endoscopy/histology or radiology with negative stool culture.

          3. Written informed consent by parent

          4. PCDAI &gt; 12.5 and &lt; 30

          5. Treatment with 5-ASA, budesonide and imuran/6MP daily provided that the dose has
             remained stable for the 4 weeks (corticosteroids) or 12 weeks (for imuran/6MP) prior
             to inclusion. Children treated with other medications (such as anti-TNF or
             antibiotics including ciprofloxacilin or metronidazole) cannot enter this study.

        Exclusion Criteria:

          1. Short bowel syndrome/ileostomy/abscess/fistula/small bowel
             obstruction/stenosis/stricture

          2. Imminent surgery

          3. Treatment with anti-TNF, systemic corticosteroids, ciprofloxacillin, metronidazole
             within 12 weeks of the start of the trial.

          4. Participation in another clinical trial within the last 30 days.

          5. Patients should not take antibiotics during the study.

          6. Patients should not take opioids, cholestyramine, ursodeoxycholic acid during the
             study.
      </textblock>
    </criteria>
    <gender>Both</gender>
    <minimum_age>6 Years</minimum_age>
    <maximum_age>18 Years</maximum_age>
    <healthy_volunteers>No</healthy_volunteers>
  </eligibility>
  <overall_official>
    <last_name>David Branski, MD</last_name>
    <role>Study Director</role>
    <affiliation>Hadassah Medical Organization</affiliation>
  </overall_official>
  <overall_official>
    <last_name>Michael Wilschanski, MD</last_name>
    <role>Principal Investigator</role>
    <affiliation>Hadassah Medical Organization</affiliation>
  </overall_official>
  <overall_contact>
    <last_name>David Branski, MD</last_name>
    <phone>00972-2-6777543</phone>
    <email>branski@hadassah.org.il</email>
  </overall_contact>
  <location>
    <facility>
      <name>Hadassah Medical Organization,</name>
      <address>
        <city>Jerusalem</city>
        <zip>91120</zip>
        <country>Israel</country>
      </address>
    </facility>
    <status>Not yet recruiting</status>
    <contact>
      <last_name>Arik Tzukert, DMD</last_name>
      <phone>00 972 2 6776095</phone>
      <email>arik@hadassah.org.il</email>
    </contact>
    <contact_backup>
      <last_name>Hadas Lemberg, PhD</last_name>
      <phone>00 972 2 6777572</phone>
      <email>lhadas@hadassah.org.il</email>
    </contact_backup>
    <investigator>
      <last_name>David Branski, MD</last_name>
      <role>Principal Investigator</role>
    </investigator>
    <investigator>
      <last_name>Michael Wilschanski, MD</last_name>
      <role>Principal Investigator</role>
    </investigator>
  </location>
  <location_countries>
    <country>Israel</country>
  </location_countries>
  <reference>
    <citation>Gionchetti P, Rizzello F, Lammers KM, Morselli C, Sollazzi L, Davies S, Tambasco R, Calabrese C, Campieri M. Antibiotics and probiotics in treatment of inflammatory bowel disease. World J Gastroenterol. 2006 Jun 7;12(21):3306-13. Review.</citation>
    <PMID>16733845</PMID>
  </reference>
  <verification_date>August 2006</verification_date>
  <lastchanged_date>August 16, 2009</lastchanged_date>
  <firstreceived_date>August 22, 2006</firstreceived_date>
  <responsible_party>
    <name_title>Prof. David Branski</name_title>
    <organization>Hadassah Medical Organization</organization>
  </responsible_party>
  <is_fda_regulated>No</is_fda_regulated>
  <has_expanded_access>No</has_expanded_access>
  <condition_browse>
    <!-- CAUTION:  The following MeSH terms are assigned with an imperfect algorithm  -->
    <mesh_term>Crohn Disease</mesh_term>
  </condition_browse>
  <!-- Results have not yet been posted for this study                                -->
</clinical_study>
