<?xml version="1.0" encoding="UTF-8"?>
<clinical_study rank="406">
  <!-- This xml conforms to an XML Schema at:
    https://clinicaltrials.gov/ct2/html/images/info/public.xsd
 and an XML DTD at:
    https://clinicaltrials.gov/ct2/html/images/info/public.dtd -->
  <required_header>
    <download_date>ClinicalTrials.gov processed this data on July 08, 2015</download_date>
    <link_text>Link to the current ClinicalTrials.gov record.</link_text>
    <url>https://clinicaltrials.gov/show/NCT02052479</url>
  </required_header>
  <id_info>
    <org_study_id>297013</org_study_id>
    <nct_id>NCT02052479</nct_id>
  </id_info>
  <brief_title>Insulin Differences Between African-American and Caucasian Female Adolescents With Polycystic Ovary Syndrome (PCOS)</brief_title>
  <official_title>Differences in Insulin Secretion and Insulin Sensitivity/Resistance in African-American and Caucasian Adolescent Females With Polycystic Ovary Syndrome</official_title>
  <sponsors>
    <lead_sponsor>
      <agency>Nationwide Children's Hospital</agency>
      <agency_class>Other</agency_class>
    </lead_sponsor>
  </sponsors>
  <source>Nationwide Children's Hospital</source>
  <oversight_info>
    <authority>United States: Food and Drug Administration</authority>
  </oversight_info>
  <brief_summary>
    <textblock>
      The purpose of this research study is to see if there are differences between
      African-American and Caucasian girls with Polycystic Ovary Syndrome (PCOS) in how their
      bodies respond to a type of sugar, called glucose, the body's main source of energy. PCOS is
      one of the most common endocrine disorders among females. Features can include anovulation
      (eggs are not released from the ovaries) resulting in irregular menstrual periods, excessive
      amounts of androgenic (male) hormones resulting in acne and hirsutism (excessive hair growth
      on the face and body), and polycystic ovaries (small sac-like structures [cysts] on your
      ovaries) seen on ultrasound. Girls with PCOS also have higher levels of insulin in their
      bodies (called hyperinsulinism) but are not able to use insulin very well (called insulin
      resistance) resulting in an increased risk of diabetes. Diabetes is when you have high
      levels of glucose (sugar) in your blood. Many studies have looked at how bodies respond to
      glucose and have shown that compared to Caucasians, healthy African-Americans produce much
      more insulin (hyperinsulinism) but are not able to use it as well (insulin resistance) in
      childhood, adolescence, and adulthood. Insulin is a hormone that helps glucose move from the
      blood into the muscles for the body to use as energy. PCOS is associated with increased
      levels of insulin (hyperinsulinism) and not being able to use it as well (insulin
      resistance). So we want to see if there is a difference in insulin production (secretion)
      and insulin resistance between African-Americans and Caucasians girls with PCOS. To do this,
      we will look at blood glucose and insulin levels in response to giving glucose in
      African-American and Caucasian girls who have PCOS. The results of this study may ultimately
      help to more effectively target treatment therapy in individuals with PCOS that have
      increased insulin secretion and/or increased insulin resistance.
    </textblock>
  </brief_summary>
  <detailed_description>
    <textblock>
      PCOS is the most common endocrine abnormality of reproductive-aged women in the United
      States, affecting approximately 5 million women (1). The exact prevalence of PCOS in the
      adolescent population is unknown mainly attributed to the diagnostic challenge PCOS presents
      as the characteristics of normal puberty overlap with the signs and symptoms of PCOS (2).
      The key features of PCOS include menstrual irregularity, hyper¬androgenism, and polycystic
      ovarian morphology on ultrasound. However, clinical presentation may vary. It is a complex
      heterogeneous condition with life-long psychological, reproductive, and metabolic
      manifestations that impact a woman's health throughout her lifespan. PCOS is associated with
      major metabolic consequences including hyperinsulinism (i.e. increased insulin secretion),
      insulin resistance (i.e. decreased insulin sensitivity), obesity, type 2 diabetes mellitus,
      dyslipidemia, cardiovascular disease, endothelial dysfunction, defective fibrino¬lysis, as
      well as endometrial carcinoma (3).

      Particular disease processes show a predilection for certain racial and ethnic groups.
      African-American [AA] adults are at increased risk of obesity, type 2 diabetes mellitus,
      cardiovascular disease mortality, and hyper¬tension compared to Caucasian [CA] adults. Past
      studies (4-9) have found that AAs have increased insulin secretion and decreased insulin
      sensitivity compared to their CA counterparts in adolescence and adulthood and even in
      childhood. These findings are secondary to the combination of increased insulin secretion
      and resistance with decreased insulin sensitivity and clearance noted in African-Americans.
      It is this combination of altered glucose metabolism that places AAs at increased risk of
      cardiovascular and metabolic morbidity. It has been proposed that hyperinsulinism or
      increased insulin secretion is a compensatory response by the pancreatic β-cell to increased
      insulin resistance. However, it has also been speculated that it is insulin resistance that
      is the compensatory response occurring in response to insulin hyper-secretion caused by
      pancreatic β-cell dysregulation (10-11).

      Hyperinsulinism and insulin resistance are known inherent features of PCOS. Several studies
      have demonstrated significant hyperinsulinism with insulin resistance and lowered insulin
      sensitivity in adolescents and adults with PCOS when compared to BMI-matched healthy control
      subjects (12-18). Marked differences in insulin sensitivity/resistance and PCOS phenotype
      have been reported in adults of different races/ethnicities with PCOS (19-23), however;
      other studies have refuted these claims (24-27). The objective of this study is to examine
      the differences in insulin secretion between AA and CA adolescents with PCOS. We will also
      examine differences in insulin sensitivity/resistance between AA and CA adolescents with
      PCOS.

      Primary Aim: To determine the influence of racial/ethnic background on insulin secretion in
      adolescent females with PCOS.

      Secondary Aim: To determine the influence of racial/ethnic background on insulin
      sensitivity/resistance in adolescent females with PCOS.

      Hypothesis:  AA adolescent females with PCOS will have increased insulin secretion and
      decreased insulin sensitivity (i.e. increased insulin resistance) compared to CA adolescent
      females with PCOS.

      To address this hypothesis, we will utilize one of the gold standards endorsed by the
      American Diabetes Association that satisfactorily assess insulin secretion and insulin
      sensitivity/resistance. The method utilized in this study is the frequently sampled
      intravenous glucose tolerance test with minimal model analysis (MINMOD FSIVGTT) (28-32).
      Using the data that is gathered as part of our primary and secondary aims, we will also
      conduct an exploratory analysis to examine the influence of PCOS phenotype on insulin
      secretion and insulin sensitivity/resistance and the influence of racial/ethnic background
      on PCOS phenotype.
    </textblock>
  </detailed_description>
  <overall_status>Recruiting</overall_status>
  <start_date>January 2014</start_date>
  <completion_date type="Anticipated">June 2015</completion_date>
  <primary_completion_date type="Anticipated">June 2015</primary_completion_date>
  <phase>Phase 0</phase>
  <study_type>Interventional</study_type>
  <study_design>Primary Purpose: Diagnostic</study_design>
  <primary_outcome>
    <measure>Insulin Secretion</measure>
    <time_frame>-10, 0, 2, 4, 6, 8, 12, 14, 16, 19, 22, 27, 32, 42, 52, 62, 72, 82, and 92 minutes</time_frame>
    <safety_issue>No</safety_issue>
    <description>The objective of this study is to examine the differences in insulin secretion between AA and CA adolescents with PCOS. Primary Aim: To determine the influence of racial/ethnic background on insulin secretion in adolescent females with PCOS.</description>
  </primary_outcome>
  <secondary_outcome>
    <measure>Insulin Sensitivity/Resistance</measure>
    <time_frame>-10, 0, 2, 4, 6, 8, 12, 14, 16, 19, 22, 27, 32, 42, 52, 62, 72, 82, and 92 minutes</time_frame>
    <safety_issue>No</safety_issue>
    <description>The objective of this study is to examine differences in insulin sensitivity/resistance between AA and CA adolescents with PCOS. Secondary Aim: To determine the influence of racial/ethnic background on insulin sensitivity/resistance in adolescent females with PCOS.</description>
  </secondary_outcome>
  <other_outcome>
    <measure>Exploratory Analysis</measure>
    <time_frame>-10, 0, 2, 4, 6, 8, 12, 14, 16, 19, 22, 27, 32, 42, 52, 62, 72, 82, and 92 minutes</time_frame>
    <safety_issue>No</safety_issue>
    <description>Using the data that is gathered as part of our primary and secondary aims, we will also conduct an exploratory analysis to examine the influence of PCOS phenotype on insulin secretion and insulin sensitivity/resistance and the influence of racial/ethnic background on PCOS phenotype.</description>
  </other_outcome>
  <number_of_arms>2</number_of_arms>
  <enrollment type="Anticipated">30</enrollment>
  <condition>Polycystic Ovary Syndrome</condition>
  <condition>PCOS</condition>
  <arm_group>
    <arm_group_label>Polycystic Ovary Synrome, PCOS, Caucasian, No treatment</arm_group_label>
    <arm_group_type>Other</arm_group_type>
    <description>Frequently Sampled Intravenous Glucose Tolerance Test with minimal model analysis (MINMOD FSIVGTT)</description>
  </arm_group>
  <arm_group>
    <arm_group_label>Polycystic Ovary Synrome, PCOS, African-American, No treatment</arm_group_label>
    <arm_group_type>Other</arm_group_type>
    <description>Frequently Sampled Intravenous Glucose Tolerance Test with minimal model analysis (MINMOD FSIVGTT)</description>
  </arm_group>
  <intervention>
    <intervention_type>Other</intervention_type>
    <intervention_name>Frequently Sampled Intravenous Glucose Tolerance Test (FSIVGTT)</intervention_name>
    <arm_group_label>Polycystic Ovary Synrome, PCOS, Caucasian, No treatment</arm_group_label>
    <arm_group_label>Polycystic Ovary Synrome, PCOS, African-American, No treatment</arm_group_label>
  </intervention>
  <eligibility>
    <criteria>
      <textblock>
        Inclusion Criteria:

          -  Children and adolescents ages 12-18 years

          -  African-American and Caucasian females

          -  Menarchal for at least 2 years

          -  Hemoglobin A1C &lt;6.5%

          -  Medical Condition: Polycystic Ovary Syndrome (PCOS) - based on AES criteria: HA in
             addition to ANOV and/or PCO

               -  Hyperandrogenism (required): Serum Testosterone &gt; 50 ng/dl or Free Testosterone
                  (%) &gt; 1.4% or Free Testosterone &gt; 7 pg/mL

               -  Oligo- and/or Anovulation: menstrual cycles lengths &gt; 35 days and/or &lt; 8
                  menstrual cycles a year

               -  Polycystic Ovaries: transabdominal or trans-vaginal ultrasound finding of 12 or
                  more follicles measuring 2-6 mm in diameter or increased ovarian volume (&gt; 10
                  mL)

          -  Medications: Medication-naive to treatment therapy with Metformin, Oral
             Contraceptives, and Anti-androgen medications

        Exclusion Criteria:

          -  Ages &lt;12 or &gt;18

          -  Prepubertal, Premenarche

          -  Hemoglobin A1C ≥6.5%

          -  Medical Conditions: Hypothyroidism, Hyperthyroidism, Diabetes Mellitus, Congenital
             Adrenal Hyperplasia, Hyperprolactinemia, Pregnancy

          -  Medications: Past and/or Present treatment therapy with Metformin, Oral
             Contraceptives, Anti-androgen medications, Insulin or oral hypoglycemic agents
      </textblock>
    </criteria>
    <gender>Female</gender>
    <minimum_age>12 Years</minimum_age>
    <maximum_age>18 Years</maximum_age>
    <healthy_volunteers>No</healthy_volunteers>
  </eligibility>
  <location>
    <facility>
      <name>Clinical Research Center at The Ohio University Wexner Medical Center / Nationwide Children's Hospital</name>
      <address>
        <city>Columbus</city>
        <state>Ohio</state>
        <zip>43205</zip>
        <country>United States</country>
      </address>
    </facility>
    <status>Recruiting</status>
    <contact>
      <last_name>Rachel-Marie A Cazeau, MD</last_name>
      <phone>614-722-4935</phone>
      <email>Rachel-Marie.Cazeau@nationwidechildrens.org</email>
    </contact>
    <investigator>
      <last_name>Rachel-Marie A Cazeau, MD</last_name>
      <role>Principal Investigator</role>
    </investigator>
  </location>
  <location_countries>
    <country>United States</country>
  </location_countries>
  <link>
    <url>http://www.hormone.org/diseases-and-conditions/womens-health/polycystic-ovary-syndrome</url>
    <description>Information on Polycystic Ovary Syndrome</description>
  </link>
  <verification_date>February 2015</verification_date>
  <lastchanged_date>February 2, 2015</lastchanged_date>
  <firstreceived_date>January 29, 2014</firstreceived_date>
  <responsible_party>
    <responsible_party_type>Principal Investigator</responsible_party_type>
    <investigator_affiliation>Nationwide Children's Hospital</investigator_affiliation>
    <investigator_full_name>Rachel-Marie Cazeau</investigator_full_name>
    <investigator_title>Pediatric Endocrinology Fellow</investigator_title>
  </responsible_party>
  <keyword>Polycystic Ovary Syndrome</keyword>
  <keyword>PCOS</keyword>
  <keyword>Secondary Amenorrhea</keyword>
  <keyword>Hirsutism</keyword>
  <keyword>Hyperandrogenism</keyword>
  <keyword>Insulin Resistance</keyword>
  <is_fda_regulated>No</is_fda_regulated>
  <has_expanded_access>No</has_expanded_access>
  <condition_browse>
    <!-- CAUTION:  The following MeSH terms are assigned with an imperfect algorithm  -->
    <mesh_term>Polycystic Ovary Syndrome</mesh_term>
    <mesh_term>Syndrome</mesh_term>
  </condition_browse>
  <!-- Results have not yet been posted for this study                                -->
</clinical_study>
