<?xml version="1.0" encoding="UTF-8"?>
<clinical_study rank="171">
  <!-- This xml conforms to an XML Schema at:
    https://clinicaltrials.gov/ct2/html/images/info/public.xsd
 and an XML DTD at:
    https://clinicaltrials.gov/ct2/html/images/info/public.dtd -->
  <required_header>
    <download_date>ClinicalTrials.gov processed this data on July 08, 2015</download_date>
    <link_text>Link to the current ClinicalTrials.gov record.</link_text>
    <url>https://clinicaltrials.gov/show/NCT02126657</url>
  </required_header>
  <id_info>
    <org_study_id>2013/01230</org_study_id>
    <nct_id>NCT02126657</nct_id>
  </id_info>
  <brief_title>The Efficacy and Safety of a Single 70% Glycolic Acid Peel With Vitamin C for the Treatment of Acne Scars</brief_title>
  <official_title>Phase 2 Study of the The Efficacy and Safety of a Single 70% Glycolic Acid Peel With Vitamin C for the Treatment of Acne Scars</official_title>
  <sponsors>
    <lead_sponsor>
      <agency>National University Hospital, Singapore</agency>
      <agency_class>Other</agency_class>
    </lead_sponsor>
  </sponsors>
  <source>National University Hospital, Singapore</source>
  <oversight_info>
    <authority>Singapore: Domain Specific Review Boards</authority>
    <has_dmc>No</has_dmc>
  </oversight_info>
  <brief_summary>
    <textblock>
      Our study involves the evaluation of a high potency chemical peel in its efficacy and safety
      profile for the treatment of acne scars. This chemical peel regime is a high potency peel of
      70% glycolic acid combined with vitamin C that is purported to provide a good balance
      between yielding results and patient safety. We aim to evaluate its efficacy and safety
      profile of a single application. The study design is based on a single group that compares
      pre- vs post-intervention. 10 patients with atrophic acne scars of skin type I-IV will be
      recruited. Potential benefits include improvement of post acne scars with a short downtime
      and risks include post peel hyper pigmentation and scarring. We believe that this treatment
      will be highly beneficial to patients with post acne scarring.

      This chemical peel regime has good efficacy and safety profile for the treatment of acne
      scars.
    </textblock>
  </brief_summary>
  <detailed_description>
    <textblock>
      Primary endpoints:

        1. ECCA (échelle d'évaluation clinique des cicatrices d'acné) grading scale for
           quantitative grading of acne scars. Two blinded evaluators compare and rate the
           photograph using ECCA score.

        2. Patient Assessment Based on 1 to 10 point scale; 1- nil acne scars and 10- severe acne
           scar

      Secondary endpoints:

        1. Postacne hyperpigmentation index (PAHPI)

           -Each of these 3 variables --size, intensity, and number of lesions is weighted and the
           summation of the weighted variables gives the total PAHPI score, ranging 6 to 22.

        2. Safety Assessment (This is an ordinal scale) i. Score of redness ii. Score of swelling
           iii. Score of oozing/crusting iv. Post peel hyperpigmentation v. Post peel scarring vi.
           Assessment based on patient and doctor global assessment (global assessment from 1 -
           10)
    </textblock>
  </detailed_description>
  <overall_status>Not yet recruiting</overall_status>
  <start_date>May 2014</start_date>
  <completion_date type="Anticipated">November 2014</completion_date>
  <primary_completion_date type="Anticipated">November 2014</primary_completion_date>
  <phase>Phase 2</phase>
  <study_type>Interventional</study_type>
  <study_design>Endpoint Classification: Safety/Efficacy Study, Intervention Model: Single Group Assignment, Masking: Open Label, Primary Purpose: Treatment</study_design>
  <primary_outcome>
    <measure>Efficacy Assessment</measure>
    <time_frame>3 months</time_frame>
    <safety_issue>No</safety_issue>
    <description>ECCA (échelle d'évaluation clinique des cicatrices d'acné) grading scale for quantitative grading of acne scars
V-shaped atrophic scars with diameter &lt;2 mm: 15
U-shaped atrophic scars with a diameter of 2-4 mm: 20
M-shaped atrophic scars with diameter &gt;4 mm: 25
Superficial elastolysis: 30
Hypertrophic scars with a &lt;2-year duration: 40
Hypertrophic scars of &gt;2-year duration: 50 A semi-quantitative scoring of number of each scar will be performed
No scars: 0
Less than five scars: 1
Between five and 20 scars: 2
More than 20 scars: 3
Patient Assessment Based on 1 to 10 point scale; 1- nil acne scars and 10- severe acne scar
Secondary endpoints
1) Postacne hyperpigmentation index (PAHPI)</description>
  </primary_outcome>
  <primary_outcome>
    <measure>Safety Assessment</measure>
    <time_frame>3 months</time_frame>
    <safety_issue>Yes</safety_issue>
    <description>) Safety Assessment (This is also an ordinal scale) i. Score of redness ii. Score of swelling iii. Score of oozing/crusting iv. Post peel hyperpigmentation v. Post peel scarring</description>
  </primary_outcome>
  <number_of_arms>1</number_of_arms>
  <enrollment type="Anticipated">10</enrollment>
  <condition>Acne Scars</condition>
  <arm_group>
    <arm_group_label>Single Arm</arm_group_label>
    <arm_group_type>Other</arm_group_type>
    <description>Single arm study - pre and post peel assessment</description>
  </arm_group>
  <intervention>
    <intervention_type>Drug</intervention_type>
    <intervention_name>70% glycolic acid</intervention_name>
    <arm_group_label>Single Arm</arm_group_label>
  </intervention>
  <eligibility>
    <criteria>
      <textblock>
        Inclusion Criteria:

          1. Atrophic scars

          2. Skin type I to IV

        Exclusion Criteria:

          1. Pregnancy, breastfeeding

          2. Active dermatitis (on the face), rosacea, allergic rhinitis, active herpes simplex

          3. Known hypersensitivity

          4. Previous keloids

          5. Laser ablative procedures within the last month

          6. Chemical peels within the last 6 months

          7. Used oral retinoids in the past 6 months

          8. Used topical retinoids in the past one week

          9. Used scrub, AHA, skin irritant for the past 24h

         10. Presence of facial warts or fungal infections

         11. Photoallergies

         12. Prior poor reaction to a chemical peel

         13. Radiotherapy

         14. Skin type V and VI

         15. Patients with predominantly ice pick and boxcar scars
      </textblock>
    </criteria>
    <gender>Both</gender>
    <minimum_age>21 Years</minimum_age>
    <maximum_age>60 Years</maximum_age>
    <healthy_volunteers>Accepts Healthy Volunteers</healthy_volunteers>
  </eligibility>
  <overall_contact>
    <last_name>Sam SY Yang, Dr</last_name>
    <phone>85333992</phone>
    <email>samsyyang@gmail.com</email>
  </overall_contact>
  <location>
    <facility>
      <name>National University Hospital</name>
      <address>
        <city>Singapore</city>
        <zip>119074</zip>
        <country>Singapore</country>
      </address>
    </facility>
    <status>Not yet recruiting</status>
    <contact>
      <last_name>Sam Yang, Dr</last_name>
      <phone>85333992</phone>
      <email>samsyyang@gmail.com</email>
    </contact>
  </location>
  <location_countries>
    <country>Singapore</country>
  </location_countries>
  <verification_date>April 2014</verification_date>
  <lastchanged_date>April 28, 2014</lastchanged_date>
  <firstreceived_date>April 28, 2014</firstreceived_date>
  <responsible_party>
    <responsible_party_type>Sponsor</responsible_party_type>
  </responsible_party>
  <keyword>Acne scars</keyword>
  <keyword>70% Glycolic acid peel</keyword>
  <is_fda_regulated>No</is_fda_regulated>
  <has_expanded_access>No</has_expanded_access>
  <intervention_browse>
    <!-- CAUTION:  The following MeSH terms are assigned with an imperfect algorithm  -->
    <mesh_term>Glycolic acid</mesh_term>
  </intervention_browse>
  <!-- Results have not yet been posted for this study                                -->
</clinical_study>
