<?xml version="1.0" encoding="UTF-8"?>
<clinical_study rank="144">
  <!-- This xml conforms to an XML Schema at:
    https://clinicaltrials.gov/ct2/html/images/info/public.xsd
 and an XML DTD at:
    https://clinicaltrials.gov/ct2/html/images/info/public.dtd -->
  <required_header>
    <download_date>ClinicalTrials.gov processed this data on July 08, 2015</download_date>
    <link_text>Link to the current ClinicalTrials.gov record.</link_text>
    <url>https://clinicaltrials.gov/show/NCT00280657</url>
  </required_header>
  <id_info>
    <org_study_id>91299</org_study_id>
    <secondary_id>307760</secondary_id>
    <nct_id>NCT00280657</nct_id>
  </id_info>
  <brief_title>Study on Safety and Efficacy of an Oral Contraceptive in Treating Acne Papulopustulosa</brief_title>
  <official_title>Multicenter, Double-blind, Double-dummy, Randomized Parallel Group Study to Evaluate the Safety and Efficacy of SH D 00659 E for 6 Treatment Cycles in Female Patients With Acne Papulopustulosa in Comparison to SH D 00659 G and Placebo.</official_title>
  <sponsors>
    <lead_sponsor>
      <agency>Bayer</agency>
      <agency_class>Industry</agency_class>
    </lead_sponsor>
  </sponsors>
  <source>Bayer</source>
  <oversight_info>
    <authority>Czech Republic: State Institute for Drug Control</authority>
    <authority>Poland: Office for Registration of Medicinal Products, Medical Devices and Biocidal Products</authority>
    <authority>Russia: Pharmacological Committee, Ministry of Health</authority>
    <authority>Slovakia: State Institute for Drug Control</authority>
    <authority>Ukraine: State Pharmacological Center - Ministry of Health</authority>
    <has_dmc>No</has_dmc>
  </oversight_info>
  <brief_summary>
    <textblock>
      The purpose of the study is to determine safety and efficacy of an oral contraceptive in
      treating acne papulopustulosa.
    </textblock>
  </brief_summary>
  <detailed_description>
    <textblock>
      The study has previously been posted by Schering AG, Germany. Schering AG, Germany has been
      renamed to Bayer Schering Pharma AG, Germany.Bayer Schering Pharma AG, Germany is the
      sponsor of the trial.
    </textblock>
  </detailed_description>
  <overall_status>Completed</overall_status>
  <start_date>March 2004</start_date>
  <completion_date type="Actual">May 2005</completion_date>
  <primary_completion_date type="Actual">May 2005</primary_completion_date>
  <phase>Phase 3</phase>
  <study_type>Interventional</study_type>
  <study_design>Allocation: Randomized, Endpoint Classification: Safety/Efficacy Study, Intervention Model: Parallel Assignment, Masking: Double Blind (Subject, Investigator), Primary Purpose: Treatment</study_design>
  <primary_outcome>
    <measure>Change in lesions</measure>
    <time_frame>6 months</time_frame>
    <safety_issue>No</safety_issue>
  </primary_outcome>
  <secondary_outcome>
    <measure>ISGA</measure>
    <time_frame>6 months</time_frame>
    <safety_issue>No</safety_issue>
  </secondary_outcome>
  <secondary_outcome>
    <measure>Parameters of safety and tolerability</measure>
    <time_frame>6 months</time_frame>
    <safety_issue>Yes</safety_issue>
  </secondary_outcome>
  <number_of_arms>3</number_of_arms>
  <enrollment type="Actual">1326</enrollment>
  <condition>Acne Vulgaris</condition>
  <arm_group>
    <arm_group_label>Arm 1</arm_group_label>
    <arm_group_type>Experimental</arm_group_type>
  </arm_group>
  <arm_group>
    <arm_group_label>Arm 2</arm_group_label>
    <arm_group_type>Active Comparator</arm_group_type>
  </arm_group>
  <arm_group>
    <arm_group_label>Arm 3</arm_group_label>
    <arm_group_type>Placebo Comparator</arm_group_type>
  </arm_group>
  <intervention>
    <intervention_type>Drug</intervention_type>
    <intervention_name>Valette</intervention_name>
    <description>1 tablet 0.030 mg ethinylestradiol / 2 mg dienogest + 1 placebo tablet daily for 21 days followed by a 7-day tablet-free interval, oral administration for 6 cycles</description>
    <arm_group_label>Arm 1</arm_group_label>
  </intervention>
  <intervention>
    <intervention_type>Drug</intervention_type>
    <intervention_name>Diane</intervention_name>
    <description>1 tablet 0.035 mg ethinylestradiol / 2 mg cyproterone acetate + 1 placebo tablet daily for 21 days followed by a 7-day tablet-free interval, oral administration for 6 cycles</description>
    <arm_group_label>Arm 2</arm_group_label>
  </intervention>
  <intervention>
    <intervention_type>Drug</intervention_type>
    <intervention_name>Placebo</intervention_name>
    <description>2 placebo tablets daily for 21 days followed by a 7-day tablet-free interval, oral administration for 6 cycles</description>
    <arm_group_label>Arm 3</arm_group_label>
  </intervention>
  <eligibility>
    <criteria>
      <textblock>
        Inclusion Criteria:

          -  Patients with mild to moderate facial papulopustular acne

        Exclusion Criteria:

          -  Contraindication against use of hormonal contraceptives
      </textblock>
    </criteria>
    <gender>Female</gender>
    <minimum_age>16 Years</minimum_age>
    <maximum_age>45 Years</maximum_age>
    <healthy_volunteers>No</healthy_volunteers>
  </eligibility>
  <overall_official>
    <last_name>Bayer Study Director</last_name>
    <role>Study Director</role>
    <affiliation>Bayer</affiliation>
  </overall_official>
  <location>
    <facility>
      <address>
        <city>Caslav</city>
        <zip>28601</zip>
        <country>Czech Republic</country>
      </address>
    </facility>
  </location>
  <location>
    <facility>
      <address>
        <city>Chomutov</city>
        <zip>43012</zip>
        <country>Czech Republic</country>
      </address>
    </facility>
  </location>
  <location>
    <facility>
      <address>
        <city>Kutna Hora</city>
        <zip>28401</zip>
        <country>Czech Republic</country>
      </address>
    </facility>
  </location>
  <location>
    <facility>
      <address>
        <city>Louny</city>
        <zip>44001</zip>
        <country>Czech Republic</country>
      </address>
    </facility>
  </location>
  <location>
    <facility>
      <address>
        <city>Olomouc</city>
        <zip>77900</zip>
        <country>Czech Republic</country>
      </address>
    </facility>
  </location>
  <location>
    <facility>
      <address>
        <city>Praha 10</city>
        <zip>10034</zip>
        <country>Czech Republic</country>
      </address>
    </facility>
  </location>
  <location>
    <facility>
      <address>
        <city>Praha</city>
        <zip>15500</zip>
        <country>Czech Republic</country>
      </address>
    </facility>
  </location>
  <location>
    <facility>
      <address>
        <city>Slany</city>
        <zip>27401</zip>
        <country>Czech Republic</country>
      </address>
    </facility>
  </location>
  <location>
    <facility>
      <address>
        <city>Svitavy</city>
        <zip>56802</zip>
        <country>Czech Republic</country>
      </address>
    </facility>
  </location>
  <location>
    <facility>
      <address>
        <city>Usti nad Labem</city>
        <zip>40010</zip>
        <country>Czech Republic</country>
      </address>
    </facility>
  </location>
  <location>
    <facility>
      <address>
        <city>Grudziadz</city>
        <zip>86-300</zip>
        <country>Poland</country>
      </address>
    </facility>
  </location>
  <location>
    <facility>
      <address>
        <city>Lodz</city>
        <zip>90265</zip>
        <country>Poland</country>
      </address>
    </facility>
  </location>
  <location>
    <facility>
      <address>
        <city>Lublin</city>
        <zip>20319</zip>
        <country>Poland</country>
      </address>
    </facility>
  </location>
  <location>
    <facility>
      <address>
        <city>Poznan</city>
        <zip>60631</zip>
        <country>Poland</country>
      </address>
    </facility>
  </location>
  <location>
    <facility>
      <address>
        <city>Warszawa</city>
        <zip>00710</zip>
        <country>Poland</country>
      </address>
    </facility>
  </location>
  <location>
    <facility>
      <address>
        <city>Warszawa</city>
        <zip>01456</zip>
        <country>Poland</country>
      </address>
    </facility>
  </location>
  <location>
    <facility>
      <address>
        <city>Warszawa</city>
        <zip>01684</zip>
        <country>Poland</country>
      </address>
    </facility>
  </location>
  <location>
    <facility>
      <address>
        <city>Warszawa</city>
        <zip>02722</zip>
        <country>Poland</country>
      </address>
    </facility>
  </location>
  <location>
    <facility>
      <address>
        <city>Wroclaw</city>
        <zip>50353</zip>
        <country>Poland</country>
      </address>
    </facility>
  </location>
  <location>
    <facility>
      <address>
        <city>Korolev</city>
        <zip>141074</zip>
        <country>Russian Federation</country>
      </address>
    </facility>
  </location>
  <location>
    <facility>
      <address>
        <city>Moscow</city>
        <zip>107076</zip>
        <country>Russian Federation</country>
      </address>
    </facility>
  </location>
  <location>
    <facility>
      <address>
        <city>Moscow</city>
        <zip>119048</zip>
        <country>Russian Federation</country>
      </address>
    </facility>
  </location>
  <location>
    <facility>
      <address>
        <city>Moscow</city>
        <zip>129090</zip>
        <country>Russian Federation</country>
      </address>
    </facility>
  </location>
  <location>
    <facility>
      <address>
        <city>Moskva</city>
        <zip>121614</zip>
        <country>Russian Federation</country>
      </address>
    </facility>
  </location>
  <location>
    <facility>
      <address>
        <city>Moskva</city>
        <zip>121019</zip>
        <country>Russian Federation</country>
      </address>
    </facility>
  </location>
  <location>
    <facility>
      <address>
        <city>Moskva</city>
        <zip>123436</zip>
        <country>Russian Federation</country>
      </address>
    </facility>
  </location>
  <location>
    <facility>
      <address>
        <city>Moskva</city>
        <zip>125009</zip>
        <country>Russian Federation</country>
      </address>
    </facility>
  </location>
  <location>
    <facility>
      <address>
        <city>Moskva</city>
        <zip>125047</zip>
        <country>Russian Federation</country>
      </address>
    </facility>
  </location>
  <location>
    <facility>
      <address>
        <city>Petrozavodsk</city>
        <zip>185013</zip>
        <country>Russian Federation</country>
      </address>
    </facility>
  </location>
  <location>
    <facility>
      <address>
        <city>Sankt-Peterburg</city>
        <zip>192012</zip>
        <country>Russian Federation</country>
      </address>
    </facility>
  </location>
  <location>
    <facility>
      <address>
        <city>Sankt-Peterburg</city>
        <country>Russian Federation</country>
      </address>
    </facility>
  </location>
  <location>
    <facility>
      <address>
        <city>Sankt-Peterburg</city>
        <zip>192102</zip>
        <country>Russian Federation</country>
      </address>
    </facility>
  </location>
  <location>
    <facility>
      <address>
        <city>Sankt-Peterburg</city>
        <zip>194044</zip>
        <country>Russian Federation</country>
      </address>
    </facility>
  </location>
  <location>
    <facility>
      <address>
        <city>Sankt-Peterburg</city>
        <zip>194175</zip>
        <country>Russian Federation</country>
      </address>
    </facility>
  </location>
  <location>
    <facility>
      <address>
        <city>Sankt-Peterburg</city>
        <zip>190020</zip>
        <country>Russian Federation</country>
      </address>
    </facility>
  </location>
  <location>
    <facility>
      <address>
        <city>Sankt-Peterburg</city>
        <zip>197183</zip>
        <country>Russian Federation</country>
      </address>
    </facility>
  </location>
  <location>
    <facility>
      <address>
        <city>St. Petersburg</city>
        <zip>194291</zip>
        <country>Russian Federation</country>
      </address>
    </facility>
  </location>
  <location>
    <facility>
      <address>
        <city>St. Petersburg</city>
        <zip>195 067</zip>
        <country>Russian Federation</country>
      </address>
    </facility>
  </location>
  <location>
    <facility>
      <address>
        <city>Kosice</city>
        <state>Zapad</state>
        <zip>040 11</zip>
        <country>Slovakia</country>
      </address>
    </facility>
  </location>
  <location>
    <facility>
      <address>
        <city>Banska Bystrica</city>
        <zip>974 01</zip>
        <country>Slovakia</country>
      </address>
    </facility>
  </location>
  <location>
    <facility>
      <address>
        <city>Bratislava</city>
        <zip>81108</zip>
        <country>Slovakia</country>
      </address>
    </facility>
  </location>
  <location>
    <facility>
      <address>
        <city>Kosice - Saca</city>
        <zip>040 15</zip>
        <country>Slovakia</country>
      </address>
    </facility>
  </location>
  <location>
    <facility>
      <address>
        <city>Nitra</city>
        <zip>949 01</zip>
        <country>Slovakia</country>
      </address>
    </facility>
  </location>
  <location>
    <facility>
      <address>
        <city>Chernivtsi</city>
        <state>Chernivetska</state>
        <zip>58000</zip>
        <country>Ukraine</country>
      </address>
    </facility>
  </location>
  <location>
    <facility>
      <address>
        <city>Dnipropetrovsk</city>
        <state>Dnipropetrovska</state>
        <zip>49076</zip>
        <country>Ukraine</country>
      </address>
    </facility>
  </location>
  <location>
    <facility>
      <address>
        <city>Donetsk</city>
        <state>Donetska</state>
        <zip>83087</zip>
        <country>Ukraine</country>
      </address>
    </facility>
  </location>
  <location>
    <facility>
      <address>
        <city>Ivano-Frankivsk</city>
        <state>Ivano-Frankivska</state>
        <zip>76000</zip>
        <country>Ukraine</country>
      </address>
    </facility>
  </location>
  <location>
    <facility>
      <address>
        <city>Kharkiv</city>
        <state>Kharkivska</state>
        <zip>61057</zip>
        <country>Ukraine</country>
      </address>
    </facility>
  </location>
  <location>
    <facility>
      <address>
        <city>Kiev</city>
        <state>Kyivska</state>
        <zip>03035</zip>
        <country>Ukraine</country>
      </address>
    </facility>
  </location>
  <location>
    <facility>
      <address>
        <city>Alchevsk</city>
        <state>Luhanska</state>
        <zip>94201</zip>
        <country>Ukraine</country>
      </address>
    </facility>
  </location>
  <location>
    <facility>
      <address>
        <city>Lviv</city>
        <state>Lvivska</state>
        <zip>81130</zip>
        <country>Ukraine</country>
      </address>
    </facility>
  </location>
  <location>
    <facility>
      <address>
        <city>Poltava</city>
        <state>Poltavska</state>
        <zip>314039</zip>
        <country>Ukraine</country>
      </address>
    </facility>
  </location>
  <location>
    <facility>
      <address>
        <city>Simferopol</city>
        <state>Respublika Krym</state>
        <zip>95006</zip>
        <country>Ukraine</country>
      </address>
    </facility>
  </location>
  <location>
    <facility>
      <address>
        <city>Uzhhorod</city>
        <state>Zakarpatska</state>
        <zip>88011</zip>
        <country>Ukraine</country>
      </address>
    </facility>
  </location>
  <location>
    <facility>
      <address>
        <city>Zaporizhzhia</city>
        <state>Zaporizka</state>
        <zip>69063</zip>
        <country>Ukraine</country>
      </address>
    </facility>
  </location>
  <location>
    <facility>
      <address>
        <city>Kiev</city>
        <zip>01023</zip>
        <country>Ukraine</country>
      </address>
    </facility>
  </location>
  <location>
    <facility>
      <address>
        <city>Kiev</city>
        <zip>01032</zip>
        <country>Ukraine</country>
      </address>
    </facility>
  </location>
  <location>
    <facility>
      <address>
        <city>Lugansk</city>
        <zip>91017</zip>
        <country>Ukraine</country>
      </address>
    </facility>
  </location>
  <location>
    <facility>
      <address>
        <city>Makeevka</city>
        <zip>86106</zip>
        <country>Ukraine</country>
      </address>
    </facility>
  </location>
  <location>
    <facility>
      <address>
        <city>Odessa</city>
        <zip>65006</zip>
        <country>Ukraine</country>
      </address>
    </facility>
  </location>
  <location>
    <facility>
      <address>
        <city>Rovno</city>
        <zip>33000</zip>
        <country>Ukraine</country>
      </address>
    </facility>
  </location>
  <location>
    <facility>
      <address>
        <city>Ternopil</city>
        <zip>46006</zip>
        <country>Ukraine</country>
      </address>
    </facility>
  </location>
  <location_countries>
    <country>Czech Republic</country>
    <country>Poland</country>
    <country>Russian Federation</country>
    <country>Slovakia</country>
    <country>Ukraine</country>
  </location_countries>
  <link>
    <url>http://www.fda.gov/cder/drug/DrugSafety/DrugIndex.htm</url>
    <description>Click here and search for drug information provided by the FDA.</description>
  </link>
  <link>
    <url>http://www.fda.gov/medwatch/safety.htm</url>
    <description>Click here and search for information on any recalls, market or product safety alerts by the FDA which might have occurred with this product.</description>
  </link>
  <link>
    <url>http://www.bayerpharma.com/en/research-and-development/clinical-trials/trial-finder/index.php</url>
    <description>Click here to find results for studies related to Bayer Healthcare products.</description>
  </link>
  <verification_date>December 2014</verification_date>
  <lastchanged_date>December 17, 2014</lastchanged_date>
  <firstreceived_date>January 20, 2006</firstreceived_date>
  <responsible_party>
    <responsible_party_type>Sponsor</responsible_party_type>
  </responsible_party>
  <keyword>Acne papulopustulosa</keyword>
  <is_fda_regulated>No</is_fda_regulated>
  <has_expanded_access>No</has_expanded_access>
  <condition_browse>
    <!-- CAUTION:  The following MeSH terms are assigned with an imperfect algorithm  -->
    <mesh_term>Acne Vulgaris</mesh_term>
  </condition_browse>
  <!-- Results have not yet been posted for this study                                -->
</clinical_study>
