<?xml version="1.0" encoding="UTF-8"?>
<clinical_study rank="298">
  <!-- This xml conforms to an XML Schema at:
    https://clinicaltrials.gov/ct2/html/images/info/public.xsd
 and an XML DTD at:
    https://clinicaltrials.gov/ct2/html/images/info/public.dtd -->
  <required_header>
    <download_date>ClinicalTrials.gov processed this data on July 08, 2015</download_date>
    <link_text>Link to the current ClinicalTrials.gov record.</link_text>
    <url>https://clinicaltrials.gov/show/NCT00041977</url>
  </required_header>
  <id_info>
    <org_study_id>DERM-303</org_study_id>
    <nct_id>NCT00041977</nct_id>
  </id_info>
  <brief_title>Determine the Effect of Administering Periostat(R) Twice Daily on Patients With Acne Rosacea</brief_title>
  <official_title>A Multicenter, Randomized, Double-Blind, Placebo-Controlled, Clinical Trial to Determine the Effects of Doxycycline Hyclate 20 Mg Tablets [Periostat(R)] Administered Twice Daily for the Treatment of Acne Rosacea</official_title>
  <sponsors>
    <lead_sponsor>
      <agency>CollaGenex Pharmaceuticals</agency>
      <agency_class>Industry</agency_class>
    </lead_sponsor>
  </sponsors>
  <source>CollaGenex Pharmaceuticals</source>
  <oversight_info>
    <authority>United States: Food and Drug Administration</authority>
  </oversight_info>
  <brief_summary>
    <textblock>
      The purpose of this study is to determine whether Periostat(R), Doxycycline Hyclate 20 mg
      Tablets, taken twice daily is effective in reducing the red and white heads and overall
      redness associated with rosacea.
    </textblock>
  </brief_summary>
  <overall_status>Completed</overall_status>
  <start_date>June 2002</start_date>
  <phase>Phase 3</phase>
  <study_type>Interventional</study_type>
  <study_design>Allocation: Randomized, Endpoint Classification: Efficacy Study, Intervention Model: Single Group Assignment, Masking: Double-Blind, Primary Purpose: Treatment</study_design>
  <enrollment>150</enrollment>
  <condition>Acne Rosacea</condition>
  <intervention>
    <intervention_type>Drug</intervention_type>
    <intervention_name>doxycycline hyclate 20 mg twice daily</intervention_name>
  </intervention>
  <eligibility>
    <criteria>
      <textblock>
        Inclusion Criteria

          -  Healthy, post-pubescent male and females &gt; age 18, with rosacea, 10 to 30, [papules
             and pustules] and &lt; 2 nodules.

          -  Presence of moderate to severe erythema.

          -  Presence of telangiectasia.

          -  Female patients must utilize one of the following methods of birth control throughout
             the study: IUD, diaphragm, a condom plus the use of a spermicidal gel or foam, oral
             contraceptives (provided patient has been utilizing this method for at least 4 months
             prior to baseline and has not changed the brand within this period).  Patients may
             also participate if they are surgically sterilized, in a monogamous relationship with
             a sterile partner, or sign an agreement that they will abstain from sexual
             intercourse during the course of a study.

          -  Patients must sign an informed consent form.

          -  Negative pregnancy test and non-lactating.

        Exclusion Criteria

          -  The initiation of a hormonal method of contraception within 4 months of baseline; or
             discontinuation during the course of study; or change in the actual product within 4
             months of baseline or during the study.

          -  The use of topical acne treatments within 2 weeks of baseline.

          -  The use of systemic antibiotics within 4 weeks of baseline.

          -  The use of an investigational drug with 90 days of baseline.

          -  Pregnant women or women of child-bearing potential who are not using an adequate form
             of birth control as described in Item 4 of the Inclusion Criteria.

          -  Nursing women.

          -  Patients with a known hypersensitivity to tetracyclines.

          -  Patients on clinically significant, concomitant drug therapy (See section below).

          -  The use of any acne treatment during the course of the study.

          -  The use of topical steroids 6 weeks prior to baseline and during the study.

          -  The use of systemic corticosteroids 6 weeks prior to baseline and during the study.

          -  The use of vasodilators 6 weeks prior to baseline or during the study.

          -  The use of α-adrenergic receptor-blocking agents 6 weeks prior to baseline and during
             the study.

        Prohibited Medications:

          -  Chronic use (&gt; 14 days) of sulfa drugs, erythromycin, cephalosporins, and quinolones.

          -  The use of tetracycline antibiotics is prohibited.

          -  Use of any acne treatment during the course of the study, including spironolactone.

          -  Chronic use (&gt; 14 days) of NSAIDs.  Chronic use of aspirin at sub-analgesic doses (&lt;
             325 mg q.d.) may be used by those patient requiring platelet aggregation inhibitor.

          -  Penicillin antibiotics should NOT be used during the course of this trial since the
             bacteriostatic action of doxycycline may interfere with the bactericidal action of
             penicillins.

          -  Antacids and vitamins containing aluminum, calcium, or magnesium may impair drug
             absorption and should be taken at least 1.5 hours before or 3.0 hours after taking
             study medication.
      </textblock>
    </criteria>
    <gender>Both</gender>
    <minimum_age>18 Years</minimum_age>
    <maximum_age>N/A</maximum_age>
    <healthy_volunteers>Accepts Healthy Volunteers</healthy_volunteers>
  </eligibility>
  <location>
    <facility>
      <name>University of Florida</name>
      <address>
        <city>Gainesville</city>
        <state>Florida</state>
        <zip>32610</zip>
        <country>United States</country>
      </address>
    </facility>
  </location>
  <location>
    <facility>
      <name>University of Miami Medical Center</name>
      <address>
        <city>Miami</city>
        <state>Florida</state>
        <zip>33136</zip>
        <country>United States</country>
      </address>
    </facility>
  </location>
  <location>
    <facility>
      <name>Beer and Houck/Florida Dermatology Institute</name>
      <address>
        <city>West Palm Beach</city>
        <state>Florida</state>
        <zip>33104</zip>
        <country>United States</country>
      </address>
    </facility>
  </location>
  <location>
    <facility>
      <name>University of Louisville</name>
      <address>
        <city>Louisville</city>
        <state>Kentucky</state>
        <zip>40202</zip>
        <country>United States</country>
      </address>
    </facility>
  </location>
  <location>
    <facility>
      <name>Milton S. Hershey Medical Center</name>
      <address>
        <city>Hershey</city>
        <state>Pennsylvania</state>
        <zip>17033</zip>
        <country>United States</country>
      </address>
    </facility>
  </location>
  <location>
    <facility>
      <name>University of Pennsylvania</name>
      <address>
        <city>Philadelphia</city>
        <state>Pennsylvania</state>
        <zip>19104</zip>
        <country>United States</country>
      </address>
    </facility>
  </location>
  <location>
    <facility>
      <name>David Pariser, MD</name>
      <address>
        <city>Norfolk</city>
        <state>Virginia</state>
        <zip>23507</zip>
        <country>United States</country>
      </address>
    </facility>
  </location>
  <location_countries>
    <country>United States</country>
  </location_countries>
  <verification_date>November 2003</verification_date>
  <lastchanged_date>June 23, 2005</lastchanged_date>
  <firstreceived_date>July 19, 2002</firstreceived_date>
  <keyword>Rosacea</keyword>
  <condition_browse>
    <!-- CAUTION:  The following MeSH terms are assigned with an imperfect algorithm  -->
    <mesh_term>Rosacea</mesh_term>
  </condition_browse>
  <intervention_browse>
    <!-- CAUTION:  The following MeSH terms are assigned with an imperfect algorithm  -->
    <mesh_term>Doxycycline</mesh_term>
  </intervention_browse>
  <!-- Results have not yet been posted for this study                                -->
</clinical_study>
