<?xml version="1.0" encoding="UTF-8"?>
<clinical_study rank="252">
  <!-- This xml conforms to an XML Schema at:
    https://clinicaltrials.gov/ct2/html/images/info/public.xsd
 and an XML DTD at:
    https://clinicaltrials.gov/ct2/html/images/info/public.dtd -->
  <required_header>
    <download_date>ClinicalTrials.gov processed this data on July 08, 2015</download_date>
    <link_text>Link to the current ClinicalTrials.gov record.</link_text>
    <url>https://clinicaltrials.gov/show/NCT00952523</url>
  </required_header>
  <id_info>
    <org_study_id>CA-P-7190</org_study_id>
    <nct_id>NCT00952523</nct_id>
  </id_info>
  <brief_title>Evaluation of Irritation That Potentially Could be Caused by Two Facial Gels Applied to Opposite Sides of the Face</brief_title>
  <official_title>An Investigator-Blind, Phase 4 Study Assessing the Facial Irritation Potential of Two Acne Treatment Products (Retin-A Micro Gel, 0.04% Pump and Epiduo Gel) Using a Split-Face Model</official_title>
  <sponsors>
    <lead_sponsor>
      <agency>Valeant Pharmaceuticals International, Inc.</agency>
      <agency_class>Industry</agency_class>
    </lead_sponsor>
  </sponsors>
  <source>Valeant Pharmaceuticals International, Inc.</source>
  <oversight_info>
    <authority>United States: Institutional Review Board</authority>
    <has_dmc>No</has_dmc>
  </oversight_info>
  <brief_summary>
    <textblock>
      A study to compare the skin irritation potential of two marketed gels for acne treatment,
      each applied to half of the face of healthy volunteers.
    </textblock>
  </brief_summary>
  <detailed_description>
    <textblock>
      At the Baseline Visit, following satisfaction of entry criteria and screening procedures,
      all subjects will be applying two products to their faces, each on one side only.  The side
      of the face receiving each product is randomly assigned.  One group will use Retin-A MICRO
      Gel, (tretinoin) 0.04% Pump on the left side of the face and Epiduo Gel (adapalene .1% and
      benzoyl peroxide 2.5%), on the right side of the face daily for 3 consecutive weeks after
      washing with study-supplied facial wash.  The other group will use the same products, but on
      opposite sides of the face for three consecutive weeks after washing with the same
      study-supplied facial wash.

      Subjects will return to the study center every weekday morning for evaluation and
      application of both study products. Applications done on the weekends, will be done at home
      by the subject. At each visit the subject will be scored for cutaneous treatment effects by
      a blinded evaluator.  At baseline and at the end of each week, subjects will be photographed
      and have chromometer readings.
    </textblock>
  </detailed_description>
  <overall_status>Completed</overall_status>
  <start_date>July 2009</start_date>
  <completion_date type="Actual">October 2009</completion_date>
  <primary_completion_date type="Actual">October 2009</primary_completion_date>
  <phase>Phase 4</phase>
  <study_type>Interventional</study_type>
  <study_design>Allocation: Randomized, Intervention Model: Single Group Assignment, Masking: Single Blind (Investigator), Primary Purpose: Treatment</study_design>
  <primary_outcome>
    <measure>Facial Irritation and Cutaneous Effects</measure>
    <time_frame>three weeks</time_frame>
    <safety_issue>No</safety_issue>
    <description>Scores on a scale were recorded each weekday.  The scale for Erythema and Dryness was from 0=none to 8=severe (highest possible score is calculated as 8x5daysx3weeks=120).  The scale for Burning/Stinging and Itching was from 0=none to 3=severe (highest possible score was calculated as 3x5daysx3weeks=45).  The scores that were accumulated through the study for each treatment were then compared.</description>
  </primary_outcome>
  <number_of_arms>1</number_of_arms>
  <enrollment type="Actual">162</enrollment>
  <condition>Acne Vulgaris</condition>
  <arm_group>
    <arm_group_label>Tretinoin &amp; Adapalene-Benzoyl Peroxide</arm_group_label>
    <arm_group_type>Experimental</arm_group_type>
    <description>Tretinoin and Adapalene-Benzoyl Peroxide facial gels applied once daily in a split face model</description>
  </arm_group>
  <intervention>
    <intervention_type>Drug</intervention_type>
    <intervention_name>Tretinoin Facial Gel</intervention_name>
    <description>A marketed facial gel containing Tretinoin 0.04% is applied to one side of the face daily for three weeks.</description>
    <arm_group_label>Tretinoin &amp; Adapalene-Benzoyl Peroxide</arm_group_label>
    <other_name>Retin-A Micro Gel 0.04% Pump</other_name>
  </intervention>
  <intervention>
    <intervention_type>Drug</intervention_type>
    <intervention_name>Adapalene/Benzoyl Peroxide Facial Gel</intervention_name>
    <description>A marketed facial gel containing Adapalene .1% and Benzoyl peroxide 2.5% is applied to the other side of the face daily for three weeks</description>
    <arm_group_label>Tretinoin &amp; Adapalene-Benzoyl Peroxide</arm_group_label>
    <other_name>Epiduo Gel</other_name>
  </intervention>
  <eligibility>
    <criteria>
      <textblock>
        Inclusion Criteria:

          -  Healthy volunteers

          -  Before screening, subjects (or legally authorized representative) must read and sign
             the IRB approved Informed Consent Form (includes HIPPA and Photo release)

          -  Subjects must have Fitzpatrick Skin Type I, II or III, and judged by the Investigator
             to have healthy skin

          -  Subject's bilateral facial skin must be clear of any confounding irritation, rashes,
             acne, rosacea, etc. prior to the study

          -  Subject must be free of systemic retinoids for at least 2 months

          -  Subject must not be using any topical retinoids, systemic antibiotics, nicotinamide
             or systemic steroids for 1 month prior to study start

          -  All other topical medications to face (e.g., steroids, antimicrobials, salicylic acid
             and benzoyl peroxide) and cosmetics containing retinols, AHA's and bleaching agents
             such as hydroquinone are to be discontinued at least 2 weeks prior to study
             initiation

          -  Subjects will not apply any emollients and cosmetics to the facial area 24 hours
             prior to study initiation

          -  Subject must not be planning to become pregnant or nursing before entering the study
             and during the study period. In addition if using birth control pills, subject must
             be stabilized for at least 2 months. If subject is of child bearing potential,
             subject must be using approved method of birth control. Approved methods are birth
             control pills, implants, patches or spermicide with condoms.

        Exclusion Criteria:

          -  Subjects who are pregnant or nursing

          -  Subjects who have a grade 1 or more for facial erythema

          -  Subjects who exhibit any skin condition (i.e., atopic dermatitis, seborrheic
             dermatitis, and psoriasis) or disease that may require concurrent therapy or may
             confound the evaluation of drug safety or efficacy

          -  Subjects who have a history of hypersensitivity to any of the formulation components

          -  Subjects who have received any experimental drug or used any experimental device 30
             days prior to initiation of study therapy

          -  Subjects who have excessive facial hair that may obstruct or hinder the evaluation of
             any reactions

          -  Subjects who use any known photosensitizing agents

          -  Subjects who presently have skin cancer or actinic keratosis on the face
      </textblock>
    </criteria>
    <gender>Both</gender>
    <minimum_age>18 Years</minimum_age>
    <maximum_age>45 Years</maximum_age>
    <healthy_volunteers>Accepts Healthy Volunteers</healthy_volunteers>
  </eligibility>
  <overall_official>
    <last_name>David Lineberry</last_name>
    <role>Study Director</role>
    <affiliation>Valeant Pharmaceuticals International, Inc.</affiliation>
  </overall_official>
  <location>
    <facility>
      <name>Skin Study Center</name>
      <address>
        <city>Broomall</city>
        <state>Pennsylvania</state>
        <zip>19008</zip>
        <country>United States</country>
      </address>
    </facility>
  </location>
  <location_countries>
    <country>United States</country>
  </location_countries>
  <link>
    <url>http://www.accessdata.fda.gov/scripts/cder/drugsatfda/index.cfm</url>
    <description>FDA's Drug Finder</description>
  </link>
  <results_reference>
    <citation>Leyden JJ, Nighland M, Rossi AB, Ramaswamy R. Irritation potential of tretinoin gel microsphere pump versus adapalene plus benzoyl peroxide gel. J Drugs Dermatol. 2010 Aug;9(8):998-1003.</citation>
    <PMID>20684151</PMID>
  </results_reference>
  <verification_date>February 2012</verification_date>
  <lastchanged_date>February 14, 2012</lastchanged_date>
  <firstreceived_date>August 4, 2009</firstreceived_date>
  <firstreceived_results_date>January 26, 2010</firstreceived_results_date>
  <responsible_party>
    <responsible_party_type>Sponsor</responsible_party_type>
  </responsible_party>
  <keyword>acne</keyword>
  <keyword>irritation</keyword>
  <keyword>objective sensory methods</keyword>
  <is_fda_regulated>Yes</is_fda_regulated>
  <is_section_801>Yes</is_section_801>
  <has_expanded_access>No</has_expanded_access>
  <condition_browse>
    <!-- CAUTION:  The following MeSH terms are assigned with an imperfect algorithm  -->
    <mesh_term>Acne Vulgaris</mesh_term>
  </condition_browse>
  <intervention_browse>
    <!-- CAUTION:  The following MeSH terms are assigned with an imperfect algorithm  -->
    <mesh_term>Adapalene</mesh_term>
    <mesh_term>Benzoyl Peroxide</mesh_term>
    <mesh_term>Tretinoin</mesh_term>
  </intervention_browse>
  <!-- Results are available for this study                                           -->
</clinical_study>
