<?xml version="1.0" encoding="UTF-8"?>
<clinical_study rank="387">
  <!-- This xml conforms to an XML Schema at:
    https://clinicaltrials.gov/ct2/html/images/info/public.xsd
 and an XML DTD at:
    https://clinicaltrials.gov/ct2/html/images/info/public.dtd -->
  <required_header>
    <download_date>ClinicalTrials.gov processed this data on July 08, 2015</download_date>
    <link_text>Link to the current ClinicalTrials.gov record.</link_text>
    <url>https://clinicaltrials.gov/show/NCT02047903</url>
  </required_header>
  <id_info>
    <org_study_id>1200.205</org_study_id>
    <nct_id>NCT02047903</nct_id>
  </id_info>
  <brief_title>GIOTRIF in First Line Therapy of Advanced NSCLC With EGFR-mutations</brief_title>
  <official_title>An Observational Study of GIOTRIF (Afatinib) for First Line Therapy in Patients With Advanced Non Small Cell Lung Cancer (NSCLC) Harboring Epidermal Growth Factor Receptor (EGFR)-Mutations.</official_title>
  <sponsors>
    <lead_sponsor>
      <agency>Boehringer Ingelheim</agency>
      <agency_class>Industry</agency_class>
    </lead_sponsor>
  </sponsors>
  <source>Boehringer Ingelheim</source>
  <oversight_info>
    <authority>Germany: Federal Ministry of Food, Agriculture and Consumer Protection</authority>
  </oversight_info>
  <brief_summary>
    <textblock>
      This observational study will investigate the efficacy, safety, tolerability and symptom
      control of GIOTRIF (Afatinib) in daily routine first-line therapy in patients with locally
      advanced or metastatic NSCLC harboring EGFR-mutations. Eligible NSCLC patients, for whom the
      treating physician has decided to initiate treatment with GIOTRIF in first line according to
      the local label, will be followed up for approximately 24 months.
    </textblock>
  </brief_summary>
  <detailed_description>
    <textblock>
      Study Design:
    </textblock>
  </detailed_description>
  <overall_status>Recruiting</overall_status>
  <start_date>March 2014</start_date>
  <completion_date type="Anticipated">December 2017</completion_date>
  <primary_completion_date type="Anticipated">November 2017</primary_completion_date>
  <phase>N/A</phase>
  <study_type>Observational</study_type>
  <study_design>Time Perspective: Prospective</study_design>
  <primary_outcome>
    <measure>Percentage of patients without tumor progression at 12 months (progression-free survival rate at 1 year, %)</measure>
    <time_frame>up 48 month</time_frame>
    <safety_issue>No</safety_issue>
  </primary_outcome>
  <secondary_outcome>
    <measure>Objective response rate (complete response, CR + partial response, PR, %)</measure>
    <time_frame>up 48 month</time_frame>
    <safety_issue>No</safety_issue>
  </secondary_outcome>
  <secondary_outcome>
    <measure>,Percentage of patients with disease control (CR + PR + stable disease, SD, %)</measure>
    <time_frame>up 48 month</time_frame>
    <safety_issue>No</safety_issue>
  </secondary_outcome>
  <secondary_outcome>
    <measure>Progression free survival (PFS, month)</measure>
    <time_frame>up 48 month</time_frame>
    <safety_issue>No</safety_issue>
  </secondary_outcome>
  <secondary_outcome>
    <measure>Safety: Incidence of adverse events (SAEs and AEs)</measure>
    <time_frame>up 48 month</time_frame>
    <safety_issue>No</safety_issue>
  </secondary_outcome>
  <secondary_outcome>
    <measure>Tolerability and side-effect profile: incidence and grade of diarrhea, rash/acne, stomatitis and paronychia</measure>
    <time_frame>up 48 month</time_frame>
    <safety_issue>No</safety_issue>
  </secondary_outcome>
  <secondary_outcome>
    <measure>Treatment duration and modifications (dose modifications, treatment discontinuations and interruptions)</measure>
    <time_frame>up 48 month</time_frame>
    <safety_issue>No</safety_issue>
  </secondary_outcome>
  <secondary_outcome>
    <measure>Symptom control (cough, dyspnea and pain) according to EORTC-Questionnaires QLQ C30/ LC13</measure>
    <time_frame>up 48 month</time_frame>
    <safety_issue>No</safety_issue>
  </secondary_outcome>
  <number_of_groups>1</number_of_groups>
  <enrollment type="Anticipated">150</enrollment>
  <condition>Carcinoma, Non-Small-Cell Lung</condition>
  <arm_group>
    <arm_group_label>Afatinib</arm_group_label>
  </arm_group>
  <eligibility>
    <study_pop>
      <textblock>
        NSCLC-EGFR mutation positive
      </textblock>
    </study_pop>
    <sampling_method>Probability Sample</sampling_method>
    <criteria>
      <textblock>
        Inclusion criteria:

          -  EGFR- tyrosine kinase inhibitor (TKI) naive patients with histologically confirmed
             locally advanced or metastatic NSCLC with activating EGFR-mutations

          -  Age &gt;= 18 years

          -  Patients for whom the treating physician has decided to initiate treatment with
             GIOTRIF

          -  Written informed consent prior inclusion

        Exclusion criteria:

          -  Contraindication for Afatinib according to the Summary of Product characteristics

          -  Participation in another clinical study until 30 days after end of treatment

          -  Prior systemic chemotherapy (Neo-/adjuvant therapy is permitted if at least 12 months
             has elapsed prior to disease progression)

          -  Previous treatment with an EGFR-tyrosine kinase inhibitor

          -  Patients not willing or not able to fill in quality of life questionnaires

          -  Patients with missing or impaired legal capacity

          -  Pregnancy
      </textblock>
    </criteria>
    <gender>Both</gender>
    <minimum_age>18 Years</minimum_age>
    <maximum_age>N/A</maximum_age>
    <healthy_volunteers>No</healthy_volunteers>
  </eligibility>
  <overall_official>
    <last_name>Boehringer Ingelheim</last_name>
    <role>Study Chair</role>
    <affiliation>Boehringer Ingelheim</affiliation>
  </overall_official>
  <overall_contact>
    <last_name>Boehringer Ingelheim Call Center</last_name>
    <phone>1-800-243-0127</phone>
    <email>clintriage.rdg@boehringer-ingelheim.com</email>
  </overall_contact>
  <location>
    <facility>
      <name>Boehringer Ingelheim Investigational Site 22</name>
      <address>
        <city>Aachen</city>
        <country>Germany</country>
      </address>
    </facility>
    <status>Recruiting</status>
  </location>
  <location>
    <facility>
      <name>Boehringer Ingelheim Investigational Site 31</name>
      <address>
        <city>Augsburg</city>
        <country>Germany</country>
      </address>
    </facility>
    <status>Recruiting</status>
  </location>
  <location>
    <facility>
      <name>Boehringer Ingelheim Investigational Site 27</name>
      <address>
        <city>Baden-Baden</city>
        <country>Germany</country>
      </address>
    </facility>
    <status>Recruiting</status>
  </location>
  <location>
    <facility>
      <name>Boehringer Ingelheim Investigational Site 26</name>
      <address>
        <city>Berlin</city>
        <country>Germany</country>
      </address>
    </facility>
    <status>Recruiting</status>
  </location>
  <location>
    <facility>
      <name>Boehringer Ingelheim Investigational Site 35</name>
      <address>
        <city>Berlin</city>
        <country>Germany</country>
      </address>
    </facility>
    <status>Recruiting</status>
  </location>
  <location>
    <facility>
      <name>Boehringer Ingelheim Investigational Site 6</name>
      <address>
        <city>Berlin</city>
        <country>Germany</country>
      </address>
    </facility>
    <status>Recruiting</status>
  </location>
  <location>
    <facility>
      <name>Boehringer Ingelheim Investigational Site 39</name>
      <address>
        <city>Bochum</city>
        <country>Germany</country>
      </address>
    </facility>
    <status>Recruiting</status>
  </location>
  <location>
    <facility>
      <name>Boehringer Ingelheim Investigational Site 37</name>
      <address>
        <city>Bonn</city>
        <country>Germany</country>
      </address>
    </facility>
    <status>Recruiting</status>
  </location>
  <location>
    <facility>
      <name>Boehringer Ingelheim Investigational Site 36</name>
      <address>
        <city>Borken</city>
        <country>Germany</country>
      </address>
    </facility>
    <status>Recruiting</status>
  </location>
  <location>
    <facility>
      <name>Boehringer Ingelheim Investigational Site 24</name>
      <address>
        <city>Bottrop</city>
        <country>Germany</country>
      </address>
    </facility>
    <status>Recruiting</status>
  </location>
  <location>
    <facility>
      <name>Boehringer Ingelheim Investigational Site 46</name>
      <address>
        <city>Bovenden</city>
        <country>Germany</country>
      </address>
    </facility>
    <status>Recruiting</status>
  </location>
  <location>
    <facility>
      <name>Boehringer Ingelheim Investigational Site 14</name>
      <address>
        <city>Dresden</city>
        <country>Germany</country>
      </address>
    </facility>
    <status>Recruiting</status>
  </location>
  <location>
    <facility>
      <name>Boehringer Ingelheim Investigational Site 17</name>
      <address>
        <city>Düsseldorf</city>
        <country>Germany</country>
      </address>
    </facility>
    <status>Recruiting</status>
  </location>
  <location>
    <facility>
      <name>Boehringer Ingelheim Investigational Site 20</name>
      <address>
        <city>Erlangen</city>
        <country>Germany</country>
      </address>
    </facility>
    <status>Recruiting</status>
  </location>
  <location>
    <facility>
      <name>Boehringer Ingelheim Investigational Site 32</name>
      <address>
        <city>Esslingen</city>
        <country>Germany</country>
      </address>
    </facility>
    <status>Recruiting</status>
  </location>
  <location>
    <facility>
      <name>Boehringer Ingelheim Investigational Site 12</name>
      <address>
        <city>Frankfurt am Main</city>
        <country>Germany</country>
      </address>
    </facility>
    <status>Recruiting</status>
  </location>
  <location>
    <facility>
      <name>Boehringer Ingelheim Investigational Site 5</name>
      <address>
        <city>Freiburg</city>
        <country>Germany</country>
      </address>
    </facility>
    <status>Recruiting</status>
  </location>
  <location>
    <facility>
      <name>Boehringer Ingelheim Investigational Site 8</name>
      <address>
        <city>Fulda</city>
        <country>Germany</country>
      </address>
    </facility>
    <status>Recruiting</status>
  </location>
  <location>
    <facility>
      <name>Boehringer Ingelheim Investigational Site 38</name>
      <address>
        <city>Gera</city>
        <country>Germany</country>
      </address>
    </facility>
    <status>Recruiting</status>
  </location>
  <location>
    <facility>
      <name>Boehringer Ingelheim Investigational Site 7</name>
      <address>
        <city>Gerlingen</city>
        <country>Germany</country>
      </address>
    </facility>
    <status>Recruiting</status>
  </location>
  <location>
    <facility>
      <name>Boehringer Ingelheim Investigational Site 1</name>
      <address>
        <city>Großhansdorf</city>
        <country>Germany</country>
      </address>
    </facility>
    <status>Recruiting</status>
  </location>
  <location>
    <facility>
      <name>Boehringer Ingelheim Investigational Site 21</name>
      <address>
        <city>Halle</city>
        <country>Germany</country>
      </address>
    </facility>
    <status>Recruiting</status>
  </location>
  <location>
    <facility>
      <name>Boehringer Ingelheim Investigational Site 15</name>
      <address>
        <city>Hamburg</city>
        <country>Germany</country>
      </address>
    </facility>
    <status>Recruiting</status>
  </location>
  <location>
    <facility>
      <name>Boehringer Ingelheim Investigational Site 40</name>
      <address>
        <city>Hamburg</city>
        <country>Germany</country>
      </address>
    </facility>
    <status>Recruiting</status>
  </location>
  <location>
    <facility>
      <name>Boehringer Ingelheim Investigational Site 13</name>
      <address>
        <city>Hannover</city>
        <country>Germany</country>
      </address>
    </facility>
    <status>Recruiting</status>
  </location>
  <location>
    <facility>
      <name>Boehringer Ingelheim Investigational Site 30</name>
      <address>
        <city>Hof</city>
        <country>Germany</country>
      </address>
    </facility>
    <status>Recruiting</status>
  </location>
  <location>
    <facility>
      <name>Boehringer Ingelheim Investigational Site 33</name>
      <address>
        <city>Koblenz</city>
        <country>Germany</country>
      </address>
    </facility>
    <status>Recruiting</status>
  </location>
  <location>
    <facility>
      <name>Boehringer Ingelheim Investigational Site 43</name>
      <address>
        <city>Krefeld</city>
        <country>Germany</country>
      </address>
    </facility>
    <status>Recruiting</status>
  </location>
  <location>
    <facility>
      <name>Boehringer Ingelheim Investigational Site 19</name>
      <address>
        <city>Lostau</city>
        <country>Germany</country>
      </address>
    </facility>
    <status>Recruiting</status>
  </location>
  <location>
    <facility>
      <name>Boehringer Ingelheim Investigational Site 44</name>
      <address>
        <city>Lünen</city>
        <country>Germany</country>
      </address>
    </facility>
    <status>Recruiting</status>
  </location>
  <location>
    <facility>
      <name>Boehringer Ingelheim Investigational Site 3</name>
      <address>
        <city>Mainz</city>
        <country>Germany</country>
      </address>
    </facility>
    <status>Recruiting</status>
  </location>
  <location>
    <facility>
      <name>Boehringer Ingelheim Investigational Site 42</name>
      <address>
        <city>Moers</city>
        <country>Germany</country>
      </address>
    </facility>
    <status>Recruiting</status>
  </location>
  <location>
    <facility>
      <name>Boehringer Ingelheim Investigational Site 10</name>
      <address>
        <city>München</city>
        <country>Germany</country>
      </address>
    </facility>
    <status>Recruiting</status>
  </location>
  <location>
    <facility>
      <name>Boehringer Ingelheim Investigational Site 47</name>
      <address>
        <city>München</city>
        <country>Germany</country>
      </address>
    </facility>
    <status>Recruiting</status>
  </location>
  <location>
    <facility>
      <name>Boehringer Ingelheim Investigational Site 2</name>
      <address>
        <city>Nürnberg</city>
        <country>Germany</country>
      </address>
    </facility>
    <status>Recruiting</status>
  </location>
  <location>
    <facility>
      <name>Boehringer Ingelheim Investigational Site 16</name>
      <address>
        <city>Oldenburg</city>
        <country>Germany</country>
      </address>
    </facility>
    <status>Recruiting</status>
  </location>
  <location>
    <facility>
      <name>Boehringer Ingelheim Investigational Site 4</name>
      <address>
        <city>Paderborn</city>
        <country>Germany</country>
      </address>
    </facility>
    <status>Recruiting</status>
  </location>
  <location>
    <facility>
      <name>Boehringer Ingelheim Investigational Site 45</name>
      <address>
        <city>Rheine</city>
        <country>Germany</country>
      </address>
    </facility>
    <status>Recruiting</status>
  </location>
  <location>
    <facility>
      <name>Boehringer Ingelheim Investigational Site 11</name>
      <address>
        <city>Rosenheim</city>
        <country>Germany</country>
      </address>
    </facility>
    <status>Recruiting</status>
  </location>
  <location>
    <facility>
      <name>Boehringer Ingelheim Investigational Site 25</name>
      <address>
        <city>Schwerin</city>
        <country>Germany</country>
      </address>
    </facility>
    <status>Recruiting</status>
  </location>
  <location>
    <facility>
      <name>Boehringer Ingelheim Investigational Site 34</name>
      <address>
        <city>Sonneberg</city>
        <country>Germany</country>
      </address>
    </facility>
    <status>Recruiting</status>
  </location>
  <location>
    <facility>
      <name>Boehringer Ingelheim Investigational Site 41</name>
      <address>
        <city>Treuenbrietzen</city>
        <country>Germany</country>
      </address>
    </facility>
    <status>Recruiting</status>
  </location>
  <location>
    <facility>
      <name>Boehringer Ingelheim Investigational Site 9</name>
      <address>
        <city>Tübingen</city>
        <country>Germany</country>
      </address>
    </facility>
    <status>Recruiting</status>
  </location>
  <location>
    <facility>
      <name>Boehringer Ingelheim Investigational Site 28</name>
      <address>
        <city>Völklingen</city>
        <country>Germany</country>
      </address>
    </facility>
    <status>Recruiting</status>
  </location>
  <location>
    <facility>
      <name>Boehringer Ingelheim Investigational Site 18</name>
      <address>
        <city>Wolfsburg</city>
        <country>Germany</country>
      </address>
    </facility>
    <status>Recruiting</status>
  </location>
  <location>
    <facility>
      <name>Boehringer Ingelheim Investigational Site 29</name>
      <address>
        <city>Würzburg</city>
        <country>Germany</country>
      </address>
    </facility>
    <status>Recruiting</status>
  </location>
  <location>
    <facility>
      <name>Boehringer Ingelheim Investigational Site 23</name>
      <address>
        <city>Zittau</city>
        <country>Germany</country>
      </address>
    </facility>
    <status>Recruiting</status>
  </location>
  <location_countries>
    <country>Germany</country>
  </location_countries>
  <verification_date>June 2015</verification_date>
  <lastchanged_date>June 30, 2015</lastchanged_date>
  <firstreceived_date>January 27, 2014</firstreceived_date>
  <responsible_party>
    <responsible_party_type>Sponsor</responsible_party_type>
  </responsible_party>
  <has_expanded_access>No</has_expanded_access>
  <condition_browse>
    <!-- CAUTION:  The following MeSH terms are assigned with an imperfect algorithm  -->
    <mesh_term>Carcinoma, Non-Small-Cell Lung</mesh_term>
  </condition_browse>
  <!-- Results have not yet been posted for this study                                -->
</clinical_study>
