<?xml version="1.0" encoding="UTF-8"?>
<clinical_study rank="423">
  <!-- This xml conforms to an XML Schema at:
    https://clinicaltrials.gov/ct2/html/images/info/public.xsd
 and an XML DTD at:
    https://clinicaltrials.gov/ct2/html/images/info/public.dtd -->
  <required_header>
    <download_date>ClinicalTrials.gov processed this data on July 08, 2015</download_date>
    <link_text>Link to the current ClinicalTrials.gov record.</link_text>
    <url>https://clinicaltrials.gov/show/NCT01695291</url>
  </required_header>
  <id_info>
    <org_study_id>6574</org_study_id>
    <secondary_id>R34MH095502-03</secondary_id>
    <nct_id>NCT01695291</nct_id>
  </id_info>
  <brief_title>Novel Medication Strategies Targeting Brain Mechanisms in Pediatric OCD</brief_title>
  <official_title>A Randomized, Placebo-controlled Trial of Minocycline Added to Serotonin Reuptake Inhibitors in Pediatric OCD: Examining the Effects on Clinical Symptoms and on Brain Glutamate Levels Using MRS Imaging</official_title>
  <sponsors>
    <lead_sponsor>
      <agency>New York State Psychiatric Institute</agency>
      <agency_class>Other</agency_class>
    </lead_sponsor>
    <collaborator>
      <agency>National Institute of Mental Health (NIMH)</agency>
      <agency_class>NIH</agency_class>
    </collaborator>
    <collaborator>
      <agency>Weill Medical College of Cornell University</agency>
      <agency_class>Other</agency_class>
    </collaborator>
  </sponsors>
  <source>New York State Psychiatric Institute</source>
  <oversight_info>
    <authority>United States: Food and Drug Administration</authority>
    <has_dmc>Yes</has_dmc>
  </oversight_info>
  <brief_summary>
    <textblock>
      This study will examine the feasibility and potential efficacy of augmenting SRIs with
      minocycline. The study will assess whether the addition of minocycline leads to measurable
      changes in striatal glutamate (Glu) levels. This study will recruit 45 youth ages 8-20
      diagnosed with clinically significant OCD who have demonstrated no more than minimal
      response to SRI treatment and are currently on a stable dose of SRI medication for at least
      12 weeks. Participants will be randomized to receive either 12 weeks of minocycline
      treatment or  pill placebo. Randomization will be 2:1 so that 2 of 3 participants receive
      minocycline. Screening for eligibility will take place for 1-4 weeks. Participants will
      undergo MRS scans to measure striatal Glu levels prior to randomization, and again
      immediately following the treatment period. During the treatment period, participants will
      meet initially weekly and then every other week with the study psychiatrist. All
      participants will be offered three months of open medication treatment following
      participation. The clinical trial will only be conducted at NYSPI and the MRS scans may be
      conducted at Weill Cornell Medical Center or NYSPI.
    </textblock>
  </brief_summary>
  <detailed_description>
    <textblock>
      Please see the brief summary for study description.
    </textblock>
  </detailed_description>
  <overall_status>Recruiting</overall_status>
  <start_date>May 2012</start_date>
  <completion_date type="Anticipated">May 2015</completion_date>
  <primary_completion_date type="Anticipated">May 2015</primary_completion_date>
  <phase>Phase 2</phase>
  <study_type>Interventional</study_type>
  <study_design>Allocation: Randomized, Endpoint Classification: Efficacy Study, Intervention Model: Parallel Assignment, Masking: Double Blind (Subject, Caregiver, Investigator), Primary Purpose: Treatment</study_design>
  <primary_outcome>
    <measure>Yale-Brown Obsessive Compulsive Scale, Child version (CYBOCS)</measure>
    <time_frame>Change from Baseline at 4, 8, and 12 weeks</time_frame>
    <safety_issue>No</safety_issue>
    <description>The CYBOCS is a semi-structured measure of OCD severity with excellent inter-rater reliability, internal consistency, and test-retest reliability. It is validated in those starting at age 7 and used in studies up to age 20. The CYBOCS differs from the adult YBOCS only in its use of simpler language.</description>
  </primary_outcome>
  <secondary_outcome>
    <measure>Striatal glutamate level measured by MRS.</measure>
    <time_frame>Change from Baseline at 12 weeks</time_frame>
    <safety_issue>No</safety_issue>
    <description>The change in striatal glutamate level will be assessed.</description>
  </secondary_outcome>
  <number_of_arms>2</number_of_arms>
  <enrollment type="Anticipated">45</enrollment>
  <condition>Obsessive Compulsive Disorder</condition>
  <arm_group>
    <arm_group_label>Placebo</arm_group_label>
    <arm_group_type>Placebo Comparator</arm_group_type>
    <description>Participants randomized to placebo will receive pills that are identical in appearance to the study drug but contain no active medication.</description>
  </arm_group>
  <arm_group>
    <arm_group_label>Minocycline Augmentation</arm_group_label>
    <arm_group_type>Experimental</arm_group_type>
    <description>Those randomized to minocycline will receive approximately 2 mg/kg/day, the FDA-approved dose for minocycline (minimum 50 mg/day and maximum 200 mg/day). After randomization, participants will receive child proofed bottles that contain enough study medication until the next visit with an additional 3 days coverage in case of scheduling issues. All participants will have a minocycline level drawn at week 12 to confirm treatment adherence. Minocycline is FDA-approved in those ages 8 and above for treatment of infections and acne and has a favorable risk-benefit profile.</description>
  </arm_group>
  <intervention>
    <intervention_type>Drug</intervention_type>
    <intervention_name>Minocycline</intervention_name>
    <description>Participants randomized to minocycline will receive approximately 2 mg/kg/day, the FDA-approved dose for minocycline. Participants will take either minocycline or pill placebo for 12 weeks.</description>
    <arm_group_label>Minocycline Augmentation</arm_group_label>
    <other_name>Minomycin, Minocin, Arestin, Aknemin, Solodyn and Dynacin</other_name>
  </intervention>
  <intervention>
    <intervention_type>Other</intervention_type>
    <intervention_name>Placebo</intervention_name>
    <description>A placebo pill will be administered BID for 12 weeks.</description>
    <arm_group_label>Placebo</arm_group_label>
  </intervention>
  <eligibility>
    <criteria>
      <textblock>
        Inclusion Criteria:

          -  Participants must be ages of 8-20 at the time of consent

          -  Participants must weigh at least 25kg

          -  Participants and a parent/guardian must be able to read and understand English

          -  Participants must meet diagnostic criteria for obsessive-compulsive disorder with
             score ≥ 16 on the Children's Yale-Brown Obsessive Compulsive Scale (CYBOCS)

          -  Participants must be on stable dose of serotonin reuptake inhibitor (SRI) medication,
             and must have had a minimal adequate trial of SRI medication

          -  Report of at least minimal, but not full, response to current SRI medication to
             warrant ongoing SRI treatment

          -  For participants younger than 18, written informed assent by the participant and
             consent by the parent. For participants 19 and older, written consent by the
             participant and permission for legal guardian/parent to provide information

        Exclusion Criteria:

          -  Lifetime diagnosis of: psychotic disorder, bipolar disorder, eating disorder,
             pervasive developmental disorder, mental retardation, or substance/alcohol dependence

          -  Current diagnosis of major depressive disorder, Tourette's/Tic Disorder, or
             substance/alcohol abuse

          -  Positive urine screen for illicit drugs

          -  Medical or psychiatric conditions that would make participation in the study unsafe

          -  Active suicidal ideation

          -  Females who are using hormonal birth control

          -  Presence of metallic device or dental braces incompatible with MRS

          -  IQ &lt;80

          -  OCD patients with primary symptoms of hoarding (determined by CYBOCS checklist)

          -  Current or past diagnosis of pediatric autoimmune neuropsychiatric disorders
             associated with streptococcus (PANDAS)

          -  Individuals who are currently receiving Exposure and Response Prevention therapy and
             are in the acute phase of treatment.

          -  Documented history of hypersensitivity or intolerance to tetracycline antibiotics

          -  Use of medications that are contra-indicated with minocycline (e.g., concomitant use
             of antacids, iron, calcium, magnesium, aluminum, zinc salts as they impair
             minocycline absorption; of anti-coagulant drugs as minocycline has been shown to
             depress plasma prothrombin activity; of other antibiotics or Accutane due to the rare
             side effect of pseudotumor cerebri)

          -  Inability of participant or parent/guardian to read or understand English
      </textblock>
    </criteria>
    <gender>Both</gender>
    <minimum_age>8 Years</minimum_age>
    <maximum_age>20 Years</maximum_age>
    <healthy_volunteers>No</healthy_volunteers>
  </eligibility>
  <overall_official>
    <last_name>Moira A Rynn, M.D.</last_name>
    <role>Principal Investigator</role>
    <affiliation>Columbia University/NYSPI</affiliation>
  </overall_official>
  <overall_contact>
    <last_name>Moira Rynn, M.D.</last_name>
    <phone>(646) 774-5805</phone>
    <email>RynnM@nyspi.columbia.edu</email>
  </overall_contact>
  <overall_contact_backup>
    <last_name>Dylan Braun, B.A.</last_name>
    <phone>(646) 774-5713</phone>
    <email>braundy@nyspi.columbia.edu</email>
  </overall_contact_backup>
  <location>
    <facility>
      <name>New York State Psychiatric Institute</name>
      <address>
        <city>New York</city>
        <state>New York</state>
        <zip>10032</zip>
        <country>United States</country>
      </address>
    </facility>
    <status>Recruiting</status>
    <contact>
      <last_name>Moira Rynn, M.D.</last_name>
      <phone>646-774-5805</phone>
      <email>RynnM@nyspi.columbia.edu</email>
    </contact>
    <contact_backup>
      <last_name>Dylan Braun, B.A.</last_name>
      <phone>(646) 774-5713</phone>
      <email>braundy@nyspi.columbia.edu</email>
    </contact_backup>
    <investigator>
      <last_name>Moira Rynn, M.D.</last_name>
      <role>Principal Investigator</role>
    </investigator>
    <investigator>
      <last_name>Helen Blair Simpson, M.D.</last_name>
      <role>Sub-Investigator</role>
    </investigator>
    <investigator>
      <last_name>Lawrence Kegeles, M.D.</last_name>
      <role>Sub-Investigator</role>
    </investigator>
  </location>
  <location>
    <facility>
      <name>Weill Cornell Medical Center</name>
      <address>
        <city>New York</city>
        <state>New York</state>
        <zip>10021</zip>
        <country>United States</country>
      </address>
    </facility>
    <status>Recruiting</status>
    <contact>
      <last_name>Dikoma Shungu, Ph.D.</last_name>
      <phone>212-746-2481</phone>
      <email>dcs7001@med.cornell.edu</email>
    </contact>
    <investigator>
      <last_name>Dikoma Shungu, Ph.D.</last_name>
      <role>Sub-Investigator</role>
    </investigator>
  </location>
  <location_countries>
    <country>United States</country>
  </location_countries>
  <verification_date>March 2015</verification_date>
  <lastchanged_date>March 23, 2015</lastchanged_date>
  <firstreceived_date>September 21, 2012</firstreceived_date>
  <responsible_party>
    <responsible_party_type>Sponsor</responsible_party_type>
  </responsible_party>
  <keyword>Obsessive compulsive disorder</keyword>
  <is_fda_regulated>Yes</is_fda_regulated>
  <is_section_801>No</is_section_801>
  <has_expanded_access>No</has_expanded_access>
  <condition_browse>
    <!-- CAUTION:  The following MeSH terms are assigned with an imperfect algorithm  -->
    <mesh_term>Compulsive Personality Disorder</mesh_term>
    <mesh_term>Obsessive-Compulsive Disorder</mesh_term>
  </condition_browse>
  <intervention_browse>
    <!-- CAUTION:  The following MeSH terms are assigned with an imperfect algorithm  -->
    <mesh_term>Minocycline</mesh_term>
    <mesh_term>Serotonin Uptake Inhibitors</mesh_term>
  </intervention_browse>
  <!-- Results have not yet been posted for this study                                -->
</clinical_study>
