<?xml version="1.0" encoding="UTF-8"?>
<clinical_study rank="136">
  <!-- This xml conforms to an XML Schema at:
    https://clinicaltrials.gov/ct2/html/images/info/public.xsd
 and an XML DTD at:
    https://clinicaltrials.gov/ct2/html/images/info/public.dtd -->
  <required_header>
    <download_date>ClinicalTrials.gov processed this data on July 08, 2015</download_date>
    <link_text>Link to the current ClinicalTrials.gov record.</link_text>
    <url>https://clinicaltrials.gov/show/NCT01504204</url>
  </required_header>
  <id_info>
    <org_study_id>15374</org_study_id>
    <nct_id>NCT01504204</nct_id>
  </id_info>
  <brief_title>Effect of Samples on Acne Treatment With Epiduo® Gel</brief_title>
  <official_title>Effect of Sample Medication Use and Application Instructions on Adherence to and Efficacy of Treatment of Patients With Mild to Moderate Acne With Epiduo(R) Gel</official_title>
  <sponsors>
    <lead_sponsor>
      <agency>Wake Forest School of Medicine</agency>
      <agency_class>Other</agency_class>
    </lead_sponsor>
    <collaborator>
      <agency>Galderma Laboratories, L.P.</agency>
      <agency_class>Industry</agency_class>
    </collaborator>
  </sponsors>
  <source>Wake Forest School of Medicine</source>
  <oversight_info>
    <authority>United States: Institutional Review Board</authority>
    <has_dmc>No</has_dmc>
  </oversight_info>
  <brief_summary>
    <textblock>
      The purpose of this study is to compare adherence to treatment and efficacy with Epiduo® Gel
      in patients with mild to moderate acne who receive a medication sample and instructions on
      proper application with their stock size medication tube versus patients who receive only
      the stock size medication tube.
    </textblock>
  </brief_summary>
  <overall_status>Completed</overall_status>
  <start_date>December 2011</start_date>
  <completion_date type="Actual">November 2012</completion_date>
  <primary_completion_date type="Actual">November 2012</primary_completion_date>
  <phase>N/A</phase>
  <study_type>Interventional</study_type>
  <study_design>Allocation: Randomized, Endpoint Classification: Efficacy Study, Intervention Model: Parallel Assignment, Masking: Open Label, Primary Purpose: Treatment</study_design>
  <primary_outcome>
    <measure>Adherence to Study Medication</measure>
    <time_frame>Baseline to 6 weeks</time_frame>
    <safety_issue>No</safety_issue>
    <description>Adherence will be reported as percentage of prescribed doses taken as measured electronically by a Medication Event Monitoring System (MEMS®) cap.</description>
  </primary_outcome>
  <secondary_outcome>
    <measure>Change in Acne Global Assessment</measure>
    <time_frame>Baseline and 6 weeks</time_frame>
    <safety_issue>No</safety_issue>
    <description>Change in the physician's global assessment of acne severity on a validated 0-5 scale (0=clear to 5=very severe) from baseline to Week 6 visit.</description>
  </secondary_outcome>
  <secondary_outcome>
    <measure>Change in Acne Lesion Count</measure>
    <time_frame>Baseline and 6 weeks</time_frame>
    <safety_issue>No</safety_issue>
    <description>Change in total count of acne lesions from baseline visit to Week 6 visit</description>
  </secondary_outcome>
  <number_of_arms>2</number_of_arms>
  <enrollment type="Actual">20</enrollment>
  <condition>Acne Vulgaris</condition>
  <arm_group>
    <arm_group_label>Medication with sample and demonstration</arm_group_label>
    <arm_group_type>Experimental</arm_group_type>
    <description>Subjects will receive a sample tube of the medication with demonstration of how to use it at the first visit.</description>
  </arm_group>
  <arm_group>
    <arm_group_label>Medication without samples</arm_group_label>
    <arm_group_type>Active Comparator</arm_group_type>
    <description>Subjects will receive the medication in a standard tube without a sample or demonstration of proper use of the medication.</description>
  </arm_group>
  <intervention>
    <intervention_type>Drug</intervention_type>
    <intervention_name>Adapalene + benzoyl peroxide samples</intervention_name>
    <description>A sample size tube of the study medication, combination adapalene 0.1% plus benzoyl peroxide 2.5% gel, will be provided with instruction on proper application, including demonstration, at the first visit.</description>
    <arm_group_label>Medication with sample and demonstration</arm_group_label>
    <other_name>Epiduo</other_name>
  </intervention>
  <intervention>
    <intervention_type>Drug</intervention_type>
    <intervention_name>Adapalene + benzoyl peroxide from standard tube</intervention_name>
    <description>Subjects are instructed to apply the combination adapalene 0.1% plus benzoyl peroxide 2.5% gel once daily to all affected areas.</description>
    <arm_group_label>Medication with sample and demonstration</arm_group_label>
    <arm_group_label>Medication without samples</arm_group_label>
    <other_name>Epiduo</other_name>
  </intervention>
  <eligibility>
    <criteria>
      <textblock>
        Inclusion Criteria:

          -  Male or female subject with mild to moderate acne, aged 12 and older, who agrees to
             participate and provides written consent.

          -  Have an Acne Global Assessment (AGA) of mild to moderate acne (an AGA score of 2 or
             3)

        Exclusion Criteria:

          -  Presence of a concurrent medical condition or skin condition, which is determined by
             the investigator to potentially interfere with study outcomes or patient assessments.

          -  Subjects with known allergy or sensitivity to Epiduo® Gel (or Benzoyl Peroxide Gel)
             or components therein, including adapalene or benzoyl peroxide

          -  Female subjects who are not postmenopausal for at least 1 year, surgically sterile,
             or willing to practice effective contraception during the study.  Reliable methods of
             birth control are: abstinence (not having sex), oral contraceptives, intrauterine
             device (IUD), Depo-Provera, tubal ligation, or vasectomy of the partner (with
             confirmed negative sperm counts) in a monogamous relationship (same partner). An
             acceptable, although less reliable, method involves the careful use of condoms and
             spermicidal foam or gel and/or a cervical cap or sponge. Nursing mothers, pregnant
             women and women planning to become pregnant while on study are to be excluded.
      </textblock>
    </criteria>
    <gender>Both</gender>
    <minimum_age>12 Years</minimum_age>
    <maximum_age>N/A</maximum_age>
    <healthy_volunteers>No</healthy_volunteers>
  </eligibility>
  <overall_official>
    <last_name>Steven R Feldman, MD, PhD</last_name>
    <role>Principal Investigator</role>
    <affiliation>Wake Forest School of Medicine</affiliation>
  </overall_official>
  <location>
    <facility>
      <name>Wake Forest University Health Sciences</name>
      <address>
        <city>Winston-Salem</city>
        <state>North Carolina</state>
        <zip>27104</zip>
        <country>United States</country>
      </address>
    </facility>
  </location>
  <location_countries>
    <country>United States</country>
  </location_countries>
  <verification_date>December 2012</verification_date>
  <lastchanged_date>December 7, 2012</lastchanged_date>
  <firstreceived_date>December 28, 2011</firstreceived_date>
  <responsible_party>
    <responsible_party_type>Principal Investigator</responsible_party_type>
    <investigator_affiliation>Wake Forest University</investigator_affiliation>
    <investigator_full_name>Steven R. Feldman</investigator_full_name>
    <investigator_title>Professor of Dermatology</investigator_title>
  </responsible_party>
  <keyword>adherence</keyword>
  <keyword>adapalene</keyword>
  <keyword>benzoyl peroxide</keyword>
  <keyword>sample</keyword>
  <keyword>topical treatment</keyword>
  <is_fda_regulated>No</is_fda_regulated>
  <has_expanded_access>No</has_expanded_access>
  <condition_browse>
    <!-- CAUTION:  The following MeSH terms are assigned with an imperfect algorithm  -->
    <mesh_term>Acne Vulgaris</mesh_term>
  </condition_browse>
  <intervention_browse>
    <!-- CAUTION:  The following MeSH terms are assigned with an imperfect algorithm  -->
    <mesh_term>Adapalene</mesh_term>
    <mesh_term>Benzoyl Peroxide</mesh_term>
  </intervention_browse>
  <!-- Results have not yet been posted for this study                                -->
</clinical_study>
