<?xml version="1.0" encoding="UTF-8"?>
<clinical_study rank="90">
  <!-- This xml conforms to an XML Schema at:
    https://clinicaltrials.gov/ct2/html/images/info/public.xsd
 and an XML DTD at:
    https://clinicaltrials.gov/ct2/html/images/info/public.dtd -->
  <required_header>
    <download_date>ClinicalTrials.gov processed this data on July 08, 2015</download_date>
    <link_text>Link to the current ClinicalTrials.gov record.</link_text>
    <url>https://clinicaltrials.gov/show/NCT00814918</url>
  </required_header>
  <id_info>
    <org_study_id>15929B</org_study_id>
    <nct_id>NCT00814918</nct_id>
  </id_info>
  <brief_title>Topical 5-ALA-PDT With Blu-U Therapy Versus Topical 5-ALA With Pulse Dye Laser In Treating Recalcitrant Acne Vulgaris</brief_title>
  <official_title>Topical 5-ALA-PDT With Blu-U Therapy Vs. Topical 5-ALA With Pulse Dye Laser In Treatine Recalcitrant Acne Vulgaris</official_title>
  <sponsors>
    <lead_sponsor>
      <agency>University of Chicago</agency>
      <agency_class>Other</agency_class>
    </lead_sponsor>
  </sponsors>
  <source>University of Chicago</source>
  <oversight_info>
    <authority>United States: Institutional Review Board</authority>
    <has_dmc>No</has_dmc>
  </oversight_info>
  <brief_summary>
    <textblock>
      The goal of this study is to compare how efficient two different types of PDTs are when used
      in combination with topical 5-ALA.  The two types of PDT lights are Blu-U light and Candela
      V-beam Pulse Dye Laser.
    </textblock>
  </brief_summary>
  <overall_status>Withdrawn</overall_status>
  <start_date>February 2009</start_date>
  <completion_date type="Anticipated">February 2014</completion_date>
  <primary_completion_date type="Anticipated">February 2013</primary_completion_date>
  <phase>N/A</phase>
  <study_type>Interventional</study_type>
  <study_design>Allocation: Randomized, Intervention Model: Parallel Assignment, Masking: Open Label, Primary Purpose: Treatment</study_design>
  <primary_outcome>
    <measure>Acne complete /incomplete therapy and reoccurence</measure>
    <time_frame>18 months</time_frame>
    <safety_issue>No</safety_issue>
  </primary_outcome>
  <secondary_outcome>
    <measure>Early skin responses 2 weeks post therapy (erythema, scaling, post inflammatory skin changes, fine wrinkling of skin, mottled pigmentation)</measure>
    <time_frame>2-18 months</time_frame>
    <safety_issue>Yes</safety_issue>
  </secondary_outcome>
  <number_of_arms>2</number_of_arms>
  <enrollment type="Actual">0</enrollment>
  <condition>Acne Vulgaris</condition>
  <arm_group>
    <arm_group_label>1</arm_group_label>
    <arm_group_type>Experimental</arm_group_type>
    <description>5-ALA Application and exposure using Blu-U light to 1/2 of face.</description>
  </arm_group>
  <arm_group>
    <arm_group_label>2</arm_group_label>
    <arm_group_type>Experimental</arm_group_type>
    <description>5-ALA Application and exposure using Candela V-beam Pulse Dye Laser to 1/2 of face.</description>
  </arm_group>
  <intervention>
    <intervention_type>Drug</intervention_type>
    <intervention_name>5-ALA with Blu-U Light</intervention_name>
    <description>20% 5-ALA Levulan Kerastick will be crushed and prepared for application after shaking for at least 3 minutes. Topical 5-ALA will be applied liberally on skin with extra pressure on lesions.Skin will be exposed to DUSA Blu-U light (417nm).</description>
    <arm_group_label>1</arm_group_label>
  </intervention>
  <intervention>
    <intervention_type>Drug</intervention_type>
    <intervention_name>5-ALA with Candela V-beam Pulse Dye Laser</intervention_name>
    <description>20% 5-ALA Levulan Kerastick will be crushed and prepared for application after shaking for at least 3 minutes. Topical 5-ALA will be applied liberally on skin with extra pressure on lesions.Skin will be exposed to Candela V-beam Pulsed Dye Laser (595 nm).</description>
    <arm_group_label>2</arm_group_label>
  </intervention>
  <eligibility>
    <criteria>
      <textblock>
        Inclusion Criteria:

          -  18-79 years of age

          -  Patients who failed the topical and oral antibiotics after 6 month therapy.

          -  Patients who failed the topical retinoids after 6 month therapy.

          -  Patients that are not good candidate to start oral isotretinoin (Accutane) due to
             contraindications.

        Exclusion Criteria:

          -  Patients who have had Isotretinoin therapy less that 1 year prior to this ALA-PDT
             procedure.

          -  Patients who have an adverse reaction to light exposure (for example photo-
             exacerbated seizures).

          -  Patients with a history of porphyria.
      </textblock>
    </criteria>
    <gender>Both</gender>
    <minimum_age>18 Years</minimum_age>
    <maximum_age>79 Years</maximum_age>
    <healthy_volunteers>No</healthy_volunteers>
  </eligibility>
  <overall_official>
    <last_name>Maria Tsoukas, MD</last_name>
    <role>Principal Investigator</role>
    <affiliation>University of Chicago</affiliation>
  </overall_official>
  <location>
    <facility>
      <name>The University of Chicago</name>
      <address>
        <city>Chicago</city>
        <state>Illinois</state>
        <zip>60637</zip>
        <country>United States</country>
      </address>
    </facility>
  </location>
  <location_countries>
    <country>United States</country>
  </location_countries>
  <verification_date>December 2014</verification_date>
  <lastchanged_date>December 2, 2014</lastchanged_date>
  <firstreceived_date>December 23, 2008</firstreceived_date>
  <responsible_party>
    <responsible_party_type>Sponsor</responsible_party_type>
  </responsible_party>
  <keyword>acne vulgaris</keyword>
  <keyword>acne</keyword>
  <keyword>dermatalogy</keyword>
  <is_fda_regulated>No</is_fda_regulated>
  <has_expanded_access>No</has_expanded_access>
  <condition_browse>
    <!-- CAUTION:  The following MeSH terms are assigned with an imperfect algorithm  -->
    <mesh_term>Acne Vulgaris</mesh_term>
  </condition_browse>
  <intervention_browse>
    <!-- CAUTION:  The following MeSH terms are assigned with an imperfect algorithm  -->
    <mesh_term>Aminolevulinic Acid</mesh_term>
  </intervention_browse>
  <!-- Results have not yet been posted for this study                                -->
</clinical_study>
