<?xml version="1.0" encoding="UTF-8"?>
<clinical_study rank="244">
  <!-- This xml conforms to an XML Schema at:
    https://clinicaltrials.gov/ct2/html/images/info/public.xsd
 and an XML DTD at:
    https://clinicaltrials.gov/ct2/html/images/info/public.dtd -->
  <required_header>
    <download_date>ClinicalTrials.gov processed this data on July 08, 2015</download_date>
    <link_text>Link to the current ClinicalTrials.gov record.</link_text>
    <url>https://clinicaltrials.gov/show/NCT01969175</url>
  </required_header>
  <id_info>
    <org_study_id>HPT 2013-059</org_study_id>
    <nct_id>NCT01969175</nct_id>
  </id_info>
  <brief_title>Effect of a Low-glycemic-load and Milk-free Diet on Acne Severity</brief_title>
  <sponsors>
    <lead_sponsor>
      <agency>Hospital Parc Taulí, Sabadell</agency>
      <agency_class>Other</agency_class>
    </lead_sponsor>
  </sponsors>
  <source>Hospital Parc Taulí, Sabadell</source>
  <oversight_info>
    <authority>Spain: Comité Ético de Investigación Clínica</authority>
    <has_dmc>Yes</has_dmc>
  </oversight_info>
  <brief_summary>
    <textblock>
      The objective of this study is to assess the effect of a low-glycemic-load and milk-free
      diet on acne severity.

      IGF-1 and a phosphorylated product of the mTORC pathway (p70S6K) will be assessed in both
      groups to explore the mTORC signaling pathway, which is thought to be related to clinical
      improvement in previous studies.
    </textblock>
  </brief_summary>
  <overall_status>Recruiting</overall_status>
  <start_date>October 2013</start_date>
  <primary_completion_date type="Anticipated">July 2014</primary_completion_date>
  <phase>N/A</phase>
  <study_type>Interventional</study_type>
  <study_design>Allocation: Randomized, Endpoint Classification: Efficacy Study, Intervention Model: Parallel Assignment, Masking: Single Blind (Outcomes Assessor), Primary Purpose: Treatment</study_design>
  <primary_outcome>
    <measure>GAGS Acne severity scale</measure>
    <time_frame>13 weeks</time_frame>
    <safety_issue>No</safety_issue>
  </primary_outcome>
  <secondary_outcome>
    <measure>Serum insulin like growth factor 1 (IGF-1)</measure>
    <time_frame>13 weeks</time_frame>
    <safety_issue>No</safety_issue>
  </secondary_outcome>
  <secondary_outcome>
    <measure>Diet acceptability and adherence</measure>
    <time_frame>13 weeks</time_frame>
    <safety_issue>No</safety_issue>
  </secondary_outcome>
  <secondary_outcome>
    <measure>p70S6K</measure>
    <time_frame>13 weeks</time_frame>
    <safety_issue>No</safety_issue>
    <description>A phosphorylated product of mTORC signaling pathway</description>
  </secondary_outcome>
  <number_of_arms>2</number_of_arms>
  <enrollment type="Anticipated">60</enrollment>
  <condition>Acne Vulgaris</condition>
  <arm_group>
    <arm_group_label>Intervention Diet</arm_group_label>
    <arm_group_type>Experimental</arm_group_type>
  </arm_group>
  <arm_group>
    <arm_group_label>Control</arm_group_label>
    <arm_group_type>Placebo Comparator</arm_group_type>
  </arm_group>
  <intervention>
    <intervention_type>Other</intervention_type>
    <intervention_name>Low-glycemic-load and milk-free diet</intervention_name>
    <arm_group_label>Intervention Diet</arm_group_label>
  </intervention>
  <eligibility>
    <criteria>
      <textblock>
        Inclusion Criteria:

          -  Mild, moderate or severe acne (GAGS score 15-44)

          -  Age: 14-20 years old

          -  Presence of acne for at least 2 months

        Exclusion Criteria:

          -  Diabetes

          -  Polycystic ovary syndrome

          -  Use of hormonal contraceptives

          -  Previous use of oral retinoids

          -  Use of oral antibiotics or topical antibacterial or retinoid agents in the last 2
             months

          -  Use of medications known to cause or exacerbate acne including lithium, oral or
             injected retinoids, some anticonvulsant drugs, medications containing iodides or
             bromides

          -  Drug or alcohol abuse.

          -  Active smokers

          -  Anticipated difficulty attending visits or fear of blood draws
      </textblock>
    </criteria>
    <gender>Both</gender>
    <minimum_age>14 Years</minimum_age>
    <maximum_age>20 Years</maximum_age>
    <healthy_volunteers>No</healthy_volunteers>
  </eligibility>
  <overall_contact>
    <last_name>Lorena Leal, Medical Doctor</last_name>
    <phone>+34653358555</phone>
    <email>lorenalealcanosa@hotmail.com</email>
  </overall_contact>
  <location>
    <facility>
      <name>Hospital Parc Taulí</name>
      <address>
        <city>Sabadell</city>
        <state>Barcelona</state>
        <zip>08208</zip>
        <country>Spain</country>
      </address>
    </facility>
    <status>Recruiting</status>
    <investigator>
      <last_name>Lorena Leal, Medical Doctor</last_name>
      <role>Principal Investigator</role>
    </investigator>
  </location>
  <location_countries>
    <country>Spain</country>
  </location_countries>
  <results_reference>
    <citation>Kwon HH, Yoon JY, Hong JS, Jung JY, Park MS, Suh DH. Clinical and histological effect of a low glycaemic load diet in treatment of acne vulgaris in Korean patients: a randomized, controlled trial. Acta Derm Venereol. 2012 May;92(3):241-6. doi: 10.2340/00015555-1346.</citation>
    <PMID>22678562</PMID>
  </results_reference>
  <results_reference>
    <citation>Smith RN, Mann NJ, Braue A, Mäkeläinen H, Varigos GA. A low-glycemic-load diet improves symptoms in acne vulgaris patients: a randomized controlled trial. Am J Clin Nutr. 2007 Jul;86(1):107-15.</citation>
    <PMID>17616769</PMID>
  </results_reference>
  <results_reference>
    <citation>Reynolds RC, Lee S, Choi JY, Atkinson FS, Stockmann KS, Petocz P, Brand-Miller JC. Effect of the glycemic index of carbohydrates on Acne vulgaris. Nutrients. 2010 Oct;2(10):1060-72. doi: 10.3390/nu2101060. Epub 2010 Oct 18.</citation>
    <PMID>22253996</PMID>
  </results_reference>
  <verification_date>November 2013</verification_date>
  <lastchanged_date>November 8, 2013</lastchanged_date>
  <firstreceived_date>October 21, 2013</firstreceived_date>
  <responsible_party>
    <responsible_party_type>Principal Investigator</responsible_party_type>
    <investigator_affiliation>Hospital Parc Taulí, Sabadell</investigator_affiliation>
    <investigator_full_name>Lorena Leal, MD</investigator_full_name>
    <investigator_title>Medical Doctor</investigator_title>
  </responsible_party>
  <is_fda_regulated>No</is_fda_regulated>
  <has_expanded_access>No</has_expanded_access>
  <condition_browse>
    <!-- CAUTION:  The following MeSH terms are assigned with an imperfect algorithm  -->
    <mesh_term>Acne Vulgaris</mesh_term>
  </condition_browse>
  <!-- Results have not yet been posted for this study                                -->
</clinical_study>
