<?xml version="1.0" encoding="UTF-8"?>
<clinical_study rank="373">
  <!-- This xml conforms to an XML Schema at:
    https://clinicaltrials.gov/ct2/html/images/info/public.xsd
 and an XML DTD at:
    https://clinicaltrials.gov/ct2/html/images/info/public.dtd -->
  <required_header>
    <download_date>ClinicalTrials.gov processed this data on July 08, 2015</download_date>
    <link_text>Link to the current ClinicalTrials.gov record.</link_text>
    <url>https://clinicaltrials.gov/show/NCT01134991</url>
  </required_header>
  <id_info>
    <org_study_id>0041-10LND /FX2010-02</org_study_id>
    <nct_id>NCT01134991</nct_id>
  </id_info>
  <brief_title>Study to Evaluate the Safety and Efficacy of Topical Minocycline FXFM244 in Rosacea Patients</brief_title>
  <official_title>Pilot, Randomized, Double Blind, Placebo Controlled, Parallel Group, Dose Range Finding Study, to Evaluate the Tolerability and Safety of FXFM244 Antibiotic Foam and to Monitor Its Clinical Effect in Moderate to Severe Rosacea Patients</official_title>
  <sponsors>
    <lead_sponsor>
      <agency>Foamix Ltd.</agency>
      <agency_class>Industry</agency_class>
    </lead_sponsor>
  </sponsors>
  <source>Foamix Ltd.</source>
  <oversight_info>
    <authority>Israel: Institutional Review Board - Laniado Hospital</authority>
    <has_dmc>No</has_dmc>
  </oversight_info>
  <brief_summary>
    <textblock>
      Acne rosacea is a chronic acneiform disorder affecting both the skin and the eye. It is a
      syndrome of undetermined etiology characterized by both vascular and papulopustular
      components involving the face and occasionally the neck and upper trunk.

      This is a pilot phase II  study to evaluate the tolerability and safety and to monitor the
      clinical efficacy of Topical Minocycline Foam FXFM244 in moderate to severe Rosacea
      patients.
    </textblock>
  </brief_summary>
  <detailed_description>
    <textblock>
      A Pilot, Randomized, Double Blind, Placebo Controlled, Parallel Group, Dose Range Finding
      Study. The study will involve three treatment groups. Eligible patients  will be randomized
      to receive either FXFM244 - 1%, FXFM244 - 4% or Placebo, in a blinded fashion. Patients will
      be treated twice daily for 12 weeks. Following the screening period and baseline visit,
      study subjects will return at Weeks 3, 6, 9 and 12. A follow up visit will take place at
      week 16. At each visit, patients will be evaluated via lesion count, global assessment
      tolerability and safety.
    </textblock>
  </detailed_description>
  <overall_status>Terminated</overall_status>
  <why_stopped>
    Difficulty in recruitment
  </why_stopped>
  <start_date>June 2010</start_date>
  <primary_completion_date type="Anticipated">March 2014</primary_completion_date>
  <phase>Phase 2</phase>
  <study_type>Interventional</study_type>
  <study_design>Allocation: Randomized, Endpoint Classification: Safety/Efficacy Study, Intervention Model: Parallel Assignment, Masking: Double Blind (Subject, Investigator, Outcomes Assessor), Primary Purpose: Treatment</study_design>
  <primary_outcome>
    <measure>Improvement in signs and symptoms of rosacea</measure>
    <time_frame>12 weeks</time_frame>
    <safety_issue>Yes</safety_issue>
  </primary_outcome>
  <secondary_outcome>
    <measure>The severity of the overall rosacea condition will be measured at baseline and at all follow-up visits. The severity will be assessed and graded based on the scales for erythema, telangiectases and number of papulopustular lesions</measure>
    <time_frame>0, 3, 6, 9 and 12 weeks</time_frame>
    <safety_issue>Yes</safety_issue>
  </secondary_outcome>
  <number_of_arms>3</number_of_arms>
  <enrollment type="Actual">21</enrollment>
  <condition>Rosacea</condition>
  <arm_group>
    <arm_group_label>Topical Minocycline Foam FXFM244 Placebo</arm_group_label>
    <arm_group_type>Placebo Comparator</arm_group_type>
    <description>Minocycline Foam FXFM244 Placebo</description>
  </arm_group>
  <arm_group>
    <arm_group_label>Topical Minocycline Foam FXFM244, 1%</arm_group_label>
    <arm_group_type>Experimental</arm_group_type>
    <description>Minocycline Foam FXFM244, 1%</description>
  </arm_group>
  <arm_group>
    <arm_group_label>Topical Minocycline Foam FXFM244, 4%</arm_group_label>
    <arm_group_type>Experimental</arm_group_type>
    <description>Minocycline Foam FXFM244, 4%</description>
  </arm_group>
  <intervention>
    <intervention_type>Drug</intervention_type>
    <intervention_name>Topical Minocycline Foam FXFM244</intervention_name>
    <description>FXFM244 - 1%, FXFM244 - 4% or Placebo to be applied twice daily during 12 weeks</description>
    <arm_group_label>Topical Minocycline Foam FXFM244 Placebo</arm_group_label>
    <arm_group_label>Topical Minocycline Foam FXFM244, 1%</arm_group_label>
    <arm_group_label>Topical Minocycline Foam FXFM244, 4%</arm_group_label>
  </intervention>
  <eligibility>
    <criteria>
      <textblock>
        Inclusion Criteria:

          1. Patients with clinical diagnosis of moderate to severe facial rosacea as determined
             by:

               -  At least 8 but no more than 50 total papules and/or pustules (inflammatory
                  lesions)

               -  Presence of moderate to severe erythema

               -  Presence of telangiectasia.

               -  An Overall Rosacea Severity score ≥2.5

          2. Patient is male or female over 18 years of age.

          3. No known medical conditions that, in the Investigator's opinion could interfere with
             study participation

          4. Patient is willing and able to comply with all requirement of the protocol

          5. Patient is willing and able to give written informed consent prior to participation
             in the study

        Exclusion Criteria:

          1. Presence of skin diseases at or near the investigational area

          2. Immunosuppressed state or other serious systemic disease

          3. Signs and/or symptoms of systemic infection

          4. Concomitant medication:

               -  Use of oral and/or topical antibiotic treatment within 14 days prior to study
                  entry.

               -  Use of any topical anti-rosacea agent except antibiotics within 14 days prior to
                  study entry.

               -  Use of cyproterone acetate, CPA-containing contraceptives (e.g. Diane) or other
                  corticosteroids (during the last 3 months);

               -  Use of retinoids (during the last 4 weeks)

          5. Use of artificial sun bath or having a sun holiday during the last 2 weeks

          6. Alcohol or drug abuse, according to assessment by the investigator

          7. Known or suspected hypersensitivity to Minocycline or any of the excipients in the
             Study Medication

          8. Use of another investigational drug within 30 days prior to entry into this study

          9. Pregnant or lactating women.
      </textblock>
    </criteria>
    <gender>Both</gender>
    <minimum_age>18 Years</minimum_age>
    <maximum_age>N/A</maximum_age>
    <healthy_volunteers>No</healthy_volunteers>
  </eligibility>
  <location>
    <facility>
      <name>Sourasky Medical Center</name>
      <address>
        <city>Tel-Aviv</city>
        <country>Israel</country>
      </address>
    </facility>
  </location>
  <location_countries>
    <country>Israel</country>
  </location_countries>
  <verification_date>August 2010</verification_date>
  <lastchanged_date>December 9, 2013</lastchanged_date>
  <firstreceived_date>May 26, 2010</firstreceived_date>
  <responsible_party>
    <responsible_party_type>Sponsor</responsible_party_type>
  </responsible_party>
  <keyword>rosacea</keyword>
  <keyword>topical</keyword>
  <keyword>minocycline</keyword>
  <keyword>foam</keyword>
  <keyword>phase II</keyword>
  <is_fda_regulated>No</is_fda_regulated>
  <has_expanded_access>No</has_expanded_access>
  <condition_browse>
    <!-- CAUTION:  The following MeSH terms are assigned with an imperfect algorithm  -->
    <mesh_term>Rosacea</mesh_term>
  </condition_browse>
  <intervention_browse>
    <!-- CAUTION:  The following MeSH terms are assigned with an imperfect algorithm  -->
    <mesh_term>Minocycline</mesh_term>
  </intervention_browse>
  <!-- Results have not yet been posted for this study                                -->
</clinical_study>
