<?xml version="1.0" encoding="UTF-8"?>
<clinical_study rank="211">
  <!-- This xml conforms to an XML Schema at:
    https://clinicaltrials.gov/ct2/html/images/info/public.xsd
 and an XML DTD at:
    https://clinicaltrials.gov/ct2/html/images/info/public.dtd -->
  <required_header>
    <download_date>ClinicalTrials.gov processed this data on July 08, 2015</download_date>
    <link_text>Link to the current ClinicalTrials.gov record.</link_text>
    <url>https://clinicaltrials.gov/show/NCT01616654</url>
  </required_header>
  <id_info>
    <org_study_id>RD.06.SPR18223</org_study_id>
    <nct_id>NCT01616654</nct_id>
  </id_info>
  <brief_title>Dose Range Study of CD5789 in Acne Vulgaris</brief_title>
  <official_title>A Randomized, Multi-center, Investigator-blind, Vehicle- and Active-controlled, Phase 2 Study to Assess the Efficacy and Safety of Different Concentrations of CD5789 Cream Applied Once Daily in Subjects With Moderate to Severe Acne Vulgaris</official_title>
  <sponsors>
    <lead_sponsor>
      <agency>Galderma</agency>
      <agency_class>Industry</agency_class>
    </lead_sponsor>
  </sponsors>
  <source>Galderma</source>
  <oversight_info>
    <authority>United States: Food and Drug Administration</authority>
    <has_dmc>No</has_dmc>
  </oversight_info>
  <brief_summary>
    <textblock>
      To assess the efficacy and safety of different concentrations of CD5789 cream in subjects
      with acne vulgaris for the purpose of dose identification.
    </textblock>
  </brief_summary>
  <overall_status>Completed</overall_status>
  <start_date>June 2012</start_date>
  <completion_date type="Actual">September 2013</completion_date>
  <primary_completion_date type="Actual">July 2013</primary_completion_date>
  <phase>Phase 2</phase>
  <study_type>Interventional</study_type>
  <study_design>Allocation: Randomized, Endpoint Classification: Safety/Efficacy Study, Intervention Model: Parallel Assignment, Masking: Double Blind (Subject, Caregiver, Investigator, Outcomes Assessor), Primary Purpose: Treatment</study_design>
  <primary_outcome>
    <measure>Success Rate (IGA)</measure>
    <time_frame>up to Week 12</time_frame>
    <safety_issue>No</safety_issue>
    <description>Defined as the percentage of subjects who achieve at least a two-point reduction in the IGA score from Baseline at Week 12, Last Observation Carried Forward (LOCF), Intent to Treat (ITT) population.</description>
  </primary_outcome>
  <primary_outcome>
    <measure>Absolute change in total lesion counts</measure>
    <time_frame>Baseline to Week 12</time_frame>
    <safety_issue>No</safety_issue>
    <description>Absolute change in total lesion counts from Baseline to Week 12; total lesion counts is the sum of inflammatory, non-inflammatory lesions and nodules.</description>
  </primary_outcome>
  <primary_outcome>
    <measure>Percent Change in total lesion counts</measure>
    <time_frame>Baseline to Week 12</time_frame>
    <safety_issue>No</safety_issue>
    <description>Percent change in total lesion counts from Baseline to Week 12; total lesion counts is the sum of inflammatory, non-inflammatory lesions and nodules</description>
  </primary_outcome>
  <number_of_arms>5</number_of_arms>
  <enrollment type="Actual">304</enrollment>
  <condition>Acne Vulgaris</condition>
  <arm_group>
    <arm_group_label>CD5789 50 µg/g cream</arm_group_label>
    <arm_group_type>Experimental</arm_group_type>
    <description>CD5789 50 µg/g cream applied once daily for subjects randomized in Stratum 1, 2 and 3</description>
  </arm_group>
  <arm_group>
    <arm_group_label>CD5789 100 µg/g cream</arm_group_label>
    <arm_group_type>Experimental</arm_group_type>
    <description>CD5789 100 µg/g cream applied once daily for subjects randomized in Stratum 1, 2 and 3</description>
  </arm_group>
  <arm_group>
    <arm_group_label>Tazarotene 0.1% gel</arm_group_label>
    <arm_group_type>Active Comparator</arm_group_type>
    <description>Tazarotene 0.1% gel applied once daily for subjects randomized in Stratum 1 and 2</description>
  </arm_group>
  <arm_group>
    <arm_group_label>Vehicle cream</arm_group_label>
    <arm_group_type>Placebo Comparator</arm_group_type>
    <description>Vehicle cream applied once daily for subjects randomized in Stratum 1, 2 and 3</description>
  </arm_group>
  <arm_group>
    <arm_group_label>CD5789 25 µg/g cream</arm_group_label>
    <arm_group_type>Experimental</arm_group_type>
    <description>CD5789 25 µg/g cream applied once daily for subjects randomized in Stratum 1, 2 and 3</description>
  </arm_group>
  <intervention>
    <intervention_type>Drug</intervention_type>
    <intervention_name>CD5789 25 µg/g cream</intervention_name>
    <description>CD5789 25 µg/g cream applied once daily</description>
    <arm_group_label>CD5789 25 µg/g cream</arm_group_label>
  </intervention>
  <intervention>
    <intervention_type>Drug</intervention_type>
    <intervention_name>CD5789 50 µg/g cream</intervention_name>
    <description>CD5789 50 µg/g cream applied once daily</description>
    <arm_group_label>CD5789 50 µg/g cream</arm_group_label>
  </intervention>
  <intervention>
    <intervention_type>Drug</intervention_type>
    <intervention_name>CD5789 100 µg/g cream</intervention_name>
    <description>CD5789 100 µg/g cream applied once daily</description>
    <arm_group_label>CD5789 100 µg/g cream</arm_group_label>
  </intervention>
  <intervention>
    <intervention_type>Drug</intervention_type>
    <intervention_name>Tazarotene 0.1% gel</intervention_name>
    <description>Tazarotene 0.1% gel applied once daily</description>
    <arm_group_label>Tazarotene 0.1% gel</arm_group_label>
  </intervention>
  <intervention>
    <intervention_type>Drug</intervention_type>
    <intervention_name>Vehicle cream</intervention_name>
    <description>Vehicle cream applied once daily</description>
    <arm_group_label>Vehicle cream</arm_group_label>
  </intervention>
  <eligibility>
    <criteria>
      <textblock>
        Inclusion Criteria:

          -  Male or female subject, 12 to 35 years old with the following characteristics:

          -  Facial acne severity grade  of the following:

               -  Stratum 1: IGA score of 3 or 4

               -  Stratum 2: IGA score of 4

               -  Stratum 3: IGA score of 3 or 4

          -  A minimum of 30 non-inflammatory lesions and fulfills the criteria of one of the
             following strata:

               -  Stratum 1: A minimum of 20 but not more than 40 inflammatory lesions, and a
                  maximum of one nodule on the face.

               -  Stratum 2: More than 40 inflammatory lesions, and up to four nodules on the
                  face.

               -  Stratum 3: Subjects of Japanese origin with at least 20 inflammatory lesions and
                  up to four nodules on the face.

                    -  Note: Subjects of Japanese origin will not be included in Stratum 1 or
                       Stratum 2. Japanese origin is defined as all four grandparents were born in
                       Japan.

        Exclusion Criteria:

          -  The presence of severe forms of acne (acne conglobata, acne fulminans) or secondary
             acne form (chloracne, drug-induced acne, etc.)

          -  Any uncontrolled or serious disease, or any medical or surgical condition, that may
             either interfere with the interpretation of the clinical trial results and/or put the
             subject at significant risk (according to the Investigator's judgment) if the subject
             participates in the clinical trial.

          -  Known or suspected allergies or sensitivities to any components of any of the study
             drugs.

          -  Current participation in any other clinical trial of a drug or device OR past
             participation within the 30 days prior to the Baseline visit.
      </textblock>
    </criteria>
    <gender>Both</gender>
    <minimum_age>12 Years</minimum_age>
    <maximum_age>35 Years</maximum_age>
    <healthy_volunteers>No</healthy_volunteers>
  </eligibility>
  <overall_official>
    <last_name>Michael Graeber, M.D.</last_name>
    <role>Study Director</role>
    <affiliation>Galderma R&amp;D, Inc.</affiliation>
  </overall_official>
  <location>
    <facility>
      <name>Total Skin and Beauty Dermatology Center, PC</name>
      <address>
        <city>Birmingham</city>
        <state>Alabama</state>
        <zip>35205</zip>
        <country>United States</country>
      </address>
    </facility>
  </location>
  <location>
    <facility>
      <name>Parexel Early Phase</name>
      <address>
        <city>Glendale</city>
        <state>California</state>
        <zip>91206</zip>
        <country>United States</country>
      </address>
    </facility>
  </location>
  <location>
    <facility>
      <name>Odyssey Medispa</name>
      <address>
        <city>Marina Del Rey</city>
        <state>California</state>
        <zip>90292</zip>
        <country>United States</country>
      </address>
    </facility>
  </location>
  <location>
    <facility>
      <name>Rady Children's Hospital</name>
      <address>
        <city>San Diego</city>
        <state>California</state>
        <zip>92123</zip>
        <country>United States</country>
      </address>
    </facility>
  </location>
  <location>
    <facility>
      <name>FXM Research Corp Miami</name>
      <address>
        <city>Miami</city>
        <state>Florida</state>
        <zip>33175</zip>
        <country>United States</country>
      </address>
    </facility>
  </location>
  <location>
    <facility>
      <name>FMX Research Miramar</name>
      <address>
        <city>Miramar</city>
        <state>Florida</state>
        <zip>33027</zip>
        <country>United States</country>
      </address>
    </facility>
  </location>
  <location>
    <facility>
      <name>Meda Phase, Inc</name>
      <address>
        <city>Newnan</city>
        <state>Georgia</state>
        <zip>30263</zip>
        <country>United States</country>
      </address>
    </facility>
  </location>
  <location>
    <facility>
      <name>Deaconess Clinic, Inc.</name>
      <address>
        <city>Evansville</city>
        <state>Indiana</state>
        <zip>47713</zip>
        <country>United States</country>
      </address>
    </facility>
  </location>
  <location>
    <facility>
      <name>Dermatology Specialists PC</name>
      <address>
        <city>Louisville</city>
        <state>Kentucky</state>
        <zip>40202</zip>
        <country>United States</country>
      </address>
    </facility>
  </location>
  <location>
    <facility>
      <name>Hamzavi Dermatology</name>
      <address>
        <city>Fort Gratiot</city>
        <state>Michigan</state>
        <zip>48059</zip>
        <country>United States</country>
      </address>
    </facility>
  </location>
  <location>
    <facility>
      <name>Somerset Skin Centre</name>
      <address>
        <city>Troy</city>
        <state>Michigan</state>
        <zip>48084</zip>
        <country>United States</country>
      </address>
    </facility>
  </location>
  <location>
    <facility>
      <name>Skin Specialists, PC</name>
      <address>
        <city>Omaha</city>
        <state>Nebraska</state>
        <zip>68144</zip>
        <country>United States</country>
      </address>
    </facility>
  </location>
  <location>
    <facility>
      <name>Academic Dermatology Associates</name>
      <address>
        <city>Albuquerque</city>
        <state>New Mexico</state>
        <zip>87106</zip>
        <country>United States</country>
      </address>
    </facility>
  </location>
  <location>
    <facility>
      <name>Zoe Drealos, MD</name>
      <address>
        <city>High Point</city>
        <state>North Carolina</state>
        <zip>27262</zip>
        <country>United States</country>
      </address>
    </facility>
  </location>
  <location>
    <facility>
      <name>PMG Research of Wilmington</name>
      <address>
        <city>Wilmington</city>
        <state>North Carolina</state>
        <zip>28401</zip>
        <country>United States</country>
      </address>
    </facility>
  </location>
  <location>
    <facility>
      <name>Central Sooner Research</name>
      <address>
        <city>Norman</city>
        <state>Oklahoma</state>
        <zip>73069</zip>
        <country>United States</country>
      </address>
    </facility>
  </location>
  <location>
    <facility>
      <name>Oregon Dermatology and Research Center</name>
      <address>
        <city>Portland</city>
        <state>Oregon</state>
        <zip>97210</zip>
        <country>United States</country>
      </address>
    </facility>
  </location>
  <location>
    <facility>
      <name>Palmetto Clinical Trial Services, LLC</name>
      <address>
        <city>Greenville</city>
        <state>South Carolina</state>
        <zip>29607</zip>
        <country>United States</country>
      </address>
    </facility>
  </location>
  <location>
    <facility>
      <name>Arlington Center for Dermatology</name>
      <address>
        <city>Arlington</city>
        <state>Texas</state>
        <zip>76011</zip>
        <country>United States</country>
      </address>
    </facility>
  </location>
  <location>
    <facility>
      <name>Suzanne Bruce and Associates P.A. The Center for Skin Research</name>
      <address>
        <city>Houston</city>
        <state>Texas</state>
        <zip>77056</zip>
        <country>United States</country>
      </address>
    </facility>
  </location>
  <location>
    <facility>
      <name>Stephen Miller MD</name>
      <address>
        <city>San Antonio</city>
        <state>Texas</state>
        <zip>78229</zip>
        <country>United States</country>
      </address>
    </facility>
  </location>
  <location>
    <facility>
      <name>Center for Clinical Studies</name>
      <address>
        <city>Webster</city>
        <state>Texas</state>
        <zip>77598</zip>
        <country>United States</country>
      </address>
    </facility>
  </location>
  <location>
    <facility>
      <name>Dermatology Research Center</name>
      <address>
        <city>Salt Lake City</city>
        <state>Utah</state>
        <zip>84124</zip>
        <country>United States</country>
      </address>
    </facility>
  </location>
  <location>
    <facility>
      <name>The Education &amp; Research Foundation, Inc.</name>
      <address>
        <city>Lynchburg</city>
        <state>Virginia</state>
        <zip>24501</zip>
        <country>United States</country>
      </address>
    </facility>
  </location>
  <location_countries>
    <country>United States</country>
  </location_countries>
  <verification_date>January 2014</verification_date>
  <lastchanged_date>January 14, 2014</lastchanged_date>
  <firstreceived_date>June 8, 2012</firstreceived_date>
  <responsible_party>
    <responsible_party_type>Sponsor</responsible_party_type>
  </responsible_party>
  <is_fda_regulated>Yes</is_fda_regulated>
  <is_section_801>Yes</is_section_801>
  <has_expanded_access>No</has_expanded_access>
  <condition_browse>
    <!-- CAUTION:  The following MeSH terms are assigned with an imperfect algorithm  -->
    <mesh_term>Acne Vulgaris</mesh_term>
  </condition_browse>
  <intervention_browse>
    <!-- CAUTION:  The following MeSH terms are assigned with an imperfect algorithm  -->
    <mesh_term>Tazarotene</mesh_term>
  </intervention_browse>
  <!-- Results have not yet been posted for this study                                -->
</clinical_study>
