<?xml version="1.0" encoding="UTF-8"?>
<clinical_study rank="347">
  <!-- This xml conforms to an XML Schema at:
    https://clinicaltrials.gov/ct2/html/images/info/public.xsd
 and an XML DTD at:
    https://clinicaltrials.gov/ct2/html/images/info/public.dtd -->
  <required_header>
    <download_date>ClinicalTrials.gov processed this data on July 08, 2015</download_date>
    <link_text>Link to the current ClinicalTrials.gov record.</link_text>
    <url>https://clinicaltrials.gov/show/NCT00167752</url>
  </required_header>
  <id_info>
    <org_study_id>2002-0420</org_study_id>
    <nct_id>NCT00167752</nct_id>
  </id_info>
  <brief_title>Psychiatric Problems in Chronic Skin Diseases</brief_title>
  <official_title>Quality of Life, Emotional and Sleep Problems in Chronic Skin Diseases</official_title>
  <sponsors>
    <lead_sponsor>
      <agency>University of Wisconsin, Madison</agency>
      <agency_class>Other</agency_class>
    </lead_sponsor>
  </sponsors>
  <source>University of Wisconsin, Madison</source>
  <oversight_info>
    <authority>United States: Institutional Review Board</authority>
  </oversight_info>
  <brief_summary>
    <textblock>
      The purpose of this study is to investigate the prevalence of depression, anxiety, and sleep
      problems in patients with chronic skin diseases in dermatology clinics at the University of
      Wisconsin Hospital and Clinics.
    </textblock>
  </brief_summary>
  <overall_status>Completed</overall_status>
  <phase>N/A</phase>
  <study_type>Observational</study_type>
  <study_design>Time Perspective: Prospective</study_design>
  <condition>Psoriasis</condition>
  <condition>Acne</condition>
  <condition>Vitiligo</condition>
  <condition>Atopic Dermatitis</condition>
  <condition>Pruritic Dermatitis</condition>
  <eligibility>
    <criteria>
      <textblock>
        Inclusion Criteria:

          -  Subjects suffering from a chronic skin condition that has lasted over six months

        Exclusion Criteria:

        -
      </textblock>
    </criteria>
    <gender>Both</gender>
    <minimum_age>18 Years</minimum_age>
    <maximum_age>N/A</maximum_age>
    <healthy_volunteers>No</healthy_volunteers>
  </eligibility>
  <overall_official>
    <last_name>Ladan Mostaghimi, MD</last_name>
    <role>Principal Investigator</role>
    <affiliation>University of Wisconsin, Madison</affiliation>
  </overall_official>
  <verification_date>June 2008</verification_date>
  <lastchanged_date>June 11, 2008</lastchanged_date>
  <firstreceived_date>September 11, 2005</firstreceived_date>
  <has_expanded_access>No</has_expanded_access>
  <condition_browse>
    <!-- CAUTION:  The following MeSH terms are assigned with an imperfect algorithm  -->
    <mesh_term>Dermatitis</mesh_term>
    <mesh_term>Dermatitis, Atopic</mesh_term>
    <mesh_term>Eczema</mesh_term>
    <mesh_term>Pruritus</mesh_term>
    <mesh_term>Skin Diseases</mesh_term>
  </condition_browse>
  <!-- Results have not yet been posted for this study                                -->
</clinical_study>
