<?xml version="1.0" encoding="UTF-8"?>
<clinical_study rank="412">
  <!-- This xml conforms to an XML Schema at:
    https://clinicaltrials.gov/ct2/html/images/info/public.xsd
 and an XML DTD at:
    https://clinicaltrials.gov/ct2/html/images/info/public.dtd -->
  <required_header>
    <download_date>ClinicalTrials.gov processed this data on July 08, 2015</download_date>
    <link_text>Link to the current ClinicalTrials.gov record.</link_text>
    <url>https://clinicaltrials.gov/show/NCT01117558</url>
  </required_header>
  <id_info>
    <org_study_id>WFH-PCOS-98010</org_study_id>
    <nct_id>NCT01117558</nct_id>
  </id_info>
  <brief_title>Study of Metabolism and Cardiovascular Disease(CVD) in Women With Polycystic Ovary Syndrome (PCOS)</brief_title>
  <official_title>The Risk of Metabolic Syndrome and Cardiovascular Disease in Women With Polycystic Ovary Syndrome.</official_title>
  <sponsors>
    <lead_sponsor>
      <agency>Taipei Medical University WanFang Hospital</agency>
      <agency_class>Other</agency_class>
    </lead_sponsor>
  </sponsors>
  <source>Taipei Medical University WanFang Hospital</source>
  <oversight_info>
    <authority>Taiwan: Department of Health</authority>
    <has_dmc>No</has_dmc>
  </oversight_info>
  <brief_summary>
    <textblock>
      PCOS is the most common endocrine disorder in reproductive women. It is estimated that 5 to
      10% of women of reproductive age have PCOS. One of the major diagnostic criteria of PCOS was
      chronic anovulation which lead to irregular menstruation, amenorrhea, and infertility; the
      other diagnostic criteria was hyperandrogenism which lead to hirsutism, acne and alopecia.
      Furthermore, PCOS is thought as a metabolic disorder, the long-term consequence of PCOS were
      diabetes mellitus and cardiovascular disease, which are potentially dangerous in women
      health. Early diagnosis and prevention is very important to the PCOS patients.

      Obesity is the most potential risk of threat to health of populations. There is a major
      impact of obesity on the PCOS related disorders. Insulin resistance and distribution of
      adipose tissue were thought to be the important risk factors of cardiovascular and metabolic
      syndrome.

      To treat PCOS patients properly,Wan-Fang hospital had established a specific medical team.
      The investigators recently published in &quot;Fertility and Sterility&quot; about the clinical
      presentation of androgen excess in Taiwanese women. Hirsutism is much less prevalence in
      Taiwanese PCOS women than that previous reported in the Western women. It is important to
      know that some clinical presentation of PCOS might have ethic variance. Insulin resistance
      was reported as another candidate that might have ethic variance.The investigators had
      reported about 40% women in PCOS women were obese, it is similar with previous literature
      reported. Obesity is a major factor that could be controlled during the treatment of
      PCOS.Weight reduction is one of our methods in PCOS treatment. The progressive results for
      obese PCOS women would be facing the risks of diabetes and metabolic syndrome.The
      investigators thought like to evaluate the benefit of weight reduction program to the
      prognosis of obese women with PCOS. Furthermore, it is known that Endothelial progenitor
      cells (EPC) be an early marker of cardiovascular disease, the investigators would like to
      know the role of EPC to predict metabolic syndrome in women with PCOS. Wan-Fang hospital has
      a professional team in PCOS treatment and research which including gynecological
      endocrinologist, cardiologist, medical endocrinologist, specialist in weight reduction. This
      team had been working well for more that 4 years.

      The investigators hope that they can make a contribution to the study and treatment of PCOS
      in Taiwan.
    </textblock>
  </brief_summary>
  <overall_status>Completed</overall_status>
  <start_date>May 2009</start_date>
  <completion_date type="Actual">April 2010</completion_date>
  <primary_completion_date type="Actual">February 2010</primary_completion_date>
  <phase>N/A</phase>
  <study_type>Observational</study_type>
  <study_design>Observational Model: Cohort, Time Perspective: Prospective</study_design>
  <primary_outcome>
    <measure>obesity</measure>
    <time_frame>prospectively recruited from June 1, 2009 to September 31, 2010.</time_frame>
    <safety_issue>No</safety_issue>
  </primary_outcome>
  <number_of_groups>1</number_of_groups>
  <enrollment type="Actual">300</enrollment>
  <condition>Polycystic Ovary Syndrome</condition>
  <eligibility>
    <study_pop>
      <textblock>
        Polycystic Ovary Syndrome(PCOS)
      </textblock>
    </study_pop>
    <sampling_method>Probability Sample</sampling_method>
    <criteria>
      <textblock>
        Inclusion Criteria:

          -  PCOM by ultrasound Diagnosis

          -  Anovulation, Oligo menses

          -  Hyperandrogenism

        Exclusion Criteria:

          -  Women who had been diagnosed with other etiology that should be excluded in PCOS
             diagnosis, such as hyperprolactinemia, hypogonadotropic hypogonadism, premature
             ovarian failure, congenital adrenal hyperplastic, androgen-secreting tumor, Cushing's
             syndrome, disorders of uterus (such as Asherman's syndrome, Mullerian agenesis),
             chromosomal anomalies (such as Turner syndrome).

          -  Women who did not have sufficient clinical or biochemical records.

          -  Girls who had menarche at &lt;3 years of age and women who were &gt;40 years of age.
      </textblock>
    </criteria>
    <gender>Female</gender>
    <minimum_age>15 Years</minimum_age>
    <maximum_age>45 Years</maximum_age>
    <healthy_volunteers>Accepts Healthy Volunteers</healthy_volunteers>
  </eligibility>
  <overall_official>
    <last_name>Ming-I Hsu, MD</last_name>
    <role>Principal Investigator</role>
    <affiliation>Taipei Medical University WanFang Hospital</affiliation>
  </overall_official>
  <location>
    <facility>
      <name>Taipei Medical University WanFang Hospital</name>
      <address>
        <city>Taipei</city>
        <zip>116</zip>
        <country>Taiwan</country>
      </address>
    </facility>
  </location>
  <location_countries>
    <country>Taiwan</country>
  </location_countries>
  <verification_date>September 2013</verification_date>
  <lastchanged_date>September 10, 2013</lastchanged_date>
  <firstreceived_date>May 3, 2010</firstreceived_date>
  <responsible_party>
    <responsible_party_type>Principal Investigator</responsible_party_type>
    <investigator_affiliation>Taipei Medical University WanFang Hospital</investigator_affiliation>
    <investigator_full_name>Ming-I Hsu</investigator_full_name>
    <investigator_title>Attending Doctor</investigator_title>
  </responsible_party>
  <keyword>PCOS,</keyword>
  <keyword>DM,</keyword>
  <keyword>Hypertension,</keyword>
  <keyword>CVD</keyword>
  <is_fda_regulated>No</is_fda_regulated>
  <has_expanded_access>No</has_expanded_access>
  <condition_browse>
    <!-- CAUTION:  The following MeSH terms are assigned with an imperfect algorithm  -->
    <mesh_term>Cardiovascular Diseases</mesh_term>
    <mesh_term>Polycystic Ovary Syndrome</mesh_term>
    <mesh_term>Syndrome</mesh_term>
  </condition_browse>
  <!-- Results have not yet been posted for this study                                -->
</clinical_study>
