<?xml version="1.0" encoding="UTF-8"?>
<clinical_study rank="250">
  <!-- This xml conforms to an XML Schema at:
    https://clinicaltrials.gov/ct2/html/images/info/public.xsd
 and an XML DTD at:
    https://clinicaltrials.gov/ct2/html/images/info/public.dtd -->
  <required_header>
    <download_date>ClinicalTrials.gov processed this data on July 08, 2015</download_date>
    <link_text>Link to the current ClinicalTrials.gov record.</link_text>
    <url>https://clinicaltrials.gov/show/NCT02249767</url>
  </required_header>
  <id_info>
    <org_study_id>Tret.2014.10.01.14</org_study_id>
    <nct_id>NCT02249767</nct_id>
  </id_info>
  <brief_title>Bioequivalence Study of Tretinoin Gel 0.05% to Brand Tretinoin Gel</brief_title>
  <official_title>Bioequivalence Study of Tretinoin Gel 0.05% to Brand Tretinoin Gel</official_title>
  <sponsors>
    <lead_sponsor>
      <agency>Spear Pharmaceuticals</agency>
      <agency_class>Industry</agency_class>
    </lead_sponsor>
  </sponsors>
  <source>Spear Pharmaceuticals</source>
  <oversight_info>
    <authority>United States: Food and Drug Administration</authority>
    <has_dmc>Yes</has_dmc>
  </oversight_info>
  <brief_summary>
    <textblock>
      This was a double-blind, randomized, three-treatment, parallel study.  Normal, healthy male
      and female children and adults (i.e., ages 12 to 40 years) with at least Grade 2 (i.e., mild
      severity) acne vulgaris were treated on the full face once daily for 84 days with the
      Tretinoin Gel 0.05%, Brand (tretinoin) Gel 0.05%, or Gel Vehicle.  Acne lesions were graded
      by a single blinded observer at screening and at Weeks 0 (i.e., baseline), 2, 4, 8, and 12
      at each location.
    </textblock>
  </brief_summary>
  <detailed_description>
    <textblock>
      This was a double-blind, randomized, three-treatment, parallel study conducted at three
      locations with a single investigator.  Normal, healthy male and female children and adults
      (i.e., ages 12 to 40 years) with at least Grade 2 (i.e., mild severity) acne vulgaris were
      treated on the full face once daily for 84 days with the Tretinoin Gel 0.05%, Brand
      (tretinoin) Gel 0.05%, or Gel Vehicle.  Acne lesions were graded by a single blinded
      observer at screening and at Weeks 0 (i.e., baseline), 2, 4, 8, and 12 at each location.

      The assigned study treatment was self-applied topically once daily for 84 consecutive days.
      Scheduled study visits included:

        -  Visit 1 (Baseline Visit, Day 0)

        -  Visit 2 (First Interim Visit, Day 14)

        -  Visit 3 (Second Interim Visit, Day 28)

        -  Visit 4 (Third Interim Visit, Day 56)

        -  Visit 5 (Forth Interim Visit, Day 84)

      A window of ± 4 days was considered acceptable for each scheduled visit following the
      Baseline Visit.  Subjects were admitted into the study if they had a clinical diagnosis of
      acne vulgaris and if they met the inclusion/exclusion criteria.  During the study visits,
      the following procedures were performed:

        -  Counts of inflammatory, non-inflammatory, and nodulocystic lesions

        -  The Investigator's Global Assessment (IGA)

        -  Assessment of application site reactions Safety was assessed by the monitoring of AEs
           and documenting signs and/or symptoms of application site reactions.
    </textblock>
  </detailed_description>
  <overall_status>Completed</overall_status>
  <start_date>November 2013</start_date>
  <completion_date type="Actual">June 2014</completion_date>
  <primary_completion_date type="Actual">June 2014</primary_completion_date>
  <phase>Phase 3</phase>
  <study_type>Interventional</study_type>
  <study_design>Allocation: Randomized, Endpoint Classification: Bio-equivalence Study, Intervention Model: Parallel Assignment, Masking: Double Blind (Subject, Caregiver, Investigator, Outcomes Assessor), Primary Purpose: Treatment</study_design>
  <primary_outcome>
    <measure>percent Improvement of acne</measure>
    <time_frame>12 weeks</time_frame>
    <safety_issue>No</safety_issue>
  </primary_outcome>
  <number_of_arms>3</number_of_arms>
  <enrollment type="Actual">574</enrollment>
  <condition>Acne</condition>
  <arm_group>
    <arm_group_label>Generic Tretinoin</arm_group_label>
    <arm_group_type>Active Comparator</arm_group_type>
    <description>Treatment of acne once daily over 12 weeks</description>
  </arm_group>
  <arm_group>
    <arm_group_label>Brand Tretinoin</arm_group_label>
    <arm_group_type>Active Comparator</arm_group_type>
    <description>Treatment of Acne once daily over 12 weeks</description>
  </arm_group>
  <arm_group>
    <arm_group_label>Placebo Vehicle</arm_group_label>
    <arm_group_type>Placebo Comparator</arm_group_type>
    <description>Treatment of acne once daily over 12 weeks</description>
  </arm_group>
  <intervention>
    <intervention_type>Drug</intervention_type>
    <intervention_name>Tretinoin</intervention_name>
    <description>Treatment of acne once daily in evening</description>
    <arm_group_label>Generic Tretinoin</arm_group_label>
    <arm_group_label>Brand Tretinoin</arm_group_label>
    <other_name>trans retinoic acid</other_name>
  </intervention>
  <eligibility>
    <criteria>
      <textblock>
        Inclusion Criteria:

          -  Normal, healthy male and female children and adults aged 12 to 40 years

          -  Written and verbal informed consent had to be obtained.  Subjects aged 12 to 17
             years, had to sign an assent for the study and a parent or a legal guardian had to
             sign the informed consent

          -  Women of childbearing potential had to be non-pregnant and non-nursing, and had to be
             willing to avoid pregnancy during the course of the study and during the menstrual
             cycle following completion of their participation in the study. Adequate
             contraception was defined as systemic birth control, such as oral contraceptives, for
             three months prior and implantable/injectable contraceptives (e.g., Norplant,
             intrauterine device [IUD]) for six months prior to study drug administration; or
             barrier methods, such as diaphragm plus spermicide or condom plus spermicide,
             consistently for at least 14 days prior to study drug administration; or abstinence.

          -  On the face, having ≥ 20 inflammatory (i.e., papules and pustules) and ≥ 25
             non-inflammatory (i.e., open and closed comedones) lesions with ≤ 2 nodulocystic
             lesions (i.e, nodules and cysts), as per FDA Draft Guidance on Tretinoin, dated March
             20

          -  Able to refrain from the use of all other topical acne medications or antibiotics
             during the treatment period

          -  Considered reliable and capable of understanding their responsibility and role in the
             study

        Exclusion Criteria:

          -  Presence of any skin condition that would interfere with the diagnosis or assessment
             of acne vulgaris (e.g., on the face: rosacea, dermatitis, psoriasis, squamous cell
             carcinoma, eczema, acneform eruptions caused by medications, steroid acne, steroid
             folliculitis, or bacterial folliculitis). Note: Eczema and psoriasis on the body are
             not exclusions.

          -  Subjects with active cystic acne as evidenced by more than 2 facial nodules. Nodules
             are defined as in 7.3.3 as: deep-seated in the skin (i.e., centered in the dermis or
             subcutis) and greater than 5 mm in diameter.

          -  More than 40 papules and/or pustules (inflammatory lesions).

          -  More than 60 open and/or closed comedones/milia (non-inflammatory lesions).

          -  Overall severity grade of less than 2 or greater than 4.

          -  History of allergy or hypersensitivity to tretinoin, retinoids, or any of the study
             medication ingredients.

          -  Significant history or clinical evidence of auto-immune, cardiovascular,
             gastrointestinal, hematological, hepatic, neurological, pancreatic, or renal disease.

          -  Use within 6 months prior to baseline of systemic retinoid (isotretinoin) treatment
             or therapeutic vitamin A supplements of greater than 10,000 units/day (multivitamins
             are allowed).

          -  Oral contraceptives started or changed within 3 months prior to study initiation or
             planned to change during the study.

          -  Use on the face within 1 month prior to baseline of 1) cryodestruction or
             chemodestruction, 2) dermabrasion, 3) photodynamic therapy, 4) acne surgery, 5)
             intralesional steroids, or 6) x-ray therapy.

          -  Use within 1 month prior to baseline of 1) spironolactone, 2) systemic steroids, 3)
             systemic antibiotics, 4) systemic treatment for acne vulgaris (other than oral
             retinoids, which require a 6-month washout), or 5) systemic anti-inflammatory agents.

          -  Use within 2 weeks prior to baseline of 1) topical steroids, 2) topical retinoids, 3)
             topical acne treatments including over-the-counter preparations, 4) topical
             anti-inflammatory agents, or 5) topical antibiotics.

          -  Pregnant or breast-feeding.

          -  Serious psychological illness.

          -  Significant history (within the past year) of alcohol or drug abuse.
      </textblock>
    </criteria>
    <gender>Both</gender>
    <minimum_age>12 Years</minimum_age>
    <maximum_age>40 Years</maximum_age>
    <healthy_volunteers>Accepts Healthy Volunteers</healthy_volunteers>
  </eligibility>
  <overall_official>
    <last_name>Susan Barker, MD</last_name>
    <role>Principal Investigator</role>
    <affiliation>Moore Clinical Research</affiliation>
  </overall_official>
  <verification_date>December 2014</verification_date>
  <lastchanged_date>December 4, 2014</lastchanged_date>
  <firstreceived_date>September 23, 2014</firstreceived_date>
  <responsible_party>
    <responsible_party_type>Sponsor</responsible_party_type>
  </responsible_party>
  <is_fda_regulated>Yes</is_fda_regulated>
  <is_section_801>Yes</is_section_801>
  <has_expanded_access>No</has_expanded_access>
  <intervention_browse>
    <!-- CAUTION:  The following MeSH terms are assigned with an imperfect algorithm  -->
    <mesh_term>Tretinoin</mesh_term>
  </intervention_browse>
  <!-- Results have not yet been posted for this study                                -->
</clinical_study>
