<?xml version="1.0" encoding="UTF-8"?>
<clinical_study rank="81">
  <!-- This xml conforms to an XML Schema at:
    https://clinicaltrials.gov/ct2/html/images/info/public.xsd
 and an XML DTD at:
    https://clinicaltrials.gov/ct2/html/images/info/public.dtd -->
  <required_header>
    <download_date>ClinicalTrials.gov processed this data on July 08, 2015</download_date>
    <link_text>Link to the current ClinicalTrials.gov record.</link_text>
    <url>https://clinicaltrials.gov/show/NCT00939133</url>
  </required_header>
  <id_info>
    <org_study_id>C2009-01</org_study_id>
    <nct_id>NCT00939133</nct_id>
  </id_info>
  <brief_title>Proof of Concept Study to Investigate the Recurrence of Acne Post Isotretinoin</brief_title>
  <official_title>Double Blinded Vehicle Controlled Proof of Concept Study to Investigate the Recurrence of Inflammatory and Non-inflammatory Acne Lesions Using Tretinoin Gel (Microsphere) 0.04% in Male Patients Post Oral Isotretinoin Use</official_title>
  <sponsors>
    <lead_sponsor>
      <agency>Dermatrials Research</agency>
      <agency_class>Other</agency_class>
    </lead_sponsor>
    <collaborator>
      <agency>Johnson &amp; Johnson</agency>
      <agency_class>Industry</agency_class>
    </collaborator>
  </sponsors>
  <source>Dermatrials Research</source>
  <oversight_info>
    <authority>Canada: Ethics Review Committee</authority>
    <has_dmc>No</has_dmc>
  </oversight_info>
  <brief_summary>
    <textblock>
      The use of topical retinoids is a mainstay and basis of early acne treatment to prevent the
      progression to inflammatory lesions.  Post oral isotretinoin, it is not uncommon for
      non-inflammatory papules and comedones to recur.  However, there has been no formal study to
      look at the prevention of recurrence of these acne lesions post isotretinoin in a long term
      basis.  This may enhance the therapeutic options for post isotretinoin patients in order to
      prevent recurrence of their disease.

      Hypothesis Tretinoin microsphere 0.04% will prevent recurrence of acne lesions.
    </textblock>
  </brief_summary>
  <detailed_description>
    <textblock>
      Subjects will be randomized 1:1 to study product or vehicle. Subjects will be randomly
      assigned to each group by an unblinded dispenser.

      The study duration will be 24 weeks with visits at baseline (week 0), week 4, week 8, week
      16 and week 24.  All study products will be administered once daily for 24 weeks. Subjects
      will apply a sufficient amount of study product to cover the entire face.
    </textblock>
  </detailed_description>
  <overall_status>Completed</overall_status>
  <start_date>July 2009</start_date>
  <completion_date type="Actual">December 2010</completion_date>
  <primary_completion_date type="Actual">December 2010</primary_completion_date>
  <phase>Phase 4</phase>
  <study_type>Interventional</study_type>
  <study_design>Allocation: Randomized, Endpoint Classification: Efficacy Study, Intervention Model: Single Group Assignment, Masking: Double Blind (Subject, Investigator, Outcomes Assessor), Primary Purpose: Prevention</study_design>
  <primary_outcome>
    <measure>Primary objectives-to assess the efficacy of Retin A micro 0.04% on the recurrence rate of acne post isotretinoin use compared to vehicle.</measure>
    <time_frame>Six Months</time_frame>
    <safety_issue>No</safety_issue>
  </primary_outcome>
  <secondary_outcome>
    <measure>The percent  change in lesion counts from baseline to week 16 and 24.</measure>
    <time_frame>Six Months</time_frame>
    <safety_issue>No</safety_issue>
  </secondary_outcome>
  <secondary_outcome>
    <measure>Proportion of subjects who have a Subject's Global</measure>
    <time_frame>Assessment score of 0 or 1 at week 16 and 24</time_frame>
    <safety_issue>No</safety_issue>
  </secondary_outcome>
  <secondary_outcome>
    <measure>Proportion of subjects who have an ISGA score of 0 or 1 at week 16 and 24.</measure>
    <time_frame>At week 16 and 24</time_frame>
    <safety_issue>No</safety_issue>
  </secondary_outcome>
  <number_of_arms>2</number_of_arms>
  <enrollment type="Actual">20</enrollment>
  <condition>Acne</condition>
  <arm_group>
    <arm_group_label>Tretinoin microsphere 0.04% gel</arm_group_label>
    <arm_group_type>Active Comparator</arm_group_type>
  </arm_group>
  <arm_group>
    <arm_group_label>Vehicle gel</arm_group_label>
    <arm_group_type>Placebo Comparator</arm_group_type>
  </arm_group>
  <intervention>
    <intervention_type>Drug</intervention_type>
    <intervention_name>tretinoin microsphere 0.04% gel</intervention_name>
    <description>Applied daily to entire face for six months</description>
    <arm_group_label>Tretinoin microsphere 0.04% gel</arm_group_label>
    <other_name>Retin A micro 0.04%</other_name>
  </intervention>
  <intervention>
    <intervention_type>Drug</intervention_type>
    <intervention_name>vehicle gel</intervention_name>
    <description>Placebo</description>
    <arm_group_label>Vehicle gel</arm_group_label>
  </intervention>
  <eligibility>
    <criteria>
      <textblock>
        Inclusion Criteria:

        Subjects must fulfill all of the following criteria to be eligible for study admission:

          -  Males aged between 18 and 45 years old who have successfully completed a treatment of
             acne with oral isotretinoin (Min 4 months/Maximum 6 months with an average of 5
             months and a total of 120-150mg/kg/course).

          -  Who can attend scheduled study follow-up visits at the outpatient dermatology clinic.

          -  Agree to informed consent for participation in a study.

          -  Agree to comply with the treatment and follow up procedures.

        Exclusion Criteria:

          -  Patients who receive isotretinoin for condition other than acne vulgaris.

          -  Patients who have been off isotretinoin for less than 30 days or more than 90 days at
             the time of enrollment of the study.

          -  Patients who have used prescription topical acne treatment (tretinoin, benzoyl
             peroxide, topical antibiotics or any combination products) between the end of therapy
             of isotretinoin within 2 weeks of study enrollment or oral antibiotics of any type
             between the end of therapy of isotretinoin within 4 weeks of study enrollment and
             throughout the study.

          -  Patients who have been previously diagnosed with an endocrinological disorder likely
             to cause acne such as genital/adrenal hyperplasia, adrenal tumors or any other hypo
             androgenetic state.

          -  Patients who are using any of the systemic medications likely to cause or abate acne
             such as oral Dilantin or any other epileptic, Finasteride, Spironolactone or
             Flutamine, testosterone or dietary body-building protein powders.

          -  Have any nodulo-cystic lesions at baseline.

          -  Used topical corticosteroids on the face or systemic corticosteroids within the past
             4 weeks.  Use of inhaled, intra-articular, or intra-lesional steroids other than for
             facial acne is acceptable.

          -  Are currently using any medication that in the opinion of the investigator may affect
             the action or evaluation of the study product or place the subject at undue risk.

          -  Used abradants, facials, peels containing glycolic or other acids; masks, washes, or
             soaps containing BPO, salicylic acid, or sulfacetamide sodium; non-mild facial
             cleansers; moisturizers that contain retinol, salicylic acid, or α- or β-hydroxy
             acids within the past 2 weeks.

          -  Plan to use medications that are reported to exacerbate acne (e.g., mega-doses of
             certain vitamins, such as vitamin D [&gt; 2000 IU per day] and vitamin B12 [&gt; 1 mg/day],
             haloperidol, halogens [e.g., iodide and bromide], lithium, hydantoin, and
             phenobarbital), because these may impact efficacy assessments.  Subjects who plan to
             use multivitamins, iron supplements and folate are acceptable.

          -  Had a facial procedure (such as chemical or laser peel, microdermabrasion, blue light
             treatment, etc) performed by an esthetician, beautician, physician, nurse, or other
             practitioner, within the past 4 weeks or if it is planned to be performed during the
             conduct of the study.

          -  Have a known hypersensitivity or have had previous allergic reaction to any of the
             active components or excipients of the study product.

          -  Used any investigational therapy within the past 4 weeks, or currently participating
             in another clinical study.

          -  Are currently abusing drugs or alcohol (drug screening not required).

          -  Have a significant medical history of being immunocompromised.

          -  Have other conditions that, in the judgment of the investigator, would put the
             subject at unacceptable risk for participation in the study.

          -  Had any major illness within 30 days before the screening examination.

          -  Currently are employees of R Vender, an investigator, or contract research
             organization (CRO) involved in the study, or an immediate family member (partner,
             offspring, parents, siblings or sibling's offspring) of an employee involved in the
             study.
      </textblock>
    </criteria>
    <gender>Male</gender>
    <minimum_age>18 Years</minimum_age>
    <maximum_age>45 Years</maximum_age>
    <healthy_volunteers>No</healthy_volunteers>
  </eligibility>
  <overall_official>
    <last_name>Ronald Vender, MD FRCPC</last_name>
    <role>Principal Investigator</role>
    <affiliation>Dermatrials Research</affiliation>
  </overall_official>
  <location>
    <facility>
      <name>Dermatrials Research</name>
      <address>
        <city>Hamilton</city>
        <state>Ontario</state>
        <zip>L8N 1V6</zip>
        <country>Canada</country>
      </address>
    </facility>
  </location>
  <location_countries>
    <country>Canada</country>
  </location_countries>
  <verification_date>February 2015</verification_date>
  <lastchanged_date>February 9, 2015</lastchanged_date>
  <firstreceived_date>July 11, 2009</firstreceived_date>
  <responsible_party>
    <responsible_party_type>Principal Investigator</responsible_party_type>
    <investigator_affiliation>Dermatrials Research</investigator_affiliation>
    <investigator_full_name>Ronald Vender MD FRCPC</investigator_full_name>
    <investigator_title>MD FRCPC</investigator_title>
  </responsible_party>
  <keyword>acne</keyword>
  <keyword>tretinoin</keyword>
  <keyword>isotretinoin</keyword>
  <keyword>recurrence</keyword>
  <keyword>Retin A micro</keyword>
  <is_fda_regulated>No</is_fda_regulated>
  <has_expanded_access>No</has_expanded_access>
  <condition_browse>
    <!-- CAUTION:  The following MeSH terms are assigned with an imperfect algorithm  -->
    <mesh_term>Recurrence</mesh_term>
  </condition_browse>
  <intervention_browse>
    <!-- CAUTION:  The following MeSH terms are assigned with an imperfect algorithm  -->
    <mesh_term>Isotretinoin</mesh_term>
    <mesh_term>Tretinoin</mesh_term>
  </intervention_browse>
  <!-- Results have not yet been posted for this study                                -->
</clinical_study>
