<?xml version="1.0" encoding="UTF-8"?>
<clinical_study rank="242">
  <!-- This xml conforms to an XML Schema at:
    https://clinicaltrials.gov/ct2/html/images/info/public.xsd
 and an XML DTD at:
    https://clinicaltrials.gov/ct2/html/images/info/public.dtd -->
  <required_header>
    <download_date>ClinicalTrials.gov processed this data on July 08, 2015</download_date>
    <link_text>Link to the current ClinicalTrials.gov record.</link_text>
    <url>https://clinicaltrials.gov/show/NCT02164084</url>
  </required_header>
  <id_info>
    <org_study_id>NI-AC101</org_study_id>
    <nct_id>NCT02164084</nct_id>
  </id_info>
  <brief_title>A 2 Period Cross-over Pharmacokinetic Study of SB204 in Acne Vulgaris</brief_title>
  <official_title>A Phase 1, Single-center, Double-blind, Randomized, Cross-over, Pharmacokinetics, Safety and Tolerability Study of SB204 8% (NVN1000 Gel) and Vehicle Gel</official_title>
  <sponsors>
    <lead_sponsor>
      <agency>Novan, Inc.</agency>
      <agency_class>Industry</agency_class>
    </lead_sponsor>
  </sponsors>
  <source>Novan, Inc.</source>
  <oversight_info>
    <authority>United States: Food and Drug Administration</authority>
    <has_dmc>No</has_dmc>
  </oversight_info>
  <brief_summary>
    <textblock>
      This study will identify how much (if any) drug is absorbed from the skin of subjects with
      acne vulgaris after topical application of SB204.
    </textblock>
  </brief_summary>
  <detailed_description>
    <textblock>
      This is a single-center, double-blind, randomized, 2 period cross-over study to be conducted
      in 18 subjects (18 years of age and above) each of whom will receive SB204 8% and Vehicle
      Gel. Subjects who satisfy the entry criteria will be randomized to SB204 8% or Vehicle Gel
      in a 1:1 ratio for the first treatment period.  Study drug will be applied to the face,
      upper chest, upper back and shoulders (approximately 17% BSA) twice daily on Days 1- 4
      approximately 12 hours apart.  On Day 5, the study drug will be applied to the same areas
      only once, in the morning.  Pharmacokinetic (PK) profiling will be performed on Day 1 and
      Day 5.  After a wash out period, subjects will be treated with the alternate product and
      undergo similar treatment and assessments. The primary assessment is the pharmacokinetic
      profile of nitrate and silicon as markers for systemic exposure to nitric oxide (nitrate)
      and NVN1000 (silicon) after topical application of SB204 8% to approximately 17% of the
      total body surface area.
    </textblock>
  </detailed_description>
  <overall_status>Completed</overall_status>
  <start_date>June 2014</start_date>
  <completion_date type="Actual">December 2014</completion_date>
  <primary_completion_date type="Actual">June 2014</primary_completion_date>
  <phase>Phase 1</phase>
  <study_type>Interventional</study_type>
  <study_design>Allocation: Randomized, Endpoint Classification: Pharmacokinetics Study, Intervention Model: Crossover Assignment, Masking: Double Blind (Subject, Investigator, Outcomes Assessor), Primary Purpose: Treatment</study_design>
  <primary_outcome>
    <measure>Pharmacokinetics of nitrate and silicon</measure>
    <time_frame>After single dose and multiple dose (Day 5) application</time_frame>
    <safety_issue>No</safety_issue>
    <description>Standard PK parameters including area under the curve (AUC) 0-∞, AUC0-t, Cmax, Cmin, and T1/2, for nitrate and silicon.  Calculations may be based on actual and/or baseline-subtracted concentrations for nitrate.</description>
  </primary_outcome>
  <secondary_outcome>
    <measure>Safety</measure>
    <time_frame>Safety will be assessed throughout the study duration (up to 7 weeks).</time_frame>
    <safety_issue>Yes</safety_issue>
    <description>Physical examinations including vital signs, EKGs, and laboratory assessments (serum chemistry, hematology and urinalysis) will be performed at Screening and during the study.  Adverse events will be collected throughout the study.</description>
  </secondary_outcome>
  <other_outcome>
    <measure>Tolerability</measure>
    <time_frame>During both treatment periods, through last day of treatment.</time_frame>
    <safety_issue>Yes</safety_issue>
    <description>During the study, cutaneous tolerability assessments will be made at Day 1 and at the end of each treatment period (Day 5). Erythema, dryness, scaling, stinging/burning and itching will be assessed on a four point scale where 0 = none, 1 = mild, 2 = moderate, and 3 = severe.</description>
  </other_outcome>
  <number_of_arms>2</number_of_arms>
  <enrollment type="Actual">18</enrollment>
  <condition>Acne Vulgaris</condition>
  <arm_group>
    <arm_group_label>SB204</arm_group_label>
    <arm_group_type>Experimental</arm_group_type>
    <description>SB204 8% topically twice daily for 4 days and once on Day 5</description>
  </arm_group>
  <arm_group>
    <arm_group_label>Vehicle Gel</arm_group_label>
    <arm_group_type>Placebo Comparator</arm_group_type>
    <description>Vehicle Gel topically twice daily for 4 days and once on Day 5</description>
  </arm_group>
  <intervention>
    <intervention_type>Drug</intervention_type>
    <intervention_name>SB204</intervention_name>
    <description>SB204 Gel with hydrogel</description>
    <arm_group_label>SB204</arm_group_label>
    <other_name>NVN1000</other_name>
  </intervention>
  <intervention>
    <intervention_type>Drug</intervention_type>
    <intervention_name>Vehicle Gel</intervention_name>
    <description>Vehicle Gel with hydrogel</description>
    <arm_group_label>Vehicle Gel</arm_group_label>
  </intervention>
  <eligibility>
    <criteria>
      <textblock>
        Inclusion Criteria:

          -  Male and female subjects with an acne severity of moderate or severe and a minimum of
             20 inflammatory and 20 non-inflammatory lesions on the face, trunk and shoulders

          -  18 years of age and older

        Exclusion Criteria:

          -  Any subject with skin disorders of an acute or chronic nature including psoriasis,
             eczema, tinea versicolor, etc.

          -  Subjects who smoke or use tobacco products

          -  Subjects with methemoglobin level greater than 2% at Screening or Baseline by pulse
             co-oximeter.

          -  Subjects with a previous history of methemoglobinemia

          -  Subjects being treated with nitrates or any drug associated with methemoglobinemia

          -  Subjects with a known history of HIV, hepatitis, or other blood-borne pathogens.
      </textblock>
    </criteria>
    <gender>Both</gender>
    <minimum_age>18 Years</minimum_age>
    <maximum_age>N/A</maximum_age>
    <healthy_volunteers>No</healthy_volunteers>
  </eligibility>
  <overall_official>
    <last_name>Carlos Sanabria, MD</last_name>
    <role>Principal Investigator</role>
    <affiliation>Spaulding Clinical Research</affiliation>
  </overall_official>
  <location>
    <facility>
      <name>Spaulding Clinical Research, LLC</name>
      <address>
        <city>West Bend</city>
        <state>Wisconsin</state>
        <zip>53095</zip>
        <country>United States</country>
      </address>
    </facility>
  </location>
  <location_countries>
    <country>United States</country>
  </location_countries>
  <verification_date>April 2015</verification_date>
  <lastchanged_date>April 2, 2015</lastchanged_date>
  <firstreceived_date>June 12, 2014</firstreceived_date>
  <responsible_party>
    <responsible_party_type>Sponsor</responsible_party_type>
  </responsible_party>
  <keyword>acne</keyword>
  <is_fda_regulated>Yes</is_fda_regulated>
  <is_section_801>Yes</is_section_801>
  <has_expanded_access>No</has_expanded_access>
  <condition_browse>
    <!-- CAUTION:  The following MeSH terms are assigned with an imperfect algorithm  -->
    <mesh_term>Acne Vulgaris</mesh_term>
  </condition_browse>
  <!-- Results have not yet been posted for this study                                -->
</clinical_study>
