<?xml version="1.0" encoding="UTF-8"?>
<clinical_study rank="221">
  <!-- This xml conforms to an XML Schema at:
    https://clinicaltrials.gov/ct2/html/images/info/public.xsd
 and an XML DTD at:
    https://clinicaltrials.gov/ct2/html/images/info/public.dtd -->
  <required_header>
    <download_date>ClinicalTrials.gov processed this data on July 08, 2015</download_date>
    <link_text>Link to the current ClinicalTrials.gov record.</link_text>
    <url>https://clinicaltrials.gov/show/NCT00795327</url>
  </required_header>
  <id_info>
    <org_study_id>POLYL_L_02508</org_study_id>
    <nct_id>NCT00795327</nct_id>
  </id_info>
  <brief_title>Injectable POLY-L-Lactic Acid for Treatment of Hill and Valley Acne Scarring</brief_title>
  <official_title>The Canadian Study of the Use of Injectable Poly-L-Lactic Acid Dermal Implant for the Treatment of Hill and Valley Acne Scarring</official_title>
  <sponsors>
    <lead_sponsor>
      <agency>Sanofi</agency>
      <agency_class>Industry</agency_class>
    </lead_sponsor>
  </sponsors>
  <source>Sanofi</source>
  <oversight_info>
    <authority>Canada: Ethics Review Committee</authority>
    <has_dmc>No</has_dmc>
  </oversight_info>
  <brief_summary>
    <textblock>
      Primary:

      Evaluate the degree of correction attainable with Poly-L-Lactic Acid(Sculptra) for the
      correction of hill and valley acne scarring

      Secondary:

      Document types and incidence of device adverse events with Poly-L-Lactic Acid(Sculptra)
      therapy.
    </textblock>
  </brief_summary>
  <overall_status>Completed</overall_status>
  <start_date>October 2008</start_date>
  <completion_date type="Actual">September 2009</completion_date>
  <primary_completion_date type="Actual">September 2009</primary_completion_date>
  <phase>Phase 4</phase>
  <study_type>Interventional</study_type>
  <study_design>Allocation: Non-Randomized, Endpoint Classification: Safety/Efficacy Study, Intervention Model: Single Group Assignment, Masking: Open Label, Primary Purpose: Treatment</study_design>
  <primary_outcome>
    <measure>Physician Scar Improvement Scale (PSIS)</measure>
    <time_frame>At each visit</time_frame>
    <safety_issue>No</safety_issue>
  </primary_outcome>
  <primary_outcome>
    <measure>Self-Assessed Scar Improvement Scale (SASIS).</measure>
    <time_frame>At each visit</time_frame>
    <safety_issue>No</safety_issue>
  </primary_outcome>
  <secondary_outcome>
    <measure>Degree of subject satisfaction with treatment</measure>
    <time_frame>At each Visit</time_frame>
    <safety_issue>No</safety_issue>
  </secondary_outcome>
  <secondary_outcome>
    <measure>Adverse events</measure>
    <time_frame>At each visit</time_frame>
    <safety_issue>No</safety_issue>
  </secondary_outcome>
  <number_of_arms>1</number_of_arms>
  <enrollment type="Actual">22</enrollment>
  <condition>Acne Vulgaris</condition>
  <arm_group>
    <arm_group_label>1</arm_group_label>
    <arm_group_type>Experimental</arm_group_type>
    <description>single arm study</description>
  </arm_group>
  <intervention>
    <intervention_type>Device</intervention_type>
    <intervention_name>Sculptra (Poly-L-Lactic Acid Dermal Implant)</intervention_name>
    <description>Drug Device study</description>
    <arm_group_label>1</arm_group_label>
  </intervention>
  <eligibility>
    <criteria>
      <textblock>
        Inclusion Criteria:

          -  Outpatient seeking therapy for correction of hill and valley acne scarring.

          -  Ability and willingness to understand and comply with requirements of the trial

        Exclusion Criteria:

          -  The subject has active acne or chronic skin disease, inflammation or related
             conditions, such as infection, psoriasis and herpes zoster

          -  History of presence of keloid formation or hypertrophic scars

          -  History of procedures that precipitate an active dermal inflammatory or hyperplastic
             response (i.e., epilation or radiofrequency laser and chemical peeling procedures)
             within one month of study entry

          -  History of use of facial tissue augmenting therapy or aesthetic facial surgical
             therapy within six months prior to study entry

          -  Concomitant anticoagulant therapy, antiplatelet therapy or has any bleeding disorders

          -  History of unanticipated adverse reactions when treated with hyaluronic acid based
             products

          -  Any condition which in the opinion of the investigator makes the patient unable to
             complete the study per protocol (e.g., patients not likely to avoid other facial
             cosmetic treatments; patients not likely to stay in the study for its duration
             because of other commitments, concomitant conditions, or past history; patients
             anticipated to be unreliable, or patients who have a concomitant condition that may
             develop symptoms that might confuse or confound study treatments or assessments)

          -  History of or current cancerous or pre-cancerous lesions in the area to be treated

          -  Use of any investigational drugs or any other medical devices within 30 days of
             enrolment

          -  Use of any prohibited medication within a proscribed time period before entry

          -  Pregnancy

          -  Recent use of Accutane (patient should not be on Accutane for the last 6 months)

          -  History of allergic/anaphylactic reactions, including hypersensitivity to local
             anaesthetics (lidocaine)

          -  Recent history of trauma in the face (less that 1 year)

          -  Previous of Dermalive or Dermadeep

        The above information is not intended to contain all considerations relevant to a
        patient's potential participation in a clinical trial.
      </textblock>
    </criteria>
    <gender>Both</gender>
    <minimum_age>18 Years</minimum_age>
    <maximum_age>N/A</maximum_age>
    <healthy_volunteers>No</healthy_volunteers>
  </eligibility>
  <overall_official>
    <last_name>Mary Tzortzis</last_name>
    <role>Study Chair</role>
    <affiliation>Sanofi-Aventis Canada Inc.</affiliation>
  </overall_official>
  <location>
    <facility>
      <name>Sanofi-Aventis Administrative Office</name>
      <address>
        <city>Laval</city>
        <country>Canada</country>
      </address>
    </facility>
  </location>
  <location_countries>
    <country>Canada</country>
  </location_countries>
  <verification_date>October 2010</verification_date>
  <lastchanged_date>October 1, 2010</lastchanged_date>
  <firstreceived_date>November 20, 2008</firstreceived_date>
  <responsible_party>
    <name_title>Medical Affairs   Study Director</name_title>
    <organization>sanofi-aventis</organization>
  </responsible_party>
  <is_fda_regulated>No</is_fda_regulated>
  <has_expanded_access>No</has_expanded_access>
  <condition_browse>
    <!-- CAUTION:  The following MeSH terms are assigned with an imperfect algorithm  -->
    <mesh_term>Acne Vulgaris</mesh_term>
  </condition_browse>
  <!-- Results have not yet been posted for this study                                -->
</clinical_study>
