<?xml version="1.0" encoding="UTF-8"?>
<clinical_study rank="186">
  <!-- This xml conforms to an XML Schema at:
    https://clinicaltrials.gov/ct2/html/images/info/public.xsd
 and an XML DTD at:
    https://clinicaltrials.gov/ct2/html/images/info/public.dtd -->
  <required_header>
    <download_date>ClinicalTrials.gov processed this data on July 08, 2015</download_date>
    <link_text>Link to the current ClinicalTrials.gov record.</link_text>
    <url>https://clinicaltrials.gov/show/NCT00974870</url>
  </required_header>
  <id_info>
    <org_study_id>STU15904</org_study_id>
    <nct_id>NCT00974870</nct_id>
  </id_info>
  <brief_title>A Pilot Study Testing the Efficacy of a Needling Device for the Treatment of Acne Scars</brief_title>
  <official_title>A Split-face Randomized Controlled Trial to Assess the Efficacy of a Needling Device for the Treatment of Acne Scars</official_title>
  <sponsors>
    <lead_sponsor>
      <agency>Northwestern University</agency>
      <agency_class>Other</agency_class>
    </lead_sponsor>
  </sponsors>
  <source>Northwestern University</source>
  <oversight_info>
    <authority>United States: Institutional Review Board</authority>
    <has_dmc>No</has_dmc>
  </oversight_info>
  <brief_summary>
    <textblock>
      The primary objective of this study is to determine the efficacy of a needling device for
      treatment of acne scars.
    </textblock>
  </brief_summary>
  <detailed_description>
    <textblock>
      We are investigating a needled micro-roller for use in improving the appearance of acne
      scars. The study is being conducted under the direction of Dr. Murad Alam of Northwestern
      University, Department of Dermatology.

      The needles on the micro-roller are designed to create small holes in the top and mid layers
      of skin in order to induce the formation of more collagen, which would in turn help improve
      the appearance of acne scars. To qualify for the study, you must have at least 2 large areas
      of the face with acne scars.

      The study is designed such that one part of your face, which has acne scars, will be treated
      with the device on 3 separate occasions, spaced 2 weeks apart at our clinic in Chicago at
      Northwestern. We would also ask you to return at 3 months and at 6 months to have
      photographs taken.

      If you are interested in participating, we would like to get you involved as soon as
      possible
    </textblock>
  </detailed_description>
  <overall_status>Completed</overall_status>
  <start_date>November 2009</start_date>
  <completion_date type="Actual">July 2010</completion_date>
  <primary_completion_date type="Actual">July 2010</primary_completion_date>
  <phase>N/A</phase>
  <study_type>Interventional</study_type>
  <study_design>Allocation: Randomized, Endpoint Classification: Safety/Efficacy Study, Intervention Model: Single Group Assignment, Masking: Open Label, Primary Purpose: Treatment</study_design>
  <primary_outcome>
    <measure>We will evaluate qualitatively and quantitatively the improvement of the subject's acne scars</measure>
    <time_frame>6 months</time_frame>
    <safety_issue>No</safety_issue>
  </primary_outcome>
  <secondary_outcome>
    <measure>The tolerability of the treatment will be assessed</measure>
    <time_frame>4 weeks</time_frame>
    <safety_issue>No</safety_issue>
  </secondary_outcome>
  <secondary_outcome>
    <measure>Subject satisfaction will be determined</measure>
    <time_frame>6 months</time_frame>
    <safety_issue>No</safety_issue>
  </secondary_outcome>
  <secondary_outcome>
    <measure>Any adverse events of this treatment will be recorded.</measure>
    <time_frame>6 months</time_frame>
    <safety_issue>Yes</safety_issue>
  </secondary_outcome>
  <number_of_arms>2</number_of_arms>
  <enrollment type="Actual">20</enrollment>
  <condition>Acne Scars</condition>
  <arm_group>
    <arm_group_label>needling treatment</arm_group_label>
    <arm_group_type>Experimental</arm_group_type>
    <description>Needling treatment applied to half of the face at each study visit</description>
  </arm_group>
  <arm_group>
    <arm_group_label>Control</arm_group_label>
    <arm_group_type>No Intervention</arm_group_type>
    <description>No treatment applied to half of the face</description>
  </arm_group>
  <intervention>
    <intervention_type>Procedure</intervention_type>
    <intervention_name>needling treatment</intervention_name>
    <description>Needling treatment applied to half of the face at each study visit</description>
    <arm_group_label>needling treatment</arm_group_label>
  </intervention>
  <eligibility>
    <criteria>
      <textblock>
        Inclusion Criteria:

          -  Ages 18-70 years old

          -  Subjects in general good health

          -  The subject has the willingness and the ability to understand and provide informed
             consent for the use of their tissue and communicate with the investigator

          -  Global Acne Scarring Classification grade 2-41 (Appendix II)

          -  Subject has at least two areas of acne scaring on the face (with at least 2 acne
             scars in each) that are at least 2 cm apart

        Exclusion Criteria:

          -  Pregnancy and lactation

          -  Subjects with history of keloid or hypertrophic scars

          -  Subjects with active skin disease (other than mild acne) or skin infection in the
             treatment area

          -  Subjects with an active systematic or local skin disease that is likely to alter
             wound healing

          -  Subjects who have undergone in the past 6 months or planning to undergo in the next 6
             months the following cosmetic treatments in the acne scar area

               -  Injectable permanent filler

               -  Ablative laser treatment

          -  Subjects taking the following prescription medications:

               -  Accutane or other retinoids within the past 12 months

               -  Anticoagulant (warfarin)

          -  Subjects who allergic to lidocaine and prilocaine
      </textblock>
    </criteria>
    <gender>Both</gender>
    <minimum_age>18 Years</minimum_age>
    <maximum_age>70 Years</maximum_age>
    <healthy_volunteers>Accepts Healthy Volunteers</healthy_volunteers>
  </eligibility>
  <overall_official>
    <last_name>Murad Alam, MD</last_name>
    <role>Principal Investigator</role>
    <affiliation>Northwestern University</affiliation>
  </overall_official>
  <location>
    <facility>
      <name>Northwestern University Feinberg School of Medicine, Department of Dermatology</name>
      <address>
        <city>Chicago</city>
        <state>Illinois</state>
        <zip>60611</zip>
        <country>United States</country>
      </address>
    </facility>
  </location>
  <location_countries>
    <country>United States</country>
  </location_countries>
  <verification_date>September 2012</verification_date>
  <lastchanged_date>September 14, 2012</lastchanged_date>
  <firstreceived_date>September 9, 2009</firstreceived_date>
  <responsible_party>
    <responsible_party_type>Principal Investigator</responsible_party_type>
    <investigator_affiliation>Northwestern University</investigator_affiliation>
    <investigator_full_name>Murad Alam</investigator_full_name>
    <investigator_title>Professor in Dermatology, Otolaryngology- Head and Neck Surgery, and Surgery-Organ Transplantation</investigator_title>
  </responsible_party>
  <is_fda_regulated>Yes</is_fda_regulated>
  <is_section_801>Yes</is_section_801>
  <has_expanded_access>No</has_expanded_access>
  <!-- Results have not yet been posted for this study                                -->
</clinical_study>
