<?xml version="1.0" encoding="UTF-8"?>
<clinical_study rank="23">
  <!-- This xml conforms to an XML Schema at:
    https://clinicaltrials.gov/ct2/html/images/info/public.xsd
 and an XML DTD at:
    https://clinicaltrials.gov/ct2/html/images/info/public.dtd -->
  <required_header>
    <download_date>ClinicalTrials.gov processed this data on July 08, 2015</download_date>
    <link_text>Link to the current ClinicalTrials.gov record.</link_text>
    <url>https://clinicaltrials.gov/show/NCT01931774</url>
  </required_header>
  <id_info>
    <org_study_id>Etik Kurul Karar No:36/14</org_study_id>
    <nct_id>NCT01931774</nct_id>
  </id_info>
  <brief_title>Is Acne a Skin Disease Affecting the Brain Functions? Neurocognition in Patients With Acne Vulgaris</brief_title>
  <official_title>Is Acne a Skin Disease Affecting the Brain Functions? Neurocognition in Patients With Acne Vulgaris</official_title>
  <sponsors>
    <lead_sponsor>
      <agency>Bezmialem Vakif University</agency>
      <agency_class>Other</agency_class>
    </lead_sponsor>
  </sponsors>
  <source>Bezmialem Vakif University</source>
  <oversight_info>
    <authority>Turkey: Ministry of Health</authority>
    <has_dmc>No</has_dmc>
  </oversight_info>
  <brief_summary>
    <textblock>
      Acne vulgaris usually causes psychological distress, depression, and anxiety disorders that
      may impair neurocognitive functions such as memory, attention, psychomotor speed, and
      executive functions, which are also common psychiatric disorders in patients with acne.

      The purpose of this study is to determine cognitive functioning in treatment naive acne
      patients, without a history of any psychiatric disorder.
    </textblock>
  </brief_summary>
  <overall_status>Completed</overall_status>
  <start_date>April 2013</start_date>
  <completion_date type="Actual">July 2013</completion_date>
  <primary_completion_date type="Actual">July 2013</primary_completion_date>
  <phase>N/A</phase>
  <study_type>Observational</study_type>
  <study_design>Observational Model: Case Control, Time Perspective: Prospective</study_design>
  <primary_outcome>
    <measure>Cognitive functions</measure>
    <time_frame>baseline</time_frame>
    <safety_issue>No</safety_issue>
  </primary_outcome>
  <secondary_outcome>
    <measure>anxiety</measure>
    <time_frame>baseline</time_frame>
    <safety_issue>No</safety_issue>
  </secondary_outcome>
  <other_outcome>
    <measure>depression</measure>
    <time_frame>baseline</time_frame>
    <safety_issue>No</safety_issue>
  </other_outcome>
  <number_of_groups>2</number_of_groups>
  <enrollment type="Actual">66</enrollment>
  <condition>Acne Vulgaris</condition>
  <arm_group>
    <arm_group_label>Acne Patients</arm_group_label>
  </arm_group>
  <arm_group>
    <arm_group_label>Control Subjects</arm_group_label>
    <description>From General Population</description>
  </arm_group>
  <eligibility>
    <study_pop>
      <textblock>
        Acne patients referred to the dermatology outpatient clinic of our university and healthy
        controls matched with the patient group for age, gender and years of education. Controls
        will be taken from the general population
      </textblock>
    </study_pop>
    <sampling_method>Non-Probability Sample</sampling_method>
    <criteria>
      <textblock>
        Inclusion Criteria:

        -

        Exclusion Criteria:

        The participants that had a symptom or a history of mental retardation (IQ &lt; 70), serious
        head trauma, seizures or any other mental disorder, and participants on any medical
        treatment will be excluded. Participants with a family history (first degree relatives) of
        schizophrenia, bipolar disorder or schizoaffective disorder will also be excluded to avoid
        the negative effect of these disorders on cognitive functions. The same exclusion criteria
        will also be applied to the control group.
      </textblock>
    </criteria>
    <gender>Both</gender>
    <minimum_age>18 Years</minimum_age>
    <maximum_age>N/A</maximum_age>
    <healthy_volunteers>Accepts Healthy Volunteers</healthy_volunteers>
  </eligibility>
  <overall_official>
    <last_name>Erdem Deveci, Ass.Prof.</last_name>
    <role>Principal Investigator</role>
    <affiliation>Bezmialem Vakif University</affiliation>
  </overall_official>
  <location>
    <facility>
      <name>Bezmialem Vakif University Hospital</name>
      <address>
        <city>Istanbul</city>
        <zip>34093</zip>
        <country>Turkey</country>
      </address>
    </facility>
  </location>
  <location_countries>
    <country>Turkey</country>
  </location_countries>
  <verification_date>August 2013</verification_date>
  <lastchanged_date>August 27, 2013</lastchanged_date>
  <firstreceived_date>August 27, 2013</firstreceived_date>
  <responsible_party>
    <responsible_party_type>Principal Investigator</responsible_party_type>
    <investigator_affiliation>Bezmialem Vakif University</investigator_affiliation>
    <investigator_full_name>Erdem Deveci</investigator_full_name>
    <investigator_title>Ass.Prof.</investigator_title>
  </responsible_party>
  <keyword>acne vulgaris cognitive functions</keyword>
  <is_fda_regulated>No</is_fda_regulated>
  <has_expanded_access>No</has_expanded_access>
  <condition_browse>
    <!-- CAUTION:  The following MeSH terms are assigned with an imperfect algorithm  -->
    <mesh_term>Acne Vulgaris</mesh_term>
    <mesh_term>Skin Diseases</mesh_term>
  </condition_browse>
  <!-- Results have not yet been posted for this study                                -->
</clinical_study>
