<?xml version="1.0" encoding="UTF-8"?>
<clinical_study rank="227">
  <!-- This xml conforms to an XML Schema at:
    https://clinicaltrials.gov/ct2/html/images/info/public.xsd
 and an XML DTD at:
    https://clinicaltrials.gov/ct2/html/images/info/public.dtd -->
  <required_header>
    <download_date>ClinicalTrials.gov processed this data on July 08, 2015</download_date>
    <link_text>Link to the current ClinicalTrials.gov record.</link_text>
    <url>https://clinicaltrials.gov/show/NCT02160678</url>
  </required_header>
  <id_info>
    <org_study_id>SYM 2014-01</org_study_id>
    <nct_id>NCT02160678</nct_id>
  </id_info>
  <brief_title>Generic Tazarotene Cream, 0.1% in the Treatment of Acne Vulgaris</brief_title>
  <official_title>A Double-Blind,Randomized,Parallel-Group,Vehicle-Controlled,MulticenterStudy ComparingaGenericTazaroteneCream,0.1%toReference Listed Drug Tazorac® Cream, 0.1% and Both Active Treatments to Vehicle Control in the Treatment of Acne Vulgaris</official_title>
  <sponsors>
    <lead_sponsor>
      <agency>G &amp; W Laboratories Inc.</agency>
      <agency_class>Industry</agency_class>
    </lead_sponsor>
  </sponsors>
  <source>G &amp; W Laboratories Inc.</source>
  <oversight_info>
    <authority>United States: Food and Drug Administration</authority>
  </oversight_info>
  <brief_summary>
    <textblock>
      To compare the safety and efficacy profiles of Tazarotene Cream, 0.1 % to the reference
      listed drug Tazorac® (tazarotene) Cream, 0.1 % in order to demonstrate bioequivalence, and
      to demonstrate superiority of the 2 active creams over that of the cream vehicle (placebo)
      in the treatment of acne vulgaris.
    </textblock>
  </brief_summary>
  <detailed_description>
    <textblock>
      This is a randomized, placebo-controlled, parallel-group, multicenter, double-blind study of
      Tazarotene Cream, 0.1% in subjects with acne vulgaris.  Subjects will be assigned in a 1:1:1
      ratio to test product, reference product, or cream vehicle.  Subjects will be admitted into
      the study only after written informed consent has been obtained and all of the inclusion and
      none of the exclusion criteria have been met.  Randomized subjects will apply the study
      medication once daily in the evening for 12 weeks (84 days).
    </textblock>
  </detailed_description>
  <overall_status>Recruiting</overall_status>
  <start_date>May 2014</start_date>
  <primary_completion_date type="Anticipated">September 2015</primary_completion_date>
  <phase>Phase 3</phase>
  <study_type>Interventional</study_type>
  <study_design>Allocation: Randomized, Endpoint Classification: Bio-equivalence Study, Intervention Model: Parallel Assignment, Masking: Double Blind (Subject, Caregiver, Investigator), Primary Purpose: Treatment</study_design>
  <primary_outcome>
    <measure>Evaluation of equivalence of the test product to the reference product</measure>
    <time_frame>Week 12</time_frame>
    <safety_issue>Yes</safety_issue>
    <description>The primary evaluation of equivalence will be through 2-sided 90% confidence intervals (CIs) about the ratio in mean percent reduction from baseline to Visit 4/Week 12 in the number of inflammatory and non-inflammatory lesions, respectively, of the test product to the reference product.  These evaluations are based on a normal distribution adjusted for the effects of treatment group and site.</description>
  </primary_outcome>
  <primary_outcome>
    <measure>Evaluation of superiority</measure>
    <time_frame>Week 12</time_frame>
    <safety_issue>Yes</safety_issue>
    <description>The primary evaluation of superiority will be conducted using an analysis of variance (ANOVA) model on the mean percent reduction in inflammatory and non-inflammatory lesions, respectively, with treatment and site as fixed effects.  Contrasts will be performed to compare each active treatment with the vehicle cream.</description>
  </primary_outcome>
  <secondary_outcome>
    <measure>Proportion of subjects with a clinical response of &quot;success&quot;</measure>
    <time_frame>Week 12</time_frame>
    <safety_issue>Yes</safety_issue>
    <description>The secondary efficacy endpoint will include the proportion of subjects with a clinical response of &quot;success&quot; at Visit 4/ Week 12.  Success is defined as an Investigator's Global Assessment (IGA) score that is at least 2 grades less than the baseline assessment.</description>
  </secondary_outcome>
  <number_of_arms>3</number_of_arms>
  <enrollment type="Anticipated">1737</enrollment>
  <condition>Acne Vulgaris</condition>
  <arm_group>
    <arm_group_label>Tazarotene Cream, 0.1 %</arm_group_label>
    <arm_group_type>Active Comparator</arm_group_type>
    <description>Tazarotene Cream, 0.1 % (G &amp; W Laboratories, Inc.) - test product</description>
  </arm_group>
  <arm_group>
    <arm_group_label>Tazorac Cream, 0.1%</arm_group_label>
    <arm_group_type>Other</arm_group_type>
    <description>Tazorac Cream, 0.1%  (Allergan, Inc.) - reference product</description>
  </arm_group>
  <arm_group>
    <arm_group_label>Vehicle</arm_group_label>
    <arm_group_type>Placebo Comparator</arm_group_type>
    <description>Cream Vehicle (placebo) (G &amp; W Laboratories, Inc.)- vehicle</description>
  </arm_group>
  <intervention>
    <intervention_type>Drug</intervention_type>
    <intervention_name>Vehicle</intervention_name>
    <description>Cream Vehicle (placebo) (G &amp; W Laboratories, Inc.)- vehicle</description>
    <arm_group_label>Vehicle</arm_group_label>
    <other_name>Placebo</other_name>
  </intervention>
  <intervention>
    <intervention_type>Drug</intervention_type>
    <intervention_name>Tazarotene Cream, 0.1 %</intervention_name>
    <description>Tazarotene Cream, 0.1 % (G &amp; W Laboratories, Inc.) - test product</description>
    <arm_group_label>Tazarotene Cream, 0.1 %</arm_group_label>
    <other_name>Active</other_name>
  </intervention>
  <intervention>
    <intervention_type>Drug</intervention_type>
    <intervention_name>Tazorac Cream, 0.1%</intervention_name>
    <description>Tazorac Cream, 0.1%  (Allergan, Inc.) - reference product</description>
    <arm_group_label>Tazorac Cream, 0.1%</arm_group_label>
    <other_name>Reference Listed Drug</other_name>
  </intervention>
  <eligibility>
    <criteria>
      <textblock>
        Inclusion Criteria:

          1. Be willing and able to provide written informed consent/assent for the study.

          2. Be a healthy male or non-pregnant female aged ≥ 12 and ≤ 40 years of age, inclusive.

          3. Have a clinical diagnosis of acne vulgaris, defined as having all of the following:

               1. On the face, ≥ 20 inflammatory lesions (papules and pustules)

               2. On the face, ≥ 25 non-inflammatory lesions (open and closed comedones)

               3. On the face, ≤ 2 nodulocystic lesions (nodules and cysts)

               4. Baseline IGA of acne severity grade 2, 3, or 4

          4. Be in general good health and free from any clinically significant disease other than
             acne vulgaris that might interfere with the study evaluations.

          5. Be willing to refrain from use of all other topical acne medications or antibiotics
             during the 12-week treatment period.

          6. Be willing and able to understand and comply with the requirements of the study,
             apply the study medication as instructed, return for the required treatment period
             visits, comply with therapy prohibitions, and be able to complete the study.

          7. Female subjects of childbearing potential (excluding women who are surgically
             sterilized or postmenopausal for at least 2 years) must have a negative urine
             pregnancy test (with a minimum sensitivity of at least 50 mIU/mL for human chorionic
             gonadotropin [hCG], begin treatment during a normal menstrual period and must agree
             to use a medically accepted method of contraception during the study.  The following
             are considered acceptable methods of birth control for the purpose of this study:
             oral contraceptives, contraceptive patches, contraceptive implant, vaginal
             contraceptive, double barrier methods (e.g., condom and spermicide), contraceptive
             injection (Depo-Provera®), intrauterine device (IUD), hormonal IUD (Mirena®), and
             abstinence with a documented second acceptable method of birth control if the subject
             becomes sexually active.  Subjects entering the study who are on hormonal
             contraceptives must have been on the method for at least 90 days prior to the study
             and continue the method for the duration of the study.  Subjects who had used
             hormonal contraception and stopped must have stopped no less than 90 days prior to
             Visit 1/Day 1.

          8. Be willing to limit sun exposure overall, maintain a reasonably constant exposure,
             and avoid use of tanning booths or other UV light sources during participation in the
             study.

        Exclusion Criteria:

          1. Females who are pregnant, breast feeding, planning a pregnancy, or who do not agree
             to use an acceptable form of birth control during the study.

          2. Presence of any skin condition that would interfere with the diagnosis or assessment
             of acne vulgaris (e.g., on the face: rosacea, dermatitis, psoriasis, squamous cell
             carcinoma, eczema, acneiform eruptions caused by medications, steroid acne, steroid
             folliculitis, or bacterial folliculitis).

          3. Currently has active cystic acne, acne conglobata, acne fulminans, secondary acne, or
             severe acne requiring more than topical treatment.

          4. Currently has facial sunburn.

          5. Received initial administrations of estrogens or oral contraceptives &lt; 3 months (90
             days) prior to baseline (Visit 1/Day 1), or discontinued estrogens or oral
             contraceptives &lt; 3 months (90 days) prior to baseline.  Use of such therapy must
             remain constant during the study.

          6. Use of any treatment listing in Table 8.1 more recently than the indicated washout
             period prior to baseline (Visit 1/Day 1).

          7. Need or intent to continue to use any treatment listed in Table 8.1 during the
             current study.
      </textblock>
    </criteria>
    <gender>Both</gender>
    <minimum_age>12 Years</minimum_age>
    <maximum_age>40 Years</maximum_age>
    <healthy_volunteers>Accepts Healthy Volunteers</healthy_volunteers>
  </eligibility>
  <overall_official>
    <last_name>Michael Bukhalo, MD</last_name>
    <role>Principal Investigator</role>
    <affiliation>Altman Dermatology Associates</affiliation>
  </overall_official>
  <overall_contact>
    <last_name>Moumita Rawal, MBA</last_name>
    <phone>9087532000</phone>
    <phone_ext>3068</phone_ext>
    <email>mrawal@gwlabs.com</email>
  </overall_contact>
  <overall_contact_backup>
    <last_name>Shara Ambrosecchia, MS</last_name>
    <phone>9087532000</phone>
    <phone_ext>3410</phone_ext>
    <email>sambrosecchia@gwlabs.com</email>
  </overall_contact_backup>
  <location>
    <facility>
      <name>Altman Dermatology Associates</name>
      <address>
        <city>Arlington Hts.</city>
        <state>Illinois</state>
        <zip>60005</zip>
        <country>United States</country>
      </address>
    </facility>
    <status>Recruiting</status>
    <contact>
      <last_name>Michael Bukhalo, MD</last_name>
      <phone>847-392-5440</phone>
    </contact>
    <investigator>
      <last_name>Michael Bukhalo, MD</last_name>
      <role>Principal Investigator</role>
    </investigator>
  </location>
  <location_countries>
    <country>United States</country>
  </location_countries>
  <verification_date>June 2014</verification_date>
  <lastchanged_date>June 9, 2014</lastchanged_date>
  <firstreceived_date>March 19, 2014</firstreceived_date>
  <responsible_party>
    <responsible_party_type>Sponsor</responsible_party_type>
  </responsible_party>
  <is_fda_regulated>Yes</is_fda_regulated>
  <is_section_801>Yes</is_section_801>
  <has_expanded_access>No</has_expanded_access>
  <condition_browse>
    <!-- CAUTION:  The following MeSH terms are assigned with an imperfect algorithm  -->
    <mesh_term>Acne Vulgaris</mesh_term>
  </condition_browse>
  <intervention_browse>
    <!-- CAUTION:  The following MeSH terms are assigned with an imperfect algorithm  -->
    <mesh_term>Tazarotene</mesh_term>
  </intervention_browse>
  <!-- Results have not yet been posted for this study                                -->
</clinical_study>
