<?xml version="1.0" encoding="UTF-8"?>
<clinical_study rank="375">
  <!-- This xml conforms to an XML Schema at:
    https://clinicaltrials.gov/ct2/html/images/info/public.xsd
 and an XML DTD at:
    https://clinicaltrials.gov/ct2/html/images/info/public.dtd -->
  <required_header>
    <download_date>ClinicalTrials.gov processed this data on July 08, 2015</download_date>
    <link_text>Link to the current ClinicalTrials.gov record.</link_text>
    <url>https://clinicaltrials.gov/show/NCT00068861</url>
  </required_header>
  <id_info>
    <org_study_id>NICHD-PPCOS</org_study_id>
    <nct_id>NCT00068861</nct_id>
  </id_info>
  <brief_title>Treatment of Infertility in Women With Polycystic Ovary Syndrome</brief_title>
  <official_title>Pregnancy in Polycystic Ovary Syndrome: A 30 Week Double-Blind Randomized Trial of Clomiphene Citrate, Metformin XR, and Combined Clomiphene Citrate/Metformin XR For the Treatment of Infertility in Women With Polycystic Ovary Syndrome</official_title>
  <sponsors>
    <lead_sponsor>
      <agency>Eunice Kennedy Shriver National Institute of Child Health and Human Development (NICHD)</agency>
      <agency_class>NIH</agency_class>
    </lead_sponsor>
  </sponsors>
  <source>Eunice Kennedy Shriver National Institute of Child Health and Human Development (NICHD)</source>
  <oversight_info>
    <authority>United States: Food and Drug Administration</authority>
  </oversight_info>
  <brief_summary>
    <textblock>
      Polycystic Ovary Syndrome (PCOS) is a common endocrine disorder affecting up to 10% of
      women. The primary symptoms of PCOS are menstrual irregularities, increased body and facial
      hair, acne, and infertility. This study will test a combination of medications in women with
      PCOS to determine which works best to overcome infertility.
    </textblock>
  </brief_summary>
  <detailed_description>
    <textblock>
      PCOS is characterized by excess circulating androgen levels and chronic anovulation. The
      fundamental pathophysiologic defect is unknown, but PCOS is characterized by insulin
      resistance and compensatory hyperinsulinemia.  Improvements in insulin sensitivity in PCOS
      women, either through lifestyle changes or through pharmaceutical intervention, have
      consistently resulted in a marked improvement in the reproductive and metabolic
      abnormalities in PCOS.  Resumption of ovulation occurs in up to 70% of women treated for
      PCOS. This study will evaluate the safety and effectiveness of clomiphene citrate and
      metformin XR in achieving a successful pregnancy in infertile PCOS women.

      Women with PCOS who are seeking pregnancy will be enrolled in this study.  Women will be
      randomized to one of three different treatment arms: A) metformin XR 1000 mg twice/day; B)
      clomiphene citrate 50 mg every day for 5 days (day 3-7 of cycle); or C) metformin XR 1000 mg
      twice/day with clomiphene citrate 50 mg/day for 5 days (day 3-7 of cycle).  Women will
      continue on study medications for 30 weeks, 6 treatment cycles, or until they become
      pregnant. Progesterone levels will be drawn weekly to monitor ovulation.
    </textblock>
  </detailed_description>
  <overall_status>Completed</overall_status>
  <start_date>November 2002</start_date>
  <completion_date type="Actual">February 2006</completion_date>
  <phase>Phase 3</phase>
  <study_type>Interventional</study_type>
  <study_design>Allocation: Randomized, Endpoint Classification: Safety/Efficacy Study, Intervention Model: Factorial Assignment, Masking: Double-Blind, Primary Purpose: Treatment</study_design>
  <primary_outcome>
    <measure>Live birth rate</measure>
  </primary_outcome>
  <secondary_outcome>
    <measure>singleton live birth rate</measure>
  </secondary_outcome>
  <secondary_outcome>
    <measure>ovulation rate</measure>
  </secondary_outcome>
  <secondary_outcome>
    <measure>cycles to first ovulation</measure>
  </secondary_outcome>
  <secondary_outcome>
    <measure>cycles to conception</measure>
  </secondary_outcome>
  <secondary_outcome>
    <measure>abortion rate</measure>
  </secondary_outcome>
  <secondary_outcome>
    <measure>cycles to pregnancy</measure>
  </secondary_outcome>
  <secondary_outcome>
    <measure>weeks from pregnancy to live birth</measure>
  </secondary_outcome>
  <enrollment>678</enrollment>
  <condition>Polycystic Ovary Syndrome</condition>
  <condition>Infertility</condition>
  <condition>Pregnancy</condition>
  <intervention>
    <intervention_type>Drug</intervention_type>
    <intervention_name>metformin XR</intervention_name>
  </intervention>
  <intervention>
    <intervention_type>Drug</intervention_type>
    <intervention_name>clomiphene citrate</intervention_name>
  </intervention>
  <eligibility>
    <criteria>
      <textblock>
        Inclusion Criteria

          -  Eight or fewer menstrual cycles in the past year or intermenstrual periods of 45 days
             or longer

          -  Elevated testosterone level

          -  Good general health

          -  Sperm concentration in partner of 20 million/ml or greater

          -  Ability to have intercourse 2-3 times per week

          -  One functional fallopian tube and normal uterine cavity
      </textblock>
    </criteria>
    <gender>Female</gender>
    <minimum_age>18 Years</minimum_age>
    <maximum_age>39 Years</maximum_age>
    <healthy_volunteers>No</healthy_volunteers>
  </eligibility>
  <location>
    <facility>
      <name>University of Alabama at Birmingham</name>
      <address>
        <city>Birmingham</city>
        <state>Alabama</state>
        <zip>35249</zip>
        <country>United States</country>
      </address>
    </facility>
  </location>
  <location>
    <facility>
      <name>University of California at San Diego</name>
      <address>
        <city>La Jolla</city>
        <state>California</state>
        <zip>92037</zip>
        <country>United States</country>
      </address>
    </facility>
  </location>
  <location>
    <facility>
      <name>Stanford University</name>
      <address>
        <city>Stanford</city>
        <state>California</state>
        <zip>94305</zip>
        <country>United States</country>
      </address>
    </facility>
  </location>
  <location>
    <facility>
      <name>University of Colorado</name>
      <address>
        <city>Aurora</city>
        <state>Colorado</state>
        <zip>80045</zip>
        <country>United States</country>
      </address>
    </facility>
  </location>
  <location>
    <facility>
      <name>Wayne State</name>
      <address>
        <city>Detroit</city>
        <state>Michigan</state>
        <zip>48201</zip>
        <country>United States</country>
      </address>
    </facility>
  </location>
  <location>
    <facility>
      <name>University of Medicine and Dentistry New Jersey</name>
      <address>
        <city>Newark</city>
        <state>New Jersey</state>
        <zip>07103</zip>
        <country>United States</country>
      </address>
    </facility>
  </location>
  <location>
    <facility>
      <name>Penn State</name>
      <address>
        <city>Hershey</city>
        <state>Pennsylvania</state>
        <zip>17033</zip>
        <country>United States</country>
      </address>
    </facility>
  </location>
  <location>
    <facility>
      <name>University of Pennsylvania</name>
      <address>
        <city>Philadelphia</city>
        <state>Pennsylvania</state>
        <zip>19104</zip>
        <country>United States</country>
      </address>
    </facility>
  </location>
  <location>
    <facility>
      <name>University of Texas Southwestern Medical Center</name>
      <address>
        <city>Dallas</city>
        <state>Texas</state>
        <zip>75390</zip>
        <country>United States</country>
      </address>
    </facility>
  </location>
  <location>
    <facility>
      <name>Baylor College of Medicine</name>
      <address>
        <city>Houston</city>
        <state>Texas</state>
        <zip>77030</zip>
        <country>United States</country>
      </address>
    </facility>
  </location>
  <location>
    <facility>
      <name>Virginia Commonwealth University</name>
      <address>
        <city>Richmond</city>
        <state>Virginia</state>
        <zip>23298</zip>
        <country>United States</country>
      </address>
    </facility>
  </location>
  <location_countries>
    <country>United States</country>
  </location_countries>
  <reference>
    <citation>Myers ER, Silva SG, Hafley G, Kunselman AR, Nestler JE, Legro RS; National Institute of Child Health and Human Development Reproductive Medicine Network. Estimating live birth rates after ovulation induction in polycystic ovary syndrome: sample size calculations for the pregnancy in polycystic ovary syndrome trial. Contemp Clin Trials. 2005 Jun;26(3):271-80.</citation>
    <PMID>15911461</PMID>
  </reference>
  <verification_date>September 2005</verification_date>
  <lastchanged_date>September 28, 2007</lastchanged_date>
  <firstreceived_date>September 10, 2003</firstreceived_date>
  <condition_browse>
    <!-- CAUTION:  The following MeSH terms are assigned with an imperfect algorithm  -->
    <mesh_term>Infertility</mesh_term>
    <mesh_term>Polycystic Ovary Syndrome</mesh_term>
    <mesh_term>Syndrome</mesh_term>
  </condition_browse>
  <intervention_browse>
    <!-- CAUTION:  The following MeSH terms are assigned with an imperfect algorithm  -->
    <mesh_term>Clomiphene</mesh_term>
    <mesh_term>Enclomiphene</mesh_term>
    <mesh_term>Metformin</mesh_term>
    <mesh_term>Zuclomiphene</mesh_term>
  </intervention_browse>
  <!-- Results have not yet been posted for this study                                -->
</clinical_study>
