<?xml version="1.0" encoding="UTF-8"?>
<clinical_study rank="110">
  <!-- This xml conforms to an XML Schema at:
    https://clinicaltrials.gov/ct2/html/images/info/public.xsd
 and an XML DTD at:
    https://clinicaltrials.gov/ct2/html/images/info/public.dtd -->
  <required_header>
    <download_date>ClinicalTrials.gov processed this data on July 08, 2015</download_date>
    <link_text>Link to the current ClinicalTrials.gov record.</link_text>
    <url>https://clinicaltrials.gov/show/NCT00240513</url>
  </required_header>
  <id_info>
    <org_study_id>2004-03</org_study_id>
    <nct_id>NCT00240513</nct_id>
  </id_info>
  <brief_title>Study Comparing Acne in Patients Taking Oral Minocycline to Patients Taking Minocycline Plus Topical Tretinoin</brief_title>
  <official_title>A Randomized Study to Compare the Acne Relapse Rate After a 3-mo Course of Oral Minocycline, to a 3-mo Course of Oral Minocycline in Combination With a Daily Dose of Topical Tretinoin 0.01% Followed by 3 mo of Topical Tretinoin Alone</official_title>
  <sponsors>
    <lead_sponsor>
      <agency>Derm Research @ 888 Inc.</agency>
      <agency_class>Industry</agency_class>
    </lead_sponsor>
    <collaborator>
      <agency>Stiefel, a GSK Company</agency>
      <agency_class>Industry</agency_class>
    </collaborator>
  </sponsors>
  <source>Derm Research @ 888 Inc.</source>
  <oversight_info>
    <authority>Canada: Health Canada</authority>
    <has_dmc>No</has_dmc>
  </oversight_info>
  <brief_summary>
    <textblock>
      The use of oral antibiotics alone to treat inflammatory acne provides little to no long term
      therapeutic benefit.

      Acne relapse rates can be reduced by using topical tretinoin 0.01% in conjunction with
      minocycline, thereby increasing the therapeutic effect of the oral antibiotic.
    </textblock>
  </brief_summary>
  <detailed_description>
    <textblock>
      Although oral antibiotics have been the mainstay of treatment of inflammatory acne for 30
      years, studies comparing their efficacy have little scientific value.

      Evidence-based dermatology proves minocycline to be an effective treatment for acne vulgaris
      while the patient remains on the medication; however, the relapse rate of acne after a
      course of antibiotics has never been established.

      The relapse rate would appear to be significant, as repeated courses and long-term
      antibiotic use are commonly prescribed in practice.  The increasing problem of drug
      resistance has raised issues of the suitability of such long term antibiotic treatment and
      this overuse is probably a contributing factor of multiple drug resistance in our society.
    </textblock>
  </detailed_description>
  <overall_status>Terminated</overall_status>
  <why_stopped>
    Too much difficulty recruiting and retaining patients, PI decided to stop.
  </why_stopped>
  <start_date>August 2004</start_date>
  <completion_date type="Actual">December 2006</completion_date>
  <primary_completion_date type="Actual">December 2006</primary_completion_date>
  <phase>Phase 4</phase>
  <study_type>Interventional</study_type>
  <study_design>Allocation: Randomized, Endpoint Classification: Efficacy Study, Intervention Model: Parallel Assignment, Masking: Single Blind (Investigator), Primary Purpose: Treatment</study_design>
  <primary_outcome>
    <measure>Long-term efficacy</measure>
    <time_frame>4 years</time_frame>
    <safety_issue>No</safety_issue>
  </primary_outcome>
  <secondary_outcome>
    <measure>Relapse rate</measure>
    <time_frame>4 years</time_frame>
    <safety_issue>No</safety_issue>
  </secondary_outcome>
  <number_of_arms>2</number_of_arms>
  <enrollment type="Actual">38</enrollment>
  <condition>Acne Vulgaris</condition>
  <arm_group>
    <arm_group_label>Minocycline 3 mo</arm_group_label>
    <arm_group_type>Active Comparator</arm_group_type>
    <description>Minocycline 3 mo</description>
  </arm_group>
  <arm_group>
    <arm_group_label>Minocycline plus Tretinoin</arm_group_label>
    <arm_group_type>Experimental</arm_group_type>
    <description>Minocycline plus Tretinoin for 3 months</description>
  </arm_group>
  <intervention>
    <intervention_type>Drug</intervention_type>
    <intervention_name>Minocycline</intervention_name>
    <description>100 mg capsules OD for 3 months</description>
    <arm_group_label>Minocycline 3 mo</arm_group_label>
    <other_name>Minocin</other_name>
  </intervention>
  <intervention>
    <intervention_type>Drug</intervention_type>
    <intervention_name>Minocycline plus tretinoin</intervention_name>
    <description>100mg OD Minocycline for 12 weeks plus OD Topical tretinoin 0.01% for 12 weeks Followed by topical tretinoin 0.01% OD for 12 weeks alone</description>
    <arm_group_label>Minocycline plus Tretinoin</arm_group_label>
    <other_name>Minocin</other_name>
    <other_name>Tretinoin</other_name>
  </intervention>
  <eligibility>
    <criteria>
      <textblock>
        Inclusion Criteria:

          -  Provision of written consent

          -  Either sex

          -  Any age

          -  Diagnosis of acne vulgaris with a minimum of 20 inflammatory acne lesions on the
             face.

        Exclusion Criteria:

          -  Known hypersensitivity to tetracyclines

          -  Use of any oral antibiotics in the previous 3 months

          -  Pregnancy, breast-feeding or lactating

          -  Inability or unwillingness to comply with the requirements of the protocol, or agree
             to the use of their data as determined by the investigator.

          -  Concomitant medical condition which, in the investigator's opinion, may confound the
             study results or interfere with study assessments or outcomes.

          -  Patients with severe acne on the chest, back or trunk.
      </textblock>
    </criteria>
    <gender>Both</gender>
    <minimum_age>N/A</minimum_age>
    <maximum_age>N/A</maximum_age>
    <healthy_volunteers>Accepts Healthy Volunteers</healthy_volunteers>
  </eligibility>
  <overall_official>
    <last_name>Richard Thomas, MD, FRCP(C)</last_name>
    <role>Principal Investigator</role>
    <affiliation>DermResearch @ 888 Inc.</affiliation>
  </overall_official>
  <location>
    <facility>
      <name>Derm Research @ 888 Inc</name>
      <address>
        <city>Vancouver</city>
        <state>British Columbia</state>
        <zip>V5Z 3Y1</zip>
        <country>Canada</country>
      </address>
    </facility>
  </location>
  <location_countries>
    <country>Canada</country>
  </location_countries>
  <verification_date>February 2012</verification_date>
  <lastchanged_date>February 22, 2012</lastchanged_date>
  <firstreceived_date>October 16, 2005</firstreceived_date>
  <responsible_party>
    <responsible_party_type>Principal Investigator</responsible_party_type>
    <investigator_affiliation>Derm Research @ 888 Inc.</investigator_affiliation>
    <investigator_full_name>David Richard THOMAS</investigator_full_name>
    <investigator_title>MD FRCP(C)</investigator_title>
  </responsible_party>
  <keyword>Acne</keyword>
  <is_fda_regulated>No</is_fda_regulated>
  <has_expanded_access>No</has_expanded_access>
  <condition_browse>
    <!-- CAUTION:  The following MeSH terms are assigned with an imperfect algorithm  -->
    <mesh_term>Acne Vulgaris</mesh_term>
  </condition_browse>
  <intervention_browse>
    <!-- CAUTION:  The following MeSH terms are assigned with an imperfect algorithm  -->
    <mesh_term>Minocycline</mesh_term>
    <mesh_term>Tretinoin</mesh_term>
  </intervention_browse>
  <!-- Results have not yet been posted for this study                                -->
</clinical_study>
