<?xml version="1.0" encoding="UTF-8"?>
<clinical_study rank="254">
  <!-- This xml conforms to an XML Schema at:
    https://clinicaltrials.gov/ct2/html/images/info/public.xsd
 and an XML DTD at:
    https://clinicaltrials.gov/ct2/html/images/info/public.dtd -->
  <required_header>
    <download_date>ClinicalTrials.gov processed this data on July 08, 2015</download_date>
    <link_text>Link to the current ClinicalTrials.gov record.</link_text>
    <url>https://clinicaltrials.gov/show/NCT01194375</url>
  </required_header>
  <id_info>
    <org_study_id>DPSI-IDP-107-P2-02</org_study_id>
    <nct_id>NCT01194375</nct_id>
  </id_info>
  <brief_title>A Dose-Ranging Study Evaluating the Safety and Efficacy of IDP-107 in Patients With Acne Vulgaris</brief_title>
  <sponsors>
    <lead_sponsor>
      <agency>Dow Pharmaceutical Sciences</agency>
      <agency_class>Industry</agency_class>
    </lead_sponsor>
  </sponsors>
  <source>Dow Pharmaceutical Sciences</source>
  <oversight_info>
    <authority>United States: Food and Drug Administration</authority>
    <authority>Canada: Health Canada</authority>
  </oversight_info>
  <brief_summary>
    <textblock>
      The purpose of this study is to evaluate the safety and efficacy of IDP-107 versus placebo
      in treating patients with acne vulgaris.
    </textblock>
  </brief_summary>
  <overall_status>Completed</overall_status>
  <start_date>September 2010</start_date>
  <completion_date type="Actual">December 2011</completion_date>
  <primary_completion_date type="Actual">December 2011</primary_completion_date>
  <phase>Phase 2</phase>
  <study_type>Interventional</study_type>
  <study_design>Allocation: Randomized, Endpoint Classification: Safety/Efficacy Study, Intervention Model: Parallel Assignment, Masking: Double Blind (Subject, Investigator), Primary Purpose: Treatment</study_design>
  <primary_outcome>
    <measure>Change from baseline in the number of inflammatory lesions</measure>
    <time_frame>Baseline and 22 weeks</time_frame>
    <safety_issue>No</safety_issue>
  </primary_outcome>
  <primary_outcome>
    <measure>Percent of patients who achieve success for the acne global severity score</measure>
    <time_frame>Baseline and 22 weeks</time_frame>
    <safety_issue>No</safety_issue>
  </primary_outcome>
  <secondary_outcome>
    <measure>Change from baseline in the number of non-inflammatory lesions</measure>
    <time_frame>Baseline and 22 weeks</time_frame>
    <safety_issue>No</safety_issue>
  </secondary_outcome>
  <number_of_arms>3</number_of_arms>
  <enrollment type="Actual">180</enrollment>
  <condition>Acne Vulgaris</condition>
  <arm_group>
    <arm_group_label>Low Strength IDP-107</arm_group_label>
    <arm_group_type>Experimental</arm_group_type>
  </arm_group>
  <arm_group>
    <arm_group_label>High Strength IDP-107</arm_group_label>
    <arm_group_type>Experimental</arm_group_type>
  </arm_group>
  <arm_group>
    <arm_group_label>Placebo</arm_group_label>
    <arm_group_type>Placebo Comparator</arm_group_type>
  </arm_group>
  <intervention>
    <intervention_type>Drug</intervention_type>
    <intervention_name>Low Strength IDP-107</intervention_name>
    <description>Once a day for 16 weeks</description>
    <arm_group_label>Low Strength IDP-107</arm_group_label>
  </intervention>
  <intervention>
    <intervention_type>Drug</intervention_type>
    <intervention_name>High Strength IDP-107</intervention_name>
    <description>Once a day for 16 weeks</description>
    <arm_group_label>High Strength IDP-107</arm_group_label>
  </intervention>
  <intervention>
    <intervention_type>Drug</intervention_type>
    <intervention_name>Placebo</intervention_name>
    <description>Once a day for 16 weeks</description>
    <arm_group_label>Placebo</arm_group_label>
  </intervention>
  <eligibility>
    <criteria>
      <textblock>
        Inclusion Criteria:

          -  Presence of acne vulgaris on the face and neck/trunk

          -  Presence of inflammatory and non-inflammatory lesions on the face

        Exclusion Criteria:

          -  Presence of any skin condition on the face that could interfere with clinical
             evaluations

          -  Use of any systemic antibiotics or corticosteroids within 4 weeks prior to the
             Baseline visit

          -  Use of any systemic retinoids, such as isotretinoin, within 3 months prior to the
             Baseline visit

          -  Woman who is pregnant, nursing an infant, or planning a pregnancy during the study
             period
      </textblock>
    </criteria>
    <gender>Both</gender>
    <minimum_age>12 Years</minimum_age>
    <maximum_age>N/A</maximum_age>
    <healthy_volunteers>No</healthy_volunteers>
  </eligibility>
  <location>
    <facility>
      <name>Dermatology Specialists, Inc.</name>
      <address>
        <city>Oceanside</city>
        <state>California</state>
        <zip>92056</zip>
        <country>United States</country>
      </address>
    </facility>
  </location>
  <location>
    <facility>
      <name>Horizons Clinical Research Center, LLC</name>
      <address>
        <city>Denver</city>
        <state>Colorado</state>
        <zip>80220</zip>
        <country>United States</country>
      </address>
    </facility>
  </location>
  <location>
    <facility>
      <name>North Florida Dermatology Associates, PA</name>
      <address>
        <city>Jacksonville</city>
        <state>Florida</state>
        <zip>32204</zip>
        <country>United States</country>
      </address>
    </facility>
  </location>
  <location>
    <facility>
      <name>FXM Research Corp.</name>
      <address>
        <city>Miami</city>
        <state>Florida</state>
        <zip>33175</zip>
        <country>United States</country>
      </address>
    </facility>
  </location>
  <location>
    <facility>
      <name>Ameriderm Research</name>
      <address>
        <city>Ormond Beach</city>
        <state>Florida</state>
        <zip>32174</zip>
        <country>United States</country>
      </address>
    </facility>
  </location>
  <location>
    <facility>
      <name>Dawes Fretzin Clinical Research Group, LLC</name>
      <address>
        <city>Indianapolis</city>
        <state>Indiana</state>
        <zip>46256</zip>
        <country>United States</country>
      </address>
    </facility>
  </location>
  <location>
    <facility>
      <name>The Indiana Clinical Trials Center, PC</name>
      <address>
        <city>Plainfield</city>
        <state>Indiana</state>
        <zip>46168</zip>
        <country>United States</country>
      </address>
    </facility>
  </location>
  <location>
    <facility>
      <name>Pedia Research LLC</name>
      <address>
        <city>Owensboro</city>
        <state>Kentucky</state>
        <zip>42301</zip>
        <country>United States</country>
      </address>
    </facility>
  </location>
  <location>
    <facility>
      <name>ActivMed Practices and Research, Inc.</name>
      <address>
        <city>Haverhill</city>
        <state>Massachusetts</state>
        <zip>01830</zip>
        <country>United States</country>
      </address>
    </facility>
  </location>
  <location>
    <facility>
      <name>Hamzavi Dermatology</name>
      <address>
        <city>Fort Gratiot</city>
        <state>Michigan</state>
        <zip>48059</zip>
        <country>United States</country>
      </address>
    </facility>
  </location>
  <location>
    <facility>
      <name>Minnesota Clinical Study Center</name>
      <address>
        <city>Fridley</city>
        <state>Minnesota</state>
        <zip>55432</zip>
        <country>United States</country>
      </address>
    </facility>
  </location>
  <location>
    <facility>
      <name>Comprehensive Clinical Research</name>
      <address>
        <city>Berlin</city>
        <state>New Jersey</state>
        <zip>08009</zip>
        <country>United States</country>
      </address>
    </facility>
  </location>
  <location>
    <facility>
      <name>Oregon Dermatology and Research Center</name>
      <address>
        <city>Portland</city>
        <state>Oregon</state>
        <zip>97210</zip>
        <country>United States</country>
      </address>
    </facility>
  </location>
  <location>
    <facility>
      <name>DermResearch, Inc.</name>
      <address>
        <city>Austin</city>
        <state>Texas</state>
        <zip>78759</zip>
        <country>United States</country>
      </address>
    </facility>
  </location>
  <location>
    <facility>
      <name>Dermatology Research Center, Inc.</name>
      <address>
        <city>Salt Lake City</city>
        <state>Utah</state>
        <zip>84124</zip>
        <country>United States</country>
      </address>
    </facility>
  </location>
  <location>
    <facility>
      <name>South Valley Dermatology</name>
      <address>
        <city>West Jordan</city>
        <state>Utah</state>
        <zip>84088</zip>
        <country>United States</country>
      </address>
    </facility>
  </location>
  <location>
    <facility>
      <name>Premier Clinical Research</name>
      <address>
        <city>Spokane</city>
        <state>Washington</state>
        <zip>99204</zip>
        <country>United States</country>
      </address>
    </facility>
  </location>
  <location>
    <facility>
      <name>Ultranova Skincare</name>
      <address>
        <city>Barrie</city>
        <state>Ontario</state>
        <zip>L4M 6L2</zip>
        <country>Canada</country>
      </address>
    </facility>
  </location>
  <location>
    <facility>
      <name>The Centre for Dermatology and Cosmetic Surgery</name>
      <address>
        <city>Richmond Hill</city>
        <state>Ontario</state>
        <zip>L4B 1A5</zip>
        <country>Canada</country>
      </address>
    </facility>
  </location>
  <location>
    <facility>
      <name>K. Papp Clinical Research</name>
      <address>
        <city>Waterloo</city>
        <state>Ontario</state>
        <zip>N2J 1C4</zip>
        <country>Canada</country>
      </address>
    </facility>
  </location>
  <location_countries>
    <country>United States</country>
    <country>Canada</country>
  </location_countries>
  <verification_date>June 2012</verification_date>
  <lastchanged_date>June 20, 2012</lastchanged_date>
  <firstreceived_date>September 1, 2010</firstreceived_date>
  <responsible_party>
    <responsible_party_type>Sponsor</responsible_party_type>
  </responsible_party>
  <is_fda_regulated>Yes</is_fda_regulated>
  <is_section_801>Yes</is_section_801>
  <has_expanded_access>No</has_expanded_access>
  <condition_browse>
    <!-- CAUTION:  The following MeSH terms are assigned with an imperfect algorithm  -->
    <mesh_term>Acne Vulgaris</mesh_term>
  </condition_browse>
  <!-- Results have not yet been posted for this study                                -->
</clinical_study>
