<?xml version="1.0" encoding="UTF-8"?>
<clinical_study rank="166">
  <!-- This xml conforms to an XML Schema at:
    https://clinicaltrials.gov/ct2/html/images/info/public.xsd
 and an XML DTD at:
    https://clinicaltrials.gov/ct2/html/images/info/public.dtd -->
  <required_header>
    <download_date>ClinicalTrials.gov processed this data on July 08, 2015</download_date>
    <link_text>Link to the current ClinicalTrials.gov record.</link_text>
    <url>https://clinicaltrials.gov/show/NCT00446043</url>
  </required_header>
  <id_info>
    <org_study_id>RD.06.SPR.18089</org_study_id>
    <nct_id>NCT00446043</nct_id>
  </id_info>
  <brief_title>A Long-Term Study to Demonstrate the Efficacy and Safety of Adapalene/Benzoyl Peroxide Topical Gel in Subjects With Acne Vulgaris</brief_title>
  <official_title>A Long-Term Safety and Efficacy Study of a Fixed Combination of Adapalene 0.1% and Benzoyl Peroxide 2.5% (Adapalene and Benzoyl Peroxide Topical Gel) Gel in Subjects With Acne Vulgaris</official_title>
  <sponsors>
    <lead_sponsor>
      <agency>Galderma</agency>
      <agency_class>Industry</agency_class>
    </lead_sponsor>
  </sponsors>
  <source>Galderma</source>
  <oversight_info>
    <authority>United States: Food and Drug Administration</authority>
  </oversight_info>
  <brief_summary>
    <textblock>
      This is a multi-centre, open-label, non-comparative study to evaluate the long-term safety
      and efficacy profile of Adapalene/Benzoyl Peroxide Gel.

      Subjects are evaluated at Baseline, Weeks 1 and 2, and Months 1, 2, 4, 6, 8, 10, and 12.

      Safety is evaluated by spontaneous reports of Adverse Events (AEs), the Local Tolerability
      Assessment (Erythema, Scaling, Dryness, and Stinging/Burning), routine laboratory testing
      (haematology, blood chemistry, and urinalysis), and monitoring of suspected sensitizations.
      Efficacy is evaluated by analysis of Percent Change from Baseline in Inflammatory,
      Noninflammatory, and Total Lesion Counts, and by the Subject’s Assessment of Acne.
    </textblock>
  </brief_summary>
  <overall_status>Completed</overall_status>
  <start_date>February 2004</start_date>
  <completion_date>May 2004</completion_date>
  <phase>Phase 3</phase>
  <study_type>Interventional</study_type>
  <study_design>Allocation: Non-Randomized, Endpoint Classification: Safety/Efficacy Study, Intervention Model: Single Group Assignment, Masking: Open Label, Primary Purpose: Treatment</study_design>
  <enrollment>452</enrollment>
  <condition>Acne Vulgaris</condition>
  <intervention>
    <intervention_type>Drug</intervention_type>
    <intervention_name>Adapalene/Benzoyl Peroxide</intervention_name>
  </intervention>
  <eligibility>
    <criteria>
      <textblock>
        Inclusion Criteria:

          -  A clinical diagnosis of acne vulgaris with facial involvement

          -  A minimum of 20 but not more than 50 Inflammatory lesions

          -  A minimum of 30 but not more than 100 Noninflammatory lesions

        Exclusion Criteria:

          -  Subjects with presence of nodules or cysts.

          -  Acne conglobata, acne fulminans, secondary acne, or severe acne.

          -  Underlying diseases that require the use of interfering topical or systemic therapy.

          -  Use of prohibited medications prior to the study unless appropriate washout period is
             documented
      </textblock>
    </criteria>
    <gender>Both</gender>
    <minimum_age>12 Years</minimum_age>
    <maximum_age>N/A</maximum_age>
    <healthy_volunteers>No</healthy_volunteers>
  </eligibility>
  <overall_official>
    <last_name>Michael Graeber, MD</last_name>
    <role>Study Director</role>
    <affiliation>Galderma</affiliation>
  </overall_official>
  <location>
    <facility>
      <name>Phoebe Rich, MD</name>
      <address>
        <city>Portland</city>
        <state>Oregon</state>
        <zip>97210</zip>
        <country>United States</country>
      </address>
    </facility>
  </location>
  <location_countries>
    <country>United States</country>
  </location_countries>
  <link>
    <url>http://www.galderma.com</url>
  </link>
  <reference>
    <citation>Leyden JJ. A review of the use of combination therapies for the treatment of acne vulgaris. J Am Acad Dermatol. 2003 Sep;49(3 Suppl):S200-10. Review.</citation>
    <PMID>12963896</PMID>
  </reference>
  <verification_date>March 2007</verification_date>
  <lastchanged_date>March 8, 2007</lastchanged_date>
  <firstreceived_date>March 8, 2007</firstreceived_date>
  <keyword>Acne Vulgaris</keyword>
  <keyword>Adapalene</keyword>
  <keyword>Benzoyl Peroxide</keyword>
  <has_expanded_access>No</has_expanded_access>
  <condition_browse>
    <!-- CAUTION:  The following MeSH terms are assigned with an imperfect algorithm  -->
    <mesh_term>Acne Vulgaris</mesh_term>
  </condition_browse>
  <intervention_browse>
    <!-- CAUTION:  The following MeSH terms are assigned with an imperfect algorithm  -->
    <mesh_term>Adapalene</mesh_term>
    <mesh_term>Benzoyl Peroxide</mesh_term>
  </intervention_browse>
  <!-- Results have not yet been posted for this study                                -->
</clinical_study>
