<?xml version="1.0" encoding="UTF-8"?>
<clinical_study rank="312">
  <!-- This xml conforms to an XML Schema at:
    https://clinicaltrials.gov/ct2/html/images/info/public.xsd
 and an XML DTD at:
    https://clinicaltrials.gov/ct2/html/images/info/public.dtd -->
  <required_header>
    <download_date>ClinicalTrials.gov processed this data on July 08, 2015</download_date>
    <link_text>Link to the current ClinicalTrials.gov record.</link_text>
    <url>https://clinicaltrials.gov/show/NCT01694810</url>
  </required_header>
  <id_info>
    <org_study_id>NI-AC002</org_study_id>
    <nct_id>NCT01694810</nct_id>
  </id_info>
  <brief_title>Cutaneous Tolerability and Safety of NVN1000 Topical Gel in Healthy Volunteers</brief_title>
  <official_title>A Phase 1 Multiple Dose, Single-Center, Observer-Blind Parallel Group Study Evaluating Safety and Cutaneous Tolerability of NVN1000 Topical Gel in Healthy Volunteers</official_title>
  <sponsors>
    <lead_sponsor>
      <agency>Novan, Inc.</agency>
      <agency_class>Industry</agency_class>
    </lead_sponsor>
  </sponsors>
  <source>Novan, Inc.</source>
  <oversight_info>
    <authority>United States: Food and Drug Administration</authority>
    <has_dmc>No</has_dmc>
  </oversight_info>
  <brief_summary>
    <textblock>
      The study will assess safety and tolerability of different doses of topical gel containing a
      new chemical entity, NVN1000, and the vehicle (gel without drug)  applied to the face of
      healthy volunteers with high counts of Propionibacterium acnes.  The test product will be
      applied once daily for 4 weeks.  Exploratory measures include whether the topical product
      decreases the amount of a bacteria associated with acne (P. acnes).
    </textblock>
  </brief_summary>
  <detailed_description>
    <textblock>
      This is a single center, observer blinded, randomized, multiple dose study with 3 doses of
      NVN1000 and vehicle applied once daily for 4 weeks.  There are 4 arms to the study (3 active
      and 1 vehicle).
    </textblock>
  </detailed_description>
  <overall_status>Completed</overall_status>
  <start_date>September 2012</start_date>
  <completion_date type="Actual">November 2012</completion_date>
  <primary_completion_date type="Actual">November 2012</primary_completion_date>
  <phase>Phase 1</phase>
  <study_type>Interventional</study_type>
  <study_design>Allocation: Randomized, Endpoint Classification: Safety Study, Intervention Model: Parallel Assignment, Masking: Single Blind (Investigator), Primary Purpose: Treatment</study_design>
  <primary_outcome>
    <measure>Cutaneous Tolerability</measure>
    <time_frame>4 weeks</time_frame>
    <safety_issue>Yes</safety_issue>
    <description>Cutaneous tolerability using a 4 point (0-3) assessment tool</description>
  </primary_outcome>
  <secondary_outcome>
    <measure>Safety</measure>
    <time_frame>4 weeks</time_frame>
    <safety_issue>Yes</safety_issue>
    <description>Safety assessments include physical examinations with vital signs, laboratory testing</description>
  </secondary_outcome>
  <other_outcome>
    <measure>Change in Microbiology</measure>
    <time_frame>baseline and 4 weeks</time_frame>
    <safety_issue>No</safety_issue>
    <description>P. Acnes counts</description>
  </other_outcome>
  <number_of_arms>4</number_of_arms>
  <enrollment type="Anticipated">60</enrollment>
  <condition>Acne Vulgaris</condition>
  <arm_group>
    <arm_group_label>2% NVN1000 Topical Gel</arm_group_label>
    <arm_group_type>Experimental</arm_group_type>
    <description>2% NVN1000 Topical Gel once daily for 4 weeks</description>
  </arm_group>
  <arm_group>
    <arm_group_label>4% NVN1000 Topical Gel</arm_group_label>
    <arm_group_type>Experimental</arm_group_type>
    <description>4% NVN1000 4% Topical Gel once daily for 4 weeks</description>
  </arm_group>
  <arm_group>
    <arm_group_label>Vehicle Topical Gel</arm_group_label>
    <arm_group_type>Placebo Comparator</arm_group_type>
    <description>Vehicle Topical Gel once daily for 4 weeks</description>
  </arm_group>
  <arm_group>
    <arm_group_label>8% NVN1000 Topical Gel</arm_group_label>
    <arm_group_type>Experimental</arm_group_type>
    <description>8% NVN1000 8% Topical Gel applied once daily for 4 weeks</description>
  </arm_group>
  <intervention>
    <intervention_type>Drug</intervention_type>
    <intervention_name>2% NVN1000 Topical Gel</intervention_name>
    <description>2% NVN1000 Topical Gel once daily for 4 weeks</description>
    <arm_group_label>2% NVN1000 Topical Gel</arm_group_label>
  </intervention>
  <intervention>
    <intervention_type>Drug</intervention_type>
    <intervention_name>4% NVN1000 Topical Gel</intervention_name>
    <description>4% NVN 1000 4% Topical Gel applied once daily 4 weeks</description>
    <arm_group_label>4% NVN1000 Topical Gel</arm_group_label>
  </intervention>
  <intervention>
    <intervention_type>Drug</intervention_type>
    <intervention_name>8% NVN1000 Topical Gel</intervention_name>
    <description>8% NVN1000 Topical Gel applied once daily for 4 weeks</description>
    <arm_group_label>8% NVN1000 Topical Gel</arm_group_label>
  </intervention>
  <intervention>
    <intervention_type>Drug</intervention_type>
    <intervention_name>Vehicle Topical Gel</intervention_name>
    <description>Vehicle Topical Gel applied once daily</description>
    <arm_group_label>Vehicle Topical Gel</arm_group_label>
  </intervention>
  <eligibility>
    <criteria>
      <textblock>
        Inclusion Criteria:

          -  Healthy male and female volunteers

          -  Age 18 or older

          -  High degree of fluorescence of facial skin under Wood's lamp

        Exclusion Criteria:

          -  Acute or chronic skin disorders

          -  Use of topical or systemic antibiotics within 4 weeks of study

          -  Concomitant use of nitroglycerin or other nitric oxide donor drugs

          -  Females who are pregnant, planning pregnancy or breast feeding
      </textblock>
    </criteria>
    <gender>Both</gender>
    <minimum_age>18 Years</minimum_age>
    <maximum_age>N/A</maximum_age>
    <healthy_volunteers>Accepts Healthy Volunteers</healthy_volunteers>
  </eligibility>
  <overall_official>
    <last_name>James J Leyden, MD</last_name>
    <role>Principal Investigator</role>
    <affiliation>KGL, Inc.</affiliation>
  </overall_official>
  <location>
    <facility>
      <name>KGL, Inc</name>
      <address>
        <city>Broomall</city>
        <state>Pennsylvania</state>
        <zip>19008</zip>
        <country>United States</country>
      </address>
    </facility>
  </location>
  <location_countries>
    <country>United States</country>
  </location_countries>
  <verification_date>January 2014</verification_date>
  <lastchanged_date>January 10, 2014</lastchanged_date>
  <firstreceived_date>September 25, 2012</firstreceived_date>
  <responsible_party>
    <responsible_party_type>Sponsor</responsible_party_type>
  </responsible_party>
  <keyword>acne vulgaris</keyword>
  <is_fda_regulated>Yes</is_fda_regulated>
  <is_section_801>Yes</is_section_801>
  <has_expanded_access>No</has_expanded_access>
  <condition_browse>
    <!-- CAUTION:  The following MeSH terms are assigned with an imperfect algorithm  -->
    <mesh_term>Acne Vulgaris</mesh_term>
  </condition_browse>
  <!-- Results have not yet been posted for this study                                -->
</clinical_study>
