<?xml version="1.0" encoding="UTF-8"?>
<clinical_study rank="158">
  <!-- This xml conforms to an XML Schema at:
    https://clinicaltrials.gov/ct2/html/images/info/public.xsd
 and an XML DTD at:
    https://clinicaltrials.gov/ct2/html/images/info/public.dtd -->
  <required_header>
    <download_date>ClinicalTrials.gov processed this data on July 08, 2015</download_date>
    <link_text>Link to the current ClinicalTrials.gov record.</link_text>
    <url>https://clinicaltrials.gov/show/NCT01180543</url>
  </required_header>
  <id_info>
    <org_study_id>OP002</org_study_id>
    <nct_id>NCT01180543</nct_id>
  </id_info>
  <brief_title>Acne Treatment With Active Oplon's Patches</brief_title>
  <official_title>Phase II- Acne Treatment With Active Patches Which Contains Azelaic Acid, Citric Acid,Salicylic Acid and 2% Ascorbic Acid</official_title>
  <sponsors>
    <lead_sponsor>
      <agency>Oplon-Pure Science Ltd.</agency>
      <agency_class>Industry</agency_class>
    </lead_sponsor>
  </sponsors>
  <source>Oplon-Pure Science Ltd.</source>
  <oversight_info>
    <authority>Israel: Ethics Commission</authority>
    <has_dmc>Yes</has_dmc>
  </oversight_info>
  <brief_summary>
    <textblock>
      The purpose of this study was to demonstrate the effect of short treatment with active OPLON
      patches on Acne.
    </textblock>
  </brief_summary>
  <detailed_description>
    <textblock>
      Patients with Acne Vulgaris were treated overnight with active patches. Effect is observed
      at the end of the treatment and 24 hours later.
    </textblock>
  </detailed_description>
  <overall_status>Completed</overall_status>
  <start_date>August 2010</start_date>
  <completion_date type="Actual">December 2010</completion_date>
  <primary_completion_date type="Actual">October 2010</primary_completion_date>
  <phase>Phase 2</phase>
  <study_type>Interventional</study_type>
  <study_design>Allocation: Randomized, Endpoint Classification: Efficacy Study, Intervention Model: Parallel Assignment, Masking: Double Blind (Subject, Caregiver, Investigator, Outcomes Assessor), Primary Purpose: Treatment</study_design>
  <primary_outcome>
    <measure>Severity Score of lesion</measure>
    <time_frame>Severity Score of lesion [Time Frame: 24 hours following patch removal]</time_frame>
    <safety_issue>No</safety_issue>
    <description>Lesions were ranked by investigator according to severity whereas:
0-clear, 1-mild, 2-moderate, 3-sever</description>
  </primary_outcome>
  <secondary_outcome>
    <measure>Severity Score of lesion</measure>
    <time_frame>Severity Score of lesion [Time Frame: 12 hours with the patch]</time_frame>
    <safety_issue>No</safety_issue>
    <description>Lesions were ranked by investigator according to severity whereas:
0-clear, 1-mild, 2-moderate, 3-sever</description>
  </secondary_outcome>
  <number_of_arms>2</number_of_arms>
  <enrollment type="Anticipated">40</enrollment>
  <condition>Acne Vulgaris</condition>
  <arm_group>
    <arm_group_label>Active Comparator: Oplon Active Patch</arm_group_label>
    <arm_group_type>Active Comparator</arm_group_type>
  </arm_group>
  <arm_group>
    <arm_group_label>Placebo Comparator: Placebo patch</arm_group_label>
    <arm_group_type>Placebo Comparator</arm_group_type>
  </arm_group>
  <intervention>
    <intervention_type>Device</intervention_type>
    <intervention_name>Oplon Active Patch</intervention_name>
    <description>Patches are placed over acne lesion overnight. Treatment is a single treatment.</description>
    <arm_group_label>Active Comparator: Oplon Active Patch</arm_group_label>
  </intervention>
  <intervention>
    <intervention_type>Device</intervention_type>
    <intervention_name>Placebo Patch</intervention_name>
    <description>same as active patch</description>
    <arm_group_label>Placebo Comparator: Placebo patch</arm_group_label>
  </intervention>
  <eligibility>
    <criteria>
      <textblock>
        Inclusion Criteria:

          -  Acne Vulgaris

          -  Over 18 years

          -  Signing informed consent

        Exclusion Criteria:

          -  Active treatment of acne

          -  Change in hormonal therapy

          -  Antibiotic treatment in a week prior to the experiment

          -  Sensitive skin

          -  Pregnancy
      </textblock>
    </criteria>
    <gender>Both</gender>
    <minimum_age>18 Years</minimum_age>
    <maximum_age>65 Years</maximum_age>
    <healthy_volunteers>No</healthy_volunteers>
  </eligibility>
  <overall_official>
    <last_name>Avner Shemer, M.D.</last_name>
    <role>Principal Investigator</role>
    <affiliation>Laniado Medical Center</affiliation>
  </overall_official>
  <location>
    <facility>
      <name>Dermatology Clinic</name>
      <address>
        <city>Natanya</city>
        <country>Israel</country>
      </address>
    </facility>
  </location>
  <location_countries>
    <country>Israel</country>
  </location_countries>
  <verification_date>June 2011</verification_date>
  <lastchanged_date>June 9, 2011</lastchanged_date>
  <firstreceived_date>August 11, 2010</firstreceived_date>
  <responsible_party>
    <name_title>Avner Shemer M.D.</name_title>
    <organization>Dermatology Clinic</organization>
  </responsible_party>
  <is_fda_regulated>No</is_fda_regulated>
  <has_expanded_access>No</has_expanded_access>
  <condition_browse>
    <!-- CAUTION:  The following MeSH terms are assigned with an imperfect algorithm  -->
    <mesh_term>Acne Vulgaris</mesh_term>
  </condition_browse>
  <intervention_browse>
    <!-- CAUTION:  The following MeSH terms are assigned with an imperfect algorithm  -->
    <mesh_term>Benzoyl Peroxide</mesh_term>
  </intervention_browse>
  <!-- Results have not yet been posted for this study                                -->
</clinical_study>
