<?xml version="1.0" encoding="UTF-8"?>
<clinical_study rank="395">
  <!-- This xml conforms to an XML Schema at:
    https://clinicaltrials.gov/ct2/html/images/info/public.xsd
 and an XML DTD at:
    https://clinicaltrials.gov/ct2/html/images/info/public.dtd -->
  <required_header>
    <download_date>ClinicalTrials.gov processed this data on July 08, 2015</download_date>
    <link_text>Link to the current ClinicalTrials.gov record.</link_text>
    <url>https://clinicaltrials.gov/show/NCT02126566</url>
  </required_header>
  <id_info>
    <org_study_id>2013/00518</org_study_id>
    <nct_id>NCT02126566</nct_id>
  </id_info>
  <brief_title>Multiclear Treatment for Striae Distensae - A Pilot Study</brief_title>
  <official_title>Phase 2 Study of Multiclear Treatment for Striae Distensae - A Pilot Study</official_title>
  <sponsors>
    <lead_sponsor>
      <agency>National University Hospital, Singapore</agency>
      <agency_class>Other</agency_class>
    </lead_sponsor>
  </sponsors>
  <source>National University Hospital, Singapore</source>
  <oversight_info>
    <authority>Singapore: Domain Specific Review Boards</authority>
    <has_dmc>No</has_dmc>
  </oversight_info>
  <brief_summary>
    <textblock>
      Striae distensae is a common skin condition that rarely causes significant medical problems.
      However, it often results in a considerable amount of distress to those with the condition.
      Various modalities of treatments have been used for striae distensae but few have led to
      satisfactory results.

      More recently, newer techniques such as pulsed dye laser and radiofrequency devices have
      been used with modest results. There is still, however, paucity of data using light therapy
      for the treatment of this condition. Blue light therapy using the Multiclear device has been
      used successfully in the treatment of acne. In contrast, there is little data to suggest its
      use in the management of striae distensae.

      We aim to study the effects of blue light on the treatment of striae distensae and whether
      this can be used safely to manage this condition.
    </textblock>
  </brief_summary>
  <detailed_description>
    <textblock>
      Patients will receive twice weekly blue light treatment with the Multiclear device. The
      first treatment dose will be 75mJ/cm2 ( Minimum Effective Dose;MED) for all patients. If no
      erythema develops, the subsequent treatment dose can be increased by 0.5 MED. If mild to
      moderate erythema develops, the same dose (i.e. 1 MED) will be used.If severe erythema/
      blisters develop, treatment will be stopped and the patient wil be invited one week later
      and treatment will be offered at 50% of the last dose.

      During the first consultation, patients will be assessed for the presence of striae
      distensae (SD). Duration and previous treatments of SD will be recorded.  The width of the
      widest striae and the length of the longest straie will be measured at baseline and after 2
      months of treatment. Photographs will be taken at baseline and post treatment. These will be
      evaluated by dermatologists who will be blinded (i.e. details of which photographs are pre
      or post treatment will not be given). Subjective scores will be used (Very good to
      excellent; &gt;75%, Good; 51-75%, Moderate; 26-50%, Minimal to no improvement; &lt;25%)
      Participants will also be given a feedback form to rate any improvements noted and any side
      effects experienced.
    </textblock>
  </detailed_description>
  <overall_status>Completed</overall_status>
  <start_date>July 2014</start_date>
  <completion_date type="Actual">December 2014</completion_date>
  <primary_completion_date type="Actual">December 2014</primary_completion_date>
  <phase>Phase 2</phase>
  <study_type>Interventional</study_type>
  <study_design>Endpoint Classification: Efficacy Study, Intervention Model: Single Group Assignment, Masking: Open Label, Primary Purpose: Treatment</study_design>
  <primary_outcome>
    <measure>Reduction in Striae</measure>
    <time_frame>2 months</time_frame>
    <safety_issue>Yes</safety_issue>
    <description>The width of the widest striae and the length of the longest straie will be measured at baseline and after 2 months of treatment. Photographs will be taken at baseline and post treatment. These will be evaluated by dermatologists who will be blinded (i.e. details of which photographs are pre or post treatment will not be given). Subjective scores will be used (Very good to excellent; &gt;75%, Good; 51-75%, Moderate; 26-50%, Minimal to no improvement; &lt;25%)
Participants will also be given a feedback form to rate any improvements noted and any side effects experienced.</description>
  </primary_outcome>
  <number_of_arms>1</number_of_arms>
  <enrollment type="Actual">14</enrollment>
  <condition>Striae Distensae</condition>
  <arm_group>
    <arm_group_label>Single Arm</arm_group_label>
    <arm_group_type>Experimental</arm_group_type>
    <description>Administration of light therapy - measurement of results before and after therapy</description>
  </arm_group>
  <intervention>
    <intervention_type>Device</intervention_type>
    <intervention_name>Administration of light therapy - measurement of results before and after therapy</intervention_name>
    <arm_group_label>Single Arm</arm_group_label>
  </intervention>
  <eligibility>
    <criteria>
      <textblock>
        Inclusion Criteria:

          1. Both male and female subjects

          2. Patients above 21 years

          3. Patients who are able to attend follow up regularly

        Exclusion Criteria:

          1. Patients with other co-existing dermatoses

          2. Patients with epilepsy/ who are pregnant

          3. Patients with previous intolerable treatment to blue light

          4. Patients treated with blue light within the last six months
      </textblock>
    </criteria>
    <gender>Both</gender>
    <minimum_age>21 Years</minimum_age>
    <maximum_age>70 Years</maximum_age>
    <healthy_volunteers>Accepts Healthy Volunteers</healthy_volunteers>
  </eligibility>
  <location>
    <facility>
      <name>National University Hospital</name>
      <address>
        <city>Singapore</city>
        <zip>119074</zip>
        <country>Singapore</country>
      </address>
    </facility>
  </location>
  <location_countries>
    <country>Singapore</country>
  </location_countries>
  <verification_date>December 2014</verification_date>
  <lastchanged_date>December 23, 2014</lastchanged_date>
  <firstreceived_date>April 28, 2014</firstreceived_date>
  <responsible_party>
    <responsible_party_type>Sponsor</responsible_party_type>
  </responsible_party>
  <keyword>striae distensiae</keyword>
  <is_fda_regulated>No</is_fda_regulated>
  <has_expanded_access>No</has_expanded_access>
  <condition_browse>
    <!-- CAUTION:  The following MeSH terms are assigned with an imperfect algorithm  -->
    <mesh_term>Striae Distensae</mesh_term>
  </condition_browse>
  <!-- Results have not yet been posted for this study                                -->
</clinical_study>
