<?xml version="1.0" encoding="UTF-8"?>
<clinical_study rank="73">
  <!-- This xml conforms to an XML Schema at:
    https://clinicaltrials.gov/ct2/html/images/info/public.xsd
 and an XML DTD at:
    https://clinicaltrials.gov/ct2/html/images/info/public.dtd -->
  <required_header>
    <download_date>ClinicalTrials.gov processed this data on July 08, 2015</download_date>
    <link_text>Link to the current ClinicalTrials.gov record.</link_text>
    <url>https://clinicaltrials.gov/show/NCT00422240</url>
  </required_header>
  <id_info>
    <org_study_id>RD.06.SPR.18087</org_study_id>
    <nct_id>NCT00422240</nct_id>
  </id_info>
  <brief_title>Study to Demonstrate the Efficacy and Safety of Adapalene/Benzoyl Peroxide Topical Gel in Subjects With Acne Vulgaris</brief_title>
  <official_title>A Multi-Center, Randomized, Double-Blind, Parallel-Group Study to Demonstrate the Efficacy and Safety of Adapalene/Benzoyl Peroxide Topical Gel Compared With Adapalene Topical Gel, 0.1%; Benzoyl Peroxide Topical Gel, 2.5% and Topical Gel Vehicle in Subjects With Acne Vulgaris</official_title>
  <sponsors>
    <lead_sponsor>
      <agency>Galderma</agency>
      <agency_class>Industry</agency_class>
    </lead_sponsor>
  </sponsors>
  <source>Galderma</source>
  <oversight_info>
    <authority>United States: Food and Drug Administration</authority>
  </oversight_info>
  <brief_summary>
    <textblock>
      This is a multi-center, randomized, double-blind, parallel group study with 12 weeks of
      treatment of acne vulgaris.  Efficacy and safety evaluations will be performed at Screening
      (safety only), Baseline and Weeks 1, 2, 4, 8 and 12.  All Investigator's Global Assessment
      evaluators and lesion counters must be trained and approved by Galderma. The evaluator of a
      subject should remain the same during the study.

      The primary objective is to demonstrate the superiority in efficacy and assess safety of
      adapalene/benzoyl peroxide topical gel (adapalene/benzoyl peroxide gel) versus adapalene
      topical gel, 0.1% (adapalene monad); benzoyl peroxide topical gel, 2.5% (benzoyl peroxide
      monad) and topical gel vehicle (gel vehicle) in the treatment of acne vulgaris for up to 12
      weeks.
    </textblock>
  </brief_summary>
  <overall_status>Completed</overall_status>
  <start_date>June 2006</start_date>
  <completion_date type="Actual">July 2007</completion_date>
  <phase>Phase 3</phase>
  <study_type>Interventional</study_type>
  <study_design>Allocation: Randomized, Endpoint Classification: Safety/Efficacy Study, Intervention Model: Parallel Assignment, Masking: Double-Blind, Primary Purpose: Treatment</study_design>
  <primary_outcome>
    <measure>Success rate on the Investigator's Global Assessment</measure>
  </primary_outcome>
  <primary_outcome>
    <measure>Change in inflammatory lesion counts</measure>
  </primary_outcome>
  <primary_outcome>
    <measure>Change in noninflammatory lesion counts</measure>
  </primary_outcome>
  <secondary_outcome>
    <measure>Percent change in lesion counts (inflammatory, noninflammatory, total)</measure>
  </secondary_outcome>
  <secondary_outcome>
    <measure>Change in Investigator's Global Assessment (IGA)</measure>
  </secondary_outcome>
  <secondary_outcome>
    <measure>Subject's assessment of acne</measure>
  </secondary_outcome>
  <enrollment type="Anticipated">1656</enrollment>
  <condition>Acne Vulgaris</condition>
  <intervention>
    <intervention_type>Drug</intervention_type>
    <intervention_name>Adapalene/Benzoyl Peroxide</intervention_name>
  </intervention>
  <eligibility>
    <criteria>
      <textblock>
        Inclusion Criteria:

          -  A clinical diagnosis of acne vulgaris with facial involvement.

          -  A minimum of 20 but not more than 50 inflammatory lesions

          -  A minimum of 30 but not more than 100 noninflammatory lesions

          -  A score of 3 (Moderate) on the Investigator's Global Assessment Scale
      </textblock>
    </criteria>
    <gender>Both</gender>
    <minimum_age>12 Years</minimum_age>
    <maximum_age>N/A</maximum_age>
    <healthy_volunteers>No</healthy_volunteers>
  </eligibility>
  <overall_official>
    <last_name>Michael Graeber, MD</last_name>
    <role>Study Director</role>
    <affiliation>Galderma</affiliation>
  </overall_official>
  <location>
    <facility>
      <name>Miller MD</name>
      <address>
        <city>San Antonio</city>
        <state>Texas</state>
        <zip>78229</zip>
        <country>United States</country>
      </address>
    </facility>
  </location>
  <location_countries>
    <country>United States</country>
  </location_countries>
  <link>
    <url>http://www.galderma.com/</url>
  </link>
  <reference>
    <citation>Leyden JJ. A review of the use of combination therapies for the treatment of acne vulgaris. J Am Acad Dermatol. 2003 Sep;49(3 Suppl):S200-10. Review.</citation>
    <PMID>12963896</PMID>
  </reference>
  <verification_date>September 2007</verification_date>
  <lastchanged_date>September 10, 2007</lastchanged_date>
  <firstreceived_date>January 11, 2007</firstreceived_date>
  <keyword>Acne vulgaris</keyword>
  <keyword>Adapalene</keyword>
  <keyword>Benzoyl Peroxide</keyword>
  <has_expanded_access>No</has_expanded_access>
  <condition_browse>
    <!-- CAUTION:  The following MeSH terms are assigned with an imperfect algorithm  -->
    <mesh_term>Acne Vulgaris</mesh_term>
  </condition_browse>
  <intervention_browse>
    <!-- CAUTION:  The following MeSH terms are assigned with an imperfect algorithm  -->
    <mesh_term>Adapalene</mesh_term>
    <mesh_term>Benzoyl Peroxide</mesh_term>
  </intervention_browse>
  <!-- Results have not yet been posted for this study                                -->
</clinical_study>
