<?xml version="1.0" encoding="UTF-8"?>
<clinical_study rank="309">
  <!-- This xml conforms to an XML Schema at:
    https://clinicaltrials.gov/ct2/html/images/info/public.xsd
 and an XML DTD at:
    https://clinicaltrials.gov/ct2/html/images/info/public.dtd -->
  <required_header>
    <download_date>ClinicalTrials.gov processed this data on July 08, 2015</download_date>
    <link_text>Link to the current ClinicalTrials.gov record.</link_text>
    <url>https://clinicaltrials.gov/show/NCT00219570</url>
  </required_header>
  <id_info>
    <org_study_id>A6881003</org_study_id>
    <nct_id>NCT00219570</nct_id>
  </id_info>
  <brief_title>Dalacin-T Gel Post Approval Study</brief_title>
  <official_title>Phase IV Clinical Study Of Clindamycin Phosphate Topical Gel In The Treatment Of Acne Vulgaris</official_title>
  <sponsors>
    <lead_sponsor>
      <agency>Pfizer</agency>
      <agency_class>Industry</agency_class>
    </lead_sponsor>
    <collaborator>
      <agency>Parexel</agency>
      <agency_class>Industry</agency_class>
    </collaborator>
    <collaborator>
      <agency>SACT INTERNATIONAL Co., LTD.</agency>
      <agency_class>Other</agency_class>
    </collaborator>
    <collaborator>
      <agency>Acronet</agency>
      <agency_class>Industry</agency_class>
    </collaborator>
    <collaborator>
      <agency>Bellsystem24 , Inc.</agency>
      <agency_class>Industry</agency_class>
    </collaborator>
    <collaborator>
      <agency>Mitsubishi Kagaku Bio-Clinical Laboratories, inc</agency>
      <agency_class>Industry</agency_class>
    </collaborator>
    <collaborator>
      <agency>Sato Pharmaceutical</agency>
      <agency_class>Industry</agency_class>
    </collaborator>
  </sponsors>
  <source>Pfizer</source>
  <oversight_info>
    <authority>Japan: Ministry of Health, Labor and Welfare</authority>
  </oversight_info>
  <brief_summary>
    <textblock>
      To investigate, in a comparison vs. Acuatim cream (nadifloxacin cream), the efficacy and
      safety of Dalacin T Gel (clindamycin phosphate gel) as a therapeutic medication for acne
      vulgaris in acne vulgaris patients, including children ages 13 and up, in order to clarify
      the clinical positioning of Dalacin T Gel.
    </textblock>
  </brief_summary>
  <overall_status>Completed</overall_status>
  <start_date>January 2005</start_date>
  <completion_date type="Actual">June 2005</completion_date>
  <phase>Phase 4</phase>
  <study_type>Interventional</study_type>
  <study_design>Allocation: Randomized, Endpoint Classification: Safety/Efficacy Study, Intervention Model: Parallel Assignment, Masking: Single Blind, Primary Purpose: Treatment</study_design>
  <primary_outcome>
    <measure>To verify the non-inferiority to Acuatim cream of Dalacin T Gel in terms of the percent reduction in the inflammatory lesion count (the assessments of investigator) at Treatment Week 4 or EOT (discontinuation)</measure>
  </primary_outcome>
  <secondary_outcome>
    <measure>To verify the non-inferiority to Acuatim cream of Dalacin T Gel in terms of the percent reduction in the inflammatory lesion count (the assessments of the Data Review Committee based on photographs) at Treatment Week 4 or EOT (discontinuation)  According</measure>
  </secondary_outcome>
  <enrollment type="Actual">134</enrollment>
  <condition>Acne Vulgaris</condition>
  <intervention>
    <intervention_type>Drug</intervention_type>
    <intervention_name>clindamycin</intervention_name>
  </intervention>
  <intervention>
    <intervention_type>Drug</intervention_type>
    <intervention_name>nadifloxacin</intervention_name>
  </intervention>
  <eligibility>
    <criteria>
      <textblock>
        Inclusion Criteria:

          -  Acne vulgaris patients found by a investigator to have at least 10 inflammatory
             lesions (papules, pustules) on a portion of either a cheeks or the forehead, with an
             inflammation severity of moderate or worse.

        Exclusion Criteria:

          -  Patients with, for example, acne elastosis, steroidal acne, necrotizing acne, or
             occupational acne.
      </textblock>
    </criteria>
    <gender>Both</gender>
    <minimum_age>13 Years</minimum_age>
    <maximum_age>35 Years</maximum_age>
    <healthy_volunteers>No</healthy_volunteers>
  </eligibility>
  <overall_official>
    <last_name>Pfizer CT.gov Call Center</last_name>
    <role>Study Director</role>
    <affiliation>Pfizer</affiliation>
  </overall_official>
  <verification_date>May 2011</verification_date>
  <lastchanged_date>May 9, 2011</lastchanged_date>
  <firstreceived_date>September 13, 2005</firstreceived_date>
  <responsible_party>
    <name_title>Director, Clinical Trial Disclosure Group</name_title>
    <organization>Pfizer</organization>
  </responsible_party>
  <has_expanded_access>No</has_expanded_access>
  <condition_browse>
    <!-- CAUTION:  The following MeSH terms are assigned with an imperfect algorithm  -->
    <mesh_term>Acne Vulgaris</mesh_term>
  </condition_browse>
  <intervention_browse>
    <!-- CAUTION:  The following MeSH terms are assigned with an imperfect algorithm  -->
    <mesh_term>Clindamycin</mesh_term>
    <mesh_term>Clindamycin palmitate</mesh_term>
    <mesh_term>Clindamycin phosphate</mesh_term>
  </intervention_browse>
  <!-- Results have not yet been posted for this study                                -->
</clinical_study>
