<?xml version="1.0" encoding="UTF-8"?>
<clinical_study rank="378">
  <!-- This xml conforms to an XML Schema at:
    https://clinicaltrials.gov/ct2/html/images/info/public.xsd
 and an XML DTD at:
    https://clinicaltrials.gov/ct2/html/images/info/public.dtd -->
  <required_header>
    <download_date>ClinicalTrials.gov processed this data on July 08, 2015</download_date>
    <link_text>Link to the current ClinicalTrials.gov record.</link_text>
    <url>https://clinicaltrials.gov/show/NCT00263822</url>
  </required_header>
  <id_info>
    <org_study_id>EORTC-55041</org_study_id>
    <secondary_id>EORTC-55041</secondary_id>
    <secondary_id>EUDRACT-2004-004333-34</secondary_id>
    <nct_id>NCT00263822</nct_id>
  </id_info>
  <brief_title>Erlotinib or Observation in Treating Patients Who Have Undergone First-Line Chemotherapy for Ovarian Cancer, Peritoneal Cancer, or Fallopian Tube Cancer</brief_title>
  <official_title>A Randomized, Multicenter, Phase III Study of Erlotinib Versus Observation in Patients With no Evidence of Disease Progression After First Line, Platinum-Based Chemotherapy For High-Risk Ovarian Epithelial, Primary Peritoneal, or Fallopian Tube Cancer</official_title>
  <sponsors>
    <lead_sponsor>
      <agency>European Organisation for Research and Treatment of Cancer - EORTC</agency>
      <agency_class>Other</agency_class>
    </lead_sponsor>
  </sponsors>
  <source>European Organisation for Research and Treatment of Cancer - EORTC</source>
  <oversight_info>
    <authority>United States: Federal Government</authority>
  </oversight_info>
  <brief_summary>
    <textblock>
      RATIONALE: Erlotinib may stop the growth of tumor cells by blocking some of the enzymes
      needed for cell growth. Sometimes after treatment, the tumor may not need additional
      treatment until it progresses. In this case, observation may be sufficient. It is not yet
      known whether erlotinib is more effective than observation after first-line chemotherapy in
      treating patients with ovarian cancer, peritoneal cancer, or fallopian tube cancer.

      PURPOSE: This randomized phase III trial is studying erlotinib to see how well it works
      compared to observation in treating patients who have undergone first-line chemotherapy for
      ovarian cancer, peritoneal cancer, or fallopian tube cancer.
    </textblock>
  </brief_summary>
  <detailed_description>
    <textblock>
      OBJECTIVES:

      Primary

        -  Compare the benefits, in terms of progression-free survival, of maintenance therapy
           comprising erlotinib vs observation in patients with responding or stable disease after
           first-line, platinum-based chemotherapy for high-risk stage I or stage II-IV ovarian
           epithelial, primary peritoneal, or fallopian tube cancer.

      Secondary

        -  Compare the overall survival of patients treated with these regimens.

        -  Determine the safety of erlotinib in these patients.

        -  Compare the quality of life of patients treated with these regimens.

      OUTLINE: This is a randomized, multicenter study. Patients are stratified according to
      disease stage (I-II vs III-IV), participating center, age (≤ 65 vs &gt; 65), response to
      first-line therapy (no evidence of disease/complete response vs partial response vs stable
      disease), and first-line therapy (platinum-based vs platinum/taxane combination vs
      platinum-based triplet). Patients are randomized to 1 of 2 treatment arms.

        -  Arm I: Patients receive oral erlotinib once daily for up to 2 years in the absence of
           disease progression or unacceptable toxicity.

        -  Arm II: Patients undergo observation as per standard of care. Quality of life is
           assessed at baseline and then every 3 months for up to 2 years.

      After completion of study treatment, patients are followed periodically.

      PROJECTED ACCRUAL: A total of 830 patients will be accrued for this study.
    </textblock>
  </detailed_description>
  <overall_status>Completed</overall_status>
  <start_date>September 2005</start_date>
  <primary_completion_date type="Actual">February 2008</primary_completion_date>
  <phase>Phase 3</phase>
  <study_type>Interventional</study_type>
  <study_design>Allocation: Randomized, Masking: Open Label, Primary Purpose: Treatment</study_design>
  <primary_outcome>
    <measure>Progression-free survival</measure>
    <safety_issue>No</safety_issue>
  </primary_outcome>
  <secondary_outcome>
    <measure>Overall survival</measure>
    <safety_issue>No</safety_issue>
  </secondary_outcome>
  <secondary_outcome>
    <measure>Adverse event profile</measure>
    <safety_issue>Yes</safety_issue>
  </secondary_outcome>
  <secondary_outcome>
    <measure>Quality of life</measure>
    <safety_issue>No</safety_issue>
  </secondary_outcome>
  <secondary_outcome>
    <measure>Cutaneous toxicity (rash or acne [papulo-pustular rash])</measure>
    <safety_issue>Yes</safety_issue>
  </secondary_outcome>
  <enrollment type="Actual">835</enrollment>
  <condition>Fallopian Tube Cancer</condition>
  <condition>Ovarian Cancer</condition>
  <condition>Primary Peritoneal Cavity Cancer</condition>
  <intervention>
    <intervention_type>Drug</intervention_type>
    <intervention_name>erlotinib hydrochloride</intervention_name>
  </intervention>
  <eligibility>
    <criteria>
      <textblock>
        DISEASE CHARACTERISTICS:

          -  Histologically confirmed ovarian epithelial, primary peritoneal, or fallopian tube
             cancer meeting 1 of the following criteria:

               -  High-risk stage I disease, as defined by grade 3, aneuploid grade 1 or 2, or
                  clear cell disease

               -  Stage II, III, or IV disease

          -  Completed first-line therapy within the past 6 weeks

               -  Received a platinum derivative (carboplatin or cisplatin) alone or in
                  combination with other agents for 6-9 courses

               -  Must have achieved complete response/no evidence of disease, partial response,
                  or stabilization of disease after therapy

          -  No adenocarcinoma of unknown origin

          -  No known brain metastases or leptomeningeal disease

        PATIENT CHARACTERISTICS:

        Performance status

          -  ECOG 0-1

        Life expectancy

          -  Not specified

        Hematopoietic

          -  Platelet count ≥ 100,000/mm^3

          -  WBC ≥ 2,000/mm^3

        Hepatic

          -  AST and ALT ≤ 2.5 times upper limit of normal (ULN) (≤ 5 times ULN in patients with
             known liver metastases)

          -  Bilirubin ≤ 1.5 times ULN

          -  Alkaline phosphatase ≤ 5 times ULN except in patients with known bone metastases

          -  PT and PTT ≤ 1.5 times ULN

        Renal

          -  Creatinine ≤ 2 times ULN

        Cardiovascular

          -  No myocardial infarction within past 6 months

          -  No second- or third-degree heart block without pacemaker

        Gastrointestinal

          -  No active peptic ulcer disease

          -  No gastrointestinal tract disease that would interfere with ability to take oral
             medications, affect absorption, or require parenteral nutrition

          -  No uncontrolled inflammatory bowel disease (e.g., Crohn's disease or ulcerative
             colitis)

        Other

          -  Not pregnant or nursing

          -  Negative pregnancy test

          -  Fertile patients must use effective contraception

          -  No significant dermatologic disease

          -  No inflammatory changes to the surface of the eye

          -  No history of allergic reaction to compounds of similar chemical composition as
             erlotinib

          -  No other significant medical condition or neurologic or psychiatric disorder

          -  No other malignancy within the past 5 years except adequately treated basal cell or
             squamous cell skin cancer or cone-biopsied carcinoma in situ of the cervix

          -  No psychiatric illness or familial, geographic, or social situation that would
             preclude study compliance

        PRIOR CONCURRENT THERAPY:

        Biologic therapy

          -  No prior therapy targeting epidermal growth factor receptor

          -  No concurrent immunotherapy

        Chemotherapy

          -  See Disease Characteristics

          -  See Surgery

          -  No concurrent chemotherapy

        Endocrine therapy

          -  No concurrent hormonal therapy

        Radiotherapy

          -  No prior radiotherapy unless completed more than 5 years ago AND outside the
             abdomen/pelvis

        Surgery

          -  Interval debulking surgery after 3 courses of chemotherapy and second-look surgery at
             the end of chemotherapy allowed as per study EORTC-55971/NCIC OV13/Chorus

        Other

          -  No other prior or concurrent investigational agents

          -  No other concurrent anticancer treatment

          -  Concurrent participation in study EORTC-55971/NCIC-OV13/Chorus allowed
      </textblock>
    </criteria>
    <gender>Female</gender>
    <minimum_age>18 Years</minimum_age>
    <maximum_age>N/A</maximum_age>
    <healthy_volunteers>No</healthy_volunteers>
  </eligibility>
  <overall_official>
    <last_name>Antonio Jimeno</last_name>
    <role>Study Chair</role>
    <affiliation>Hospital Universitario 12 de Octubre</affiliation>
  </overall_official>
  <location>
    <facility>
      <name>Prince of Wales Private Hospital</name>
      <address>
        <city>Randwick</city>
        <state>New South Wales</state>
        <zip>2031</zip>
        <country>Australia</country>
      </address>
    </facility>
  </location>
  <location>
    <facility>
      <name>Tamworth Base Hospital</name>
      <address>
        <city>Tamworth</city>
        <state>New South Wales</state>
        <zip>2340</zip>
        <country>Australia</country>
      </address>
    </facility>
  </location>
  <location>
    <facility>
      <name>Manning Base Hospital</name>
      <address>
        <city>Taree</city>
        <state>New South Wales</state>
        <zip>2430</zip>
        <country>Australia</country>
      </address>
    </facility>
  </location>
  <location>
    <facility>
      <name>Newcastle Mater Misericordiae Hospital</name>
      <address>
        <city>Waratah</city>
        <state>New South Wales</state>
        <zip>2298</zip>
        <country>Australia</country>
      </address>
    </facility>
  </location>
  <location>
    <facility>
      <name>Royal Brisbane and Women's Hospital</name>
      <address>
        <city>Brisbane</city>
        <state>Queensland</state>
        <zip>4029</zip>
        <country>Australia</country>
      </address>
    </facility>
  </location>
  <location>
    <facility>
      <name>Royal Women's Hospital</name>
      <address>
        <city>Carlton</city>
        <state>Victoria</state>
        <zip>3053</zip>
        <country>Australia</country>
      </address>
    </facility>
  </location>
  <location>
    <facility>
      <name>Frankston Hospital</name>
      <address>
        <city>Frankston</city>
        <state>Victoria</state>
        <zip>3199</zip>
        <country>Australia</country>
      </address>
    </facility>
  </location>
  <location>
    <facility>
      <name>Murray Valley Private Hospital and Cancer Treatment Centre</name>
      <address>
        <city>Wodonga</city>
        <state>Victoria</state>
        <zip>3690</zip>
        <country>Australia</country>
      </address>
    </facility>
  </location>
  <location>
    <facility>
      <name>Sir Charles Gairdner Hospital - Nedlands</name>
      <address>
        <city>Nedlands</city>
        <state>Western Australia</state>
        <zip>6009</zip>
        <country>Australia</country>
      </address>
    </facility>
  </location>
  <location>
    <facility>
      <name>Landeskrankenhaus Klagenfurt</name>
      <address>
        <city>Klagenfurt</city>
        <zip>9026</zip>
        <country>Austria</country>
      </address>
    </facility>
  </location>
  <location>
    <facility>
      <name>A.o. Bezirkskrankenhaus Kufstein</name>
      <address>
        <city>Kufstein</city>
        <zip>6330</zip>
        <country>Austria</country>
      </address>
    </facility>
  </location>
  <location>
    <facility>
      <name>Centre Hospitalier de L' Agglomeration Montargoise</name>
      <address>
        <city>Amilly</city>
        <zip>45207</zip>
        <country>France</country>
      </address>
    </facility>
  </location>
  <location>
    <facility>
      <name>Centre Hospitalier General</name>
      <address>
        <city>Amilly</city>
        <zip>45207</zip>
        <country>France</country>
      </address>
    </facility>
  </location>
  <location>
    <facility>
      <name>Centre Hospital General Robert Ballanger</name>
      <address>
        <city>Aulnay Sous Bois</city>
        <zip>93602</zip>
        <country>France</country>
      </address>
    </facility>
  </location>
  <location>
    <facility>
      <name>Centre Hospitalier Regional de Besancon - Hopital Jean Minjoz</name>
      <address>
        <city>Besancon</city>
        <zip>25030</zip>
        <country>France</country>
      </address>
    </facility>
  </location>
  <location>
    <facility>
      <name>Clinique Tivoli</name>
      <address>
        <city>Bordeaux</city>
        <zip>F-33000</zip>
        <country>France</country>
      </address>
    </facility>
  </location>
  <location>
    <facility>
      <name>Institut Bergonie</name>
      <address>
        <city>Bordeaux</city>
        <zip>33076</zip>
        <country>France</country>
      </address>
    </facility>
  </location>
  <location>
    <facility>
      <name>Polyclinique Bordeaux Nord Aquitaine</name>
      <address>
        <city>Boucher</city>
        <zip>33300</zip>
        <country>France</country>
      </address>
    </facility>
  </location>
  <location>
    <facility>
      <name>Centre Regional Francois Baclesse</name>
      <address>
        <city>Caen</city>
        <zip>14076</zip>
        <country>France</country>
      </address>
    </facility>
  </location>
  <location>
    <facility>
      <name>Centre Hospitalier Regional de Chambery</name>
      <address>
        <city>Chambery</city>
        <zip>73011</zip>
        <country>France</country>
      </address>
    </facility>
  </location>
  <location>
    <facility>
      <name>Centre Jean Perrin</name>
      <address>
        <city>Clermont-Ferrand</city>
        <zip>63011</zip>
        <country>France</country>
      </address>
    </facility>
  </location>
  <location>
    <facility>
      <name>Hopital Louis Pasteur</name>
      <address>
        <city>Colmar</city>
        <zip>68024</zip>
        <country>France</country>
      </address>
    </facility>
  </location>
  <location>
    <facility>
      <name>Centre Hospitalier de Dax</name>
      <address>
        <city>Dax</city>
        <zip>40107</zip>
        <country>France</country>
      </address>
    </facility>
  </location>
  <location>
    <facility>
      <name>Clinique Pasteur</name>
      <address>
        <city>Evreux</city>
        <zip>27000</zip>
        <country>France</country>
      </address>
    </facility>
  </location>
  <location>
    <facility>
      <name>Centre Hospitalier de Gap</name>
      <address>
        <city>Gap</city>
        <zip>05007</zip>
        <country>France</country>
      </address>
    </facility>
  </location>
  <location>
    <facility>
      <name>Centre Hospitalier Departemental</name>
      <address>
        <city>La Roche Sur Yon</city>
        <zip>F-85025</zip>
        <country>France</country>
      </address>
    </facility>
  </location>
  <location>
    <facility>
      <name>Clinique Victor Hugo</name>
      <address>
        <city>Le Mans</city>
        <zip>F-72000</zip>
        <country>France</country>
      </address>
    </facility>
  </location>
  <location>
    <facility>
      <name>Centre Hospitalier Bretagne Sud</name>
      <address>
        <city>Lorient</city>
        <zip>56322</zip>
        <country>France</country>
      </address>
    </facility>
  </location>
  <location>
    <facility>
      <name>Centre Leon Berard</name>
      <address>
        <city>Lyon</city>
        <zip>69373</zip>
        <country>France</country>
      </address>
    </facility>
  </location>
  <location>
    <facility>
      <name>Hopital Saint Joseph</name>
      <address>
        <city>Marseille</city>
        <zip>13008</zip>
        <country>France</country>
      </address>
    </facility>
  </location>
  <location>
    <facility>
      <name>Centre Hospitalier General de Mont de Marsan</name>
      <address>
        <city>Mont-de-Marsan</city>
        <zip>40000</zip>
        <country>France</country>
      </address>
    </facility>
  </location>
  <location>
    <facility>
      <name>Centre Hospitalier General Andre Boulloche</name>
      <address>
        <city>Montbeliard</city>
        <zip>25209</zip>
        <country>France</country>
      </address>
    </facility>
  </location>
  <location>
    <facility>
      <name>Centre Hospitalier de Montlucon</name>
      <address>
        <city>Montlucon</city>
        <zip>03109</zip>
        <country>France</country>
      </address>
    </facility>
  </location>
  <location>
    <facility>
      <name>Centre Regional de Lutte Contre le Cancer - Centre Val d'Aurelle</name>
      <address>
        <city>Montpellier</city>
        <zip>34298</zip>
        <country>France</country>
      </address>
    </facility>
  </location>
  <location>
    <facility>
      <name>Hotel Dieu de Paris</name>
      <address>
        <city>Paris</city>
        <zip>75181</zip>
        <country>France</country>
      </address>
    </facility>
  </location>
  <location>
    <facility>
      <name>Institut Curie Hopital</name>
      <address>
        <city>Paris</city>
        <zip>75248</zip>
        <country>France</country>
      </address>
    </facility>
  </location>
  <location>
    <facility>
      <name>Polyclinique Francheville</name>
      <address>
        <city>Perigueux</city>
        <zip>24004</zip>
        <country>France</country>
      </address>
    </facility>
  </location>
  <location>
    <facility>
      <name>Centre Hospitalier Lyon Sud</name>
      <address>
        <city>Pierre Benite</city>
        <zip>69495</zip>
        <country>France</country>
      </address>
    </facility>
  </location>
  <location>
    <facility>
      <name>CHU Poitiers</name>
      <address>
        <city>Poitiers</city>
        <zip>86021</zip>
        <country>France</country>
      </address>
    </facility>
  </location>
  <location>
    <facility>
      <name>Institut Jean Godinot</name>
      <address>
        <city>Reims</city>
        <zip>51056</zip>
        <country>France</country>
      </address>
    </facility>
  </location>
  <location>
    <facility>
      <name>Centre Eugene Marquis</name>
      <address>
        <city>Rennes</city>
        <zip>35042</zip>
        <country>France</country>
      </address>
    </facility>
  </location>
  <location>
    <facility>
      <name>Clinique Armoricaine De Radiologie</name>
      <address>
        <city>Saint Brieuc</city>
        <zip>F-22015</zip>
        <country>France</country>
      </address>
    </facility>
  </location>
  <location>
    <facility>
      <name>Centre Paul Strauss</name>
      <address>
        <city>Strasbourg</city>
        <zip>67065</zip>
        <country>France</country>
      </address>
    </facility>
  </location>
  <location>
    <facility>
      <name>Hopitaux Universitaire de Strasbourg</name>
      <address>
        <city>Strasbourg</city>
        <zip>67091</zip>
        <country>France</country>
      </address>
    </facility>
  </location>
  <location>
    <facility>
      <name>Centre Hospitalier Universitaire Bretonneau de Tours</name>
      <address>
        <city>Tours</city>
        <zip>37044</zip>
        <country>France</country>
      </address>
    </facility>
  </location>
  <location>
    <facility>
      <name>Centre Hospitalier Valence</name>
      <address>
        <city>Valence</city>
        <zip>26000</zip>
        <country>France</country>
      </address>
    </facility>
  </location>
  <location>
    <facility>
      <name>Centre Alexis Vautrin</name>
      <address>
        <city>Vandoeuvre-les-Nancy</city>
        <zip>54511</zip>
        <country>France</country>
      </address>
    </facility>
  </location>
  <location>
    <facility>
      <name>Centro di Riferimento Oncologico - Aviano</name>
      <address>
        <city>Aviano</city>
        <zip>33081</zip>
        <country>Italy</country>
      </address>
    </facility>
  </location>
  <location>
    <facility>
      <name>Ospedale Sant Anna</name>
      <address>
        <city>Como</city>
        <zip>22100</zip>
        <country>Italy</country>
      </address>
    </facility>
  </location>
  <location>
    <facility>
      <name>Ospedale Santa Maria Goretti</name>
      <address>
        <city>Latina</city>
        <zip>04100</zip>
        <country>Italy</country>
      </address>
    </facility>
  </location>
  <location>
    <facility>
      <name>Ospedale Niguarda Ca'Granda</name>
      <address>
        <city>Milan</city>
        <zip>20162</zip>
        <country>Italy</country>
      </address>
    </facility>
  </location>
  <location>
    <facility>
      <name>Ospedale San Gerardo</name>
      <address>
        <city>Monza</city>
        <zip>20052</zip>
        <country>Italy</country>
      </address>
    </facility>
  </location>
  <location>
    <facility>
      <name>Azienda Sanitaria Ospedaliera Ordine Mauriziano</name>
      <address>
        <city>Turin</city>
        <zip>10128</zip>
        <country>Italy</country>
      </address>
    </facility>
  </location>
  <location>
    <facility>
      <name>Universita di Torino</name>
      <address>
        <city>Turin</city>
        <zip>10126</zip>
        <country>Italy</country>
      </address>
    </facility>
  </location>
  <location>
    <facility>
      <name>Ospedale di Circolo e Fondazione Macchi</name>
      <address>
        <city>Varese</city>
        <zip>21100</zip>
        <country>Italy</country>
      </address>
    </facility>
  </location>
  <location>
    <facility>
      <name>Netherlands Cancer Institute - Antoni van Leeuwenhoek Hospital</name>
      <address>
        <city>Amsterdam</city>
        <zip>1066 CX</zip>
        <country>Netherlands</country>
      </address>
    </facility>
  </location>
  <location>
    <facility>
      <name>Onze Lieve Vrouwe Gasthuis</name>
      <address>
        <city>Amsterdam</city>
        <zip>1091 HA</zip>
        <country>Netherlands</country>
      </address>
    </facility>
  </location>
  <location>
    <facility>
      <name>Martini Ziekenhuis</name>
      <address>
        <city>Groningen</city>
        <country>Netherlands</country>
      </address>
    </facility>
  </location>
  <location>
    <facility>
      <name>Leiden University Medical Center</name>
      <address>
        <city>Leiden</city>
        <zip>2300 RC</zip>
        <country>Netherlands</country>
      </address>
    </facility>
  </location>
  <location>
    <facility>
      <name>Universitair Medisch Centrum St. Radboud - Nijmegen</name>
      <address>
        <city>Nijmegen</city>
        <zip>NL-6500 HB</zip>
        <country>Netherlands</country>
      </address>
    </facility>
  </location>
  <location>
    <facility>
      <name>Erasmus MC - Sophia Children's Hospital</name>
      <address>
        <city>Rotterdam</city>
        <zip>3015 GJ</zip>
        <country>Netherlands</country>
      </address>
    </facility>
  </location>
  <location>
    <facility>
      <name>Hospitais da Universidade de Coimbra (HUC)</name>
      <address>
        <city>Coimbra</city>
        <zip>3049</zip>
        <country>Portugal</country>
      </address>
    </facility>
  </location>
  <location>
    <facility>
      <name>Institut d'Oncologia Corachan</name>
      <address>
        <city>Barcelona</city>
        <zip>08017</zip>
        <country>Spain</country>
      </address>
    </facility>
  </location>
  <location>
    <facility>
      <name>Hospital Universitario 12 de Octubre</name>
      <address>
        <city>Madrid</city>
        <zip>28041</zip>
        <country>Spain</country>
      </address>
    </facility>
  </location>
  <location>
    <facility>
      <name>Hospital Universitario San Carlos</name>
      <address>
        <city>Madrid</city>
        <zip>28040</zip>
        <country>Spain</country>
      </address>
    </facility>
  </location>
  <location>
    <facility>
      <name>Hospital Universitario Central de Asturias</name>
      <address>
        <city>Oviedo</city>
        <zip>33006</zip>
        <country>Spain</country>
      </address>
    </facility>
  </location>
  <location>
    <facility>
      <name>Instituto Valenciano De Oncologia</name>
      <address>
        <city>Valencia</city>
        <zip>46009</zip>
        <country>Spain</country>
      </address>
    </facility>
  </location>
  <location>
    <facility>
      <name>Stoke Mandeville Hospital</name>
      <address>
        <city>Aylesbury-Buckinghamshire</city>
        <state>England</state>
        <zip>HP21 8AL</zip>
        <country>United Kingdom</country>
      </address>
    </facility>
  </location>
  <location>
    <facility>
      <name>North Devon District Hospital</name>
      <address>
        <city>Barnstaple</city>
        <state>England</state>
        <zip>EX31 4JB</zip>
        <country>United Kingdom</country>
      </address>
    </facility>
  </location>
  <location>
    <facility>
      <name>Royal United Hospital</name>
      <address>
        <city>Bath</city>
        <state>England</state>
        <zip>BA1 3NG</zip>
        <country>United Kingdom</country>
      </address>
    </facility>
  </location>
  <location>
    <facility>
      <name>City Hospital - Birmingham</name>
      <address>
        <city>Birmingham</city>
        <state>England</state>
        <zip>B18 7QH</zip>
        <country>United Kingdom</country>
      </address>
    </facility>
  </location>
  <location>
    <facility>
      <name>Cumberland Infirmary</name>
      <address>
        <city>Carlisle</city>
        <state>England</state>
        <zip>CA2 7HY</zip>
        <country>United Kingdom</country>
      </address>
    </facility>
  </location>
  <location>
    <facility>
      <name>Queen Elizabeth Hospital</name>
      <address>
        <city>Gateshead</city>
        <state>England</state>
        <zip>NE9 6SX</zip>
        <country>United Kingdom</country>
      </address>
    </facility>
  </location>
  <location>
    <facility>
      <name>Ipswich Hospital</name>
      <address>
        <city>Ipswich</city>
        <state>England</state>
        <zip>IP4 5PD</zip>
        <country>United Kingdom</country>
      </address>
    </facility>
  </location>
  <location>
    <facility>
      <name>University College Hospital</name>
      <address>
        <city>London</city>
        <state>England</state>
        <zip>NW1 2BU</zip>
        <country>United Kingdom</country>
      </address>
    </facility>
  </location>
  <location>
    <facility>
      <name>Mid Kent Oncology Centre at Maidstone Hospital</name>
      <address>
        <city>Maidstone</city>
        <state>England</state>
        <zip>ME16 9QQ</zip>
        <country>United Kingdom</country>
      </address>
    </facility>
  </location>
  <location>
    <facility>
      <name>Queen Elizabeth The Queen Mother Hospital</name>
      <address>
        <city>Margate</city>
        <state>England</state>
        <zip>CT9 4AN</zip>
        <country>United Kingdom</country>
      </address>
    </facility>
  </location>
  <location>
    <facility>
      <name>Clatterbridge Centre for Oncology</name>
      <address>
        <city>Merseyside</city>
        <state>England</state>
        <zip>CH63 4JY</zip>
        <country>United Kingdom</country>
      </address>
    </facility>
  </location>
  <location>
    <facility>
      <name>James Cook University Hospital</name>
      <address>
        <city>Middlesbrough</city>
        <state>England</state>
        <zip>TS4 3BW</zip>
        <country>United Kingdom</country>
      </address>
    </facility>
  </location>
  <location>
    <facility>
      <name>St. Mary's Hospital</name>
      <address>
        <city>Newport</city>
        <state>England</state>
        <zip>PO30 5TG</zip>
        <country>United Kingdom</country>
      </address>
    </facility>
  </location>
  <location>
    <facility>
      <name>Mount Vernon Cancer Centre at Mount Vernon Hospital</name>
      <address>
        <city>Northwood</city>
        <state>England</state>
        <zip>HA6 2RN</zip>
        <country>United Kingdom</country>
      </address>
    </facility>
  </location>
  <location>
    <facility>
      <name>Norfolk and Norwich University Hospital</name>
      <address>
        <city>Norwich</city>
        <state>England</state>
        <zip>NR4 7UY</zip>
        <country>United Kingdom</country>
      </address>
    </facility>
  </location>
  <location>
    <facility>
      <name>Royal Preston Hospital</name>
      <address>
        <city>Preston</city>
        <state>England</state>
        <zip>PR2 9HT</zip>
        <country>United Kingdom</country>
      </address>
    </facility>
  </location>
  <location>
    <facility>
      <name>Royal Shrewsbury Hospital</name>
      <address>
        <city>Shrewsbury</city>
        <state>England</state>
        <zip>SY3 8XQ</zip>
        <country>United Kingdom</country>
      </address>
    </facility>
  </location>
  <location>
    <facility>
      <name>Wexham Park Hospital</name>
      <address>
        <city>Slough, Berkshire</city>
        <state>England</state>
        <zip>SL2 4HL</zip>
        <country>United Kingdom</country>
      </address>
    </facility>
  </location>
  <location>
    <facility>
      <name>Southampton General Hospital</name>
      <address>
        <city>Southampton</city>
        <state>England</state>
        <zip>SO16 6YD</zip>
        <country>United Kingdom</country>
      </address>
    </facility>
  </location>
  <location>
    <facility>
      <name>Staffordshire General Hospital</name>
      <address>
        <city>Stafford</city>
        <state>England</state>
        <zip>ST16 3SA</zip>
        <country>United Kingdom</country>
      </address>
    </facility>
  </location>
  <location>
    <facility>
      <name>Yeovil District Hospital</name>
      <address>
        <city>Yeovil</city>
        <state>England</state>
        <zip>BA21 4AT</zip>
        <country>United Kingdom</country>
      </address>
    </facility>
  </location>
  <location>
    <facility>
      <name>Gartnavel General Hospital</name>
      <address>
        <city>Glasgow</city>
        <state>Scotland</state>
        <zip>G12 0YN</zip>
        <country>United Kingdom</country>
      </address>
    </facility>
  </location>
  <location>
    <facility>
      <name>Bronglais District General Hospital</name>
      <address>
        <city>Aberystwyth</city>
        <state>Wales</state>
        <zip>SY23 1ER</zip>
        <country>United Kingdom</country>
      </address>
    </facility>
  </location>
  <location>
    <facility>
      <name>Velindre Cancer Center at Velindre Hospital</name>
      <address>
        <city>Cardiff</city>
        <state>Wales</state>
        <zip>CF14 2TL</zip>
        <country>United Kingdom</country>
      </address>
    </facility>
  </location>
  <location>
    <facility>
      <name>South West Wales Cancer Institute</name>
      <address>
        <city>Swansea</city>
        <state>Wales</state>
        <zip>SA2 8QA</zip>
        <country>United Kingdom</country>
      </address>
    </facility>
  </location>
  <location_countries>
    <country>Australia</country>
    <country>Austria</country>
    <country>France</country>
    <country>Italy</country>
    <country>Netherlands</country>
    <country>Portugal</country>
    <country>Spain</country>
    <country>United Kingdom</country>
  </location_countries>
  <link>
    <url>http://cancer.gov/clinicaltrials/EORTC-55041</url>
    <description>Clinical trial summary from the National Cancer Institute's PDQ® database</description>
  </link>
  <verification_date>August 2013</verification_date>
  <lastchanged_date>August 26, 2013</lastchanged_date>
  <firstreceived_date>December 7, 2005</firstreceived_date>
  <responsible_party>
    <responsible_party_type>Sponsor</responsible_party_type>
  </responsible_party>
  <keyword>stage I ovarian epithelial cancer</keyword>
  <keyword>stage II ovarian epithelial cancer</keyword>
  <keyword>stage III ovarian epithelial cancer</keyword>
  <keyword>stage IV ovarian epithelial cancer</keyword>
  <keyword>primary peritoneal cavity cancer</keyword>
  <keyword>fallopian tube cancer</keyword>
  <is_fda_regulated>No</is_fda_regulated>
  <has_expanded_access>No</has_expanded_access>
  <condition_browse>
    <!-- CAUTION:  The following MeSH terms are assigned with an imperfect algorithm  -->
    <mesh_term>Fallopian Tube Neoplasms</mesh_term>
    <mesh_term>Ovarian Neoplasms</mesh_term>
    <mesh_term>Peritoneal Neoplasms</mesh_term>
  </condition_browse>
  <intervention_browse>
    <!-- CAUTION:  The following MeSH terms are assigned with an imperfect algorithm  -->
    <mesh_term>Erlotinib</mesh_term>
  </intervention_browse>
  <!-- Results have not yet been posted for this study                                -->
</clinical_study>
