<?xml version="1.0" encoding="UTF-8"?>
<clinical_study rank="219">
  <!-- This xml conforms to an XML Schema at:
    https://clinicaltrials.gov/ct2/html/images/info/public.xsd
 and an XML DTD at:
    https://clinicaltrials.gov/ct2/html/images/info/public.dtd -->
  <required_header>
    <download_date>ClinicalTrials.gov processed this data on July 08, 2015</download_date>
    <link_text>Link to the current ClinicalTrials.gov record.</link_text>
    <url>https://clinicaltrials.gov/show/NCT00361322</url>
  </required_header>
  <id_info>
    <org_study_id>CLSA-HMO-CTIL</org_study_id>
    <nct_id>NCT00361322</nct_id>
  </id_info>
  <brief_title>Efficacy and Safety of a Preparation Containing an Antibiotic and Anti-Inflammatory Agent in Acne Vulgaris</brief_title>
  <official_title>Topical Clindamycin Salicylic Acid Preparation for the Treatment of Acne Vulgaris</official_title>
  <sponsors>
    <lead_sponsor>
      <agency>Hadassah Medical Organization</agency>
      <agency_class>Other</agency_class>
    </lead_sponsor>
  </sponsors>
  <source>Hadassah Medical Organization</source>
  <oversight_info>
    <authority>Israel: Israeli Health Ministry Pharmaceutical Administration</authority>
  </oversight_info>
  <brief_summary>
    <textblock>
      The concept behind our study was to combine an effect of antibiotic and anti-inflammatory
      agents for a more efficient acne therapy directed at the factors involved in the
      pathophysiology of the disease. For this purpose we evaluated a combination of clindamycin
      phosphate and salicylic acid in a non-irritating carrier.
    </textblock>
  </brief_summary>
  <overall_status>Completed</overall_status>
  <start_date>April 2005</start_date>
  <completion_date>January 2006</completion_date>
  <phase>Phase 1/Phase 2</phase>
  <study_type>Interventional</study_type>
  <study_design>Allocation: Randomized, Endpoint Classification: Safety/Efficacy Study, Intervention Model: Parallel Assignment, Masking: Double-Blind, Primary Purpose: Treatment</study_design>
  <primary_outcome>
    <measure>Lesions count at the baseline (week 0)</measure>
  </primary_outcome>
  <primary_outcome>
    <measure>Lesions count at the end of study (week 8)</measure>
  </primary_outcome>
  <enrollment>40</enrollment>
  <condition>Acne Vulgaris</condition>
  <intervention>
    <intervention_type>Drug</intervention_type>
    <intervention_name>clindamycin phosphate</intervention_name>
  </intervention>
  <intervention>
    <intervention_type>Drug</intervention_type>
    <intervention_name>salicylic acid</intervention_name>
  </intervention>
  <eligibility>
    <criteria>
      <textblock>
        Inclusion Criteria:

          -  mild to moderate acne vulgaris;

          -  at least 5 lesions on the face;

          -  a one-month wash-out period was established for any topical or systemic drug use for
             treatment of acne vulgaris.

        Exclusion Criteria:

          -  acne that was primarily truncal, nodular, or due to secondary causes/internal
             disease;

          -  pregnancy, breastfeeding, or intention to become pregnant;

          -  another dermatological disease of the face;

          -  significant systemic disease;

          -  any drug/alcohol addiction;

          -  interacting medication;

          -  known hypersensitivity to study medications;

          -  history of chronic disease treated with medications which might affect acne condition
             and treatment outcome (e.g. corticosteroids, lithium, isoniazid, anti-androgens,
             phenytoin, phenobarbital) in the preceding month
      </textblock>
    </criteria>
    <gender>Both</gender>
    <minimum_age>18 Years</minimum_age>
    <maximum_age>45 Years</maximum_age>
  </eligibility>
  <overall_official>
    <last_name>Vera Leibovici, MD</last_name>
    <role>Principal Investigator</role>
    <affiliation>Hadassah Medical Organization</affiliation>
  </overall_official>
  <overall_official>
    <last_name>Arie Ingber, MD, Prof</last_name>
    <role>Principal Investigator</role>
    <affiliation>Hadassah Medical Organization</affiliation>
  </overall_official>
  <overall_official>
    <last_name>Elka Touitou, PhD, Prof</last_name>
    <role>Principal Investigator</role>
    <affiliation>The Hebrew University of Jerusalem, Jerusalem, Israel</affiliation>
  </overall_official>
  <location>
    <facility>
      <name>Hadassah Medical Organization</name>
      <address>
        <city>Jerusalem</city>
        <zip>91120</zip>
        <country>Israel</country>
      </address>
    </facility>
  </location>
  <location_countries>
    <country>Israel</country>
  </location_countries>
  <verification_date>August 2006</verification_date>
  <lastchanged_date>August 6, 2006</lastchanged_date>
  <firstreceived_date>August 6, 2006</firstreceived_date>
  <has_expanded_access>No</has_expanded_access>
  <condition_browse>
    <!-- CAUTION:  The following MeSH terms are assigned with an imperfect algorithm  -->
    <mesh_term>Acne Vulgaris</mesh_term>
  </condition_browse>
  <intervention_browse>
    <!-- CAUTION:  The following MeSH terms are assigned with an imperfect algorithm  -->
    <mesh_term>Anti-Inflammatory Agents</mesh_term>
    <mesh_term>Clindamycin</mesh_term>
    <mesh_term>Clindamycin palmitate</mesh_term>
    <mesh_term>Clindamycin phosphate</mesh_term>
    <mesh_term>Salicylic Acid</mesh_term>
  </intervention_browse>
  <!-- Results have not yet been posted for this study                                -->
</clinical_study>
