<?xml version="1.0" encoding="UTF-8"?>
<clinical_study rank="145">
  <!-- This xml conforms to an XML Schema at:
    https://clinicaltrials.gov/ct2/html/images/info/public.xsd
 and an XML DTD at:
    https://clinicaltrials.gov/ct2/html/images/info/public.dtd -->
  <required_header>
    <download_date>ClinicalTrials.gov processed this data on July 08, 2015</download_date>
    <link_text>Link to the current ClinicalTrials.gov record.</link_text>
    <url>https://clinicaltrials.gov/show/NCT02073461</url>
  </required_header>
  <id_info>
    <org_study_id>RDT.07.SPR.27124</org_study_id>
    <nct_id>NCT02073461</nct_id>
  </id_info>
  <brief_title>Efficacy and Safety Study of 2 Different Concentrations of CD1579 Gels Versus Vehicle in the Treatment of Acne Vulgaris.</brief_title>
  <official_title>A Multicenter, Randomized, Double-blinded, Vehicle-controlled Parallel Group Efficacy and Safety Study of 2 Different Concentrations of CD1579 Gels Versus Vehicle in the Treatment of Acne Vulgaris.</official_title>
  <sponsors>
    <lead_sponsor>
      <agency>Galderma R&amp;D</agency>
      <agency_class>Industry</agency_class>
    </lead_sponsor>
  </sponsors>
  <source>Galderma R&amp;D</source>
  <oversight_info>
    <authority>Japan: Pharmaceuticals and Medical Devices Agency</authority>
    <has_dmc>No</has_dmc>
  </oversight_info>
  <brief_summary>
    <textblock>
      This study is to assess the efficacy and safety of two concentrations of CD1579 (2.5% and
      5%) versus vehicle in the treatment of acne vulgaris in the Japanese patients.
    </textblock>
  </brief_summary>
  <overall_status>Completed</overall_status>
  <start_date>March 2014</start_date>
  <completion_date type="Actual">October 2014</completion_date>
  <primary_completion_date type="Actual">October 2014</primary_completion_date>
  <phase>Phase 2</phase>
  <study_type>Interventional</study_type>
  <study_design>Allocation: Randomized, Endpoint Classification: Safety/Efficacy Study, Intervention Model: Parallel Assignment, Masking: Double Blind (Subject, Investigator), Primary Purpose: Treatment</study_design>
  <primary_outcome>
    <measure>Percent reduction in total lesion counts</measure>
    <time_frame>12 weeks</time_frame>
    <safety_issue>No</safety_issue>
  </primary_outcome>
  <secondary_outcome>
    <measure>Percent of Subjects With Adverse Events will be evaluated</measure>
    <time_frame>up to 12 weeks</time_frame>
    <safety_issue>Yes</safety_issue>
  </secondary_outcome>
  <number_of_arms>3</number_of_arms>
  <enrollment type="Actual">236</enrollment>
  <condition>Acne Vulgaris</condition>
  <arm_group>
    <arm_group_label>CD1579 2.5%</arm_group_label>
    <arm_group_type>Experimental</arm_group_type>
    <description>Benzoyl Peroxide 2.5%</description>
  </arm_group>
  <arm_group>
    <arm_group_label>CD1579 5%</arm_group_label>
    <arm_group_type>Experimental</arm_group_type>
    <description>Benzoyl Peroxide 5%</description>
  </arm_group>
  <arm_group>
    <arm_group_label>Vehicle</arm_group_label>
    <arm_group_type>Placebo Comparator</arm_group_type>
    <description>Vehicle</description>
  </arm_group>
  <intervention>
    <intervention_type>Drug</intervention_type>
    <intervention_name>CD1579 2.5%</intervention_name>
    <arm_group_label>CD1579 2.5%</arm_group_label>
    <other_name>Benzoyl Peroxide 2.5%</other_name>
  </intervention>
  <intervention>
    <intervention_type>Drug</intervention_type>
    <intervention_name>CD1579  5%</intervention_name>
    <arm_group_label>CD1579 5%</arm_group_label>
    <other_name>Benzoyl Peroxide 5%</other_name>
  </intervention>
  <intervention>
    <intervention_type>Drug</intervention_type>
    <intervention_name>Vehicle</intervention_name>
    <arm_group_label>Vehicle</arm_group_label>
    <other_name>Vehicle</other_name>
  </intervention>
  <eligibility>
    <criteria>
      <textblock>
        Inclusion Criteria:

          -  Men and women at the age of 12 or older at the Screening visit.

          -  Those with clinical diagnosis of acne vulgaris with more than 20 noninflammatory
             lesions (open and closed comedones) and 12 to 100 (inclusive) inflammatory lesions
             (papules, pustules and nodules) on the face (forehead, both cheeks, nose and chin).

        Exclusion Criteria:

          -  Those with more than two nodular acne lesions or any cysts.

          -  Those with the diagnosis of any acne conglobata, any acne fulminans, any chloracne,
             or any drug induced acne.

          -  Those who have clinically significant abnormal findings or conditions on skin other
             than acne such as atopic dermatitis, perioral dermatitis, or rosacea that potentially
             interfere with study assessments according to Investigator's judgment
      </textblock>
    </criteria>
    <gender>Both</gender>
    <minimum_age>12 Years</minimum_age>
    <maximum_age>N/A</maximum_age>
    <healthy_volunteers>No</healthy_volunteers>
  </eligibility>
  <location>
    <facility>
      <name>Galderma investigational site</name>
      <address>
        <city>Amagasaki</city>
        <state>Hyogo</state>
        <country>Japan</country>
      </address>
    </facility>
  </location>
  <location>
    <facility>
      <name>Galderma investigational site</name>
      <address>
        <city>Kobe</city>
        <state>Hyogo</state>
        <country>Japan</country>
      </address>
    </facility>
  </location>
  <location>
    <facility>
      <name>Galderma investigational site</name>
      <address>
        <city>Nakano</city>
        <state>Tokyo</state>
        <country>Japan</country>
      </address>
    </facility>
  </location>
  <location>
    <facility>
      <name>Galderma investigational site</name>
      <address>
        <city>Shibuya</city>
        <state>Tokyo</state>
        <country>Japan</country>
      </address>
    </facility>
  </location>
  <location>
    <facility>
      <name>Galderma investigational site</name>
      <address>
        <city>Shinjuku</city>
        <state>Tokyo</state>
        <country>Japan</country>
      </address>
    </facility>
  </location>
  <location>
    <facility>
      <name>Galderma investigational site</name>
      <address>
        <city>Fukuoka</city>
        <country>Japan</country>
      </address>
    </facility>
  </location>
  <location_countries>
    <country>Japan</country>
  </location_countries>
  <verification_date>November 2014</verification_date>
  <lastchanged_date>November 17, 2014</lastchanged_date>
  <firstreceived_date>February 20, 2014</firstreceived_date>
  <responsible_party>
    <responsible_party_type>Sponsor</responsible_party_type>
  </responsible_party>
  <keyword>Acne Vulgaris</keyword>
  <is_fda_regulated>No</is_fda_regulated>
  <has_expanded_access>No</has_expanded_access>
  <condition_browse>
    <!-- CAUTION:  The following MeSH terms are assigned with an imperfect algorithm  -->
    <mesh_term>Acne Vulgaris</mesh_term>
  </condition_browse>
  <intervention_browse>
    <!-- CAUTION:  The following MeSH terms are assigned with an imperfect algorithm  -->
    <mesh_term>Benzoyl Peroxide</mesh_term>
  </intervention_browse>
  <!-- Results have not yet been posted for this study                                -->
</clinical_study>
