<?xml version="1.0" encoding="UTF-8"?>
<clinical_study rank="351">
  <!-- This xml conforms to an XML Schema at:
    https://clinicaltrials.gov/ct2/html/images/info/public.xsd
 and an XML DTD at:
    https://clinicaltrials.gov/ct2/html/images/info/public.dtd -->
  <required_header>
    <download_date>ClinicalTrials.gov processed this data on July 08, 2015</download_date>
    <link_text>Link to the current ClinicalTrials.gov record.</link_text>
    <url>https://clinicaltrials.gov/show/NCT01863615</url>
  </required_header>
  <id_info>
    <org_study_id>116615</org_study_id>
    <nct_id>NCT01863615</nct_id>
  </id_info>
  <brief_title>Bioequivalence Study for an Isotretinoin</brief_title>
  <official_title>Bioequivalence Study for an Isotretinoin Pharmaceutical Preparation - Capsules. Crossover, Randomized, Single Dose, Two Treatments, Two Periods and Two Sequences With Meal (Breakfast) Study</official_title>
  <sponsors>
    <lead_sponsor>
      <agency>GlaxoSmithKline</agency>
      <agency_class>Industry</agency_class>
    </lead_sponsor>
  </sponsors>
  <source>GlaxoSmithKline</source>
  <oversight_info>
    <authority>Mexico: Comision Federal para la Proteccion contra Riesgos Sanitarios (COFEPRIS)</authority>
  </oversight_info>
  <brief_summary>
    <textblock>
      The objective of this study was to confirm if two formulations of isotretionin (capsules)
      are bioequivalent.

      Test product was Oratane® 20 mg (Laboratorios Dermatológicos Darier) and reference product
      Roaccutan® 20 mg (Productos Roche). Two capsules administered together were the single
      dosage.

      The study was prospective, open-label, randomized, crossover, single dose, with 02
      treatments, 02 sequences and 02 periods, under fed conditions.

      The population was composed of 36 healthy volunteers, male adults between 18-45 years.

      The comparative bioavailability of the two formulations was evaluated based in statistical
      comparisons of relevant pharmacokinetic parameters, obtained from data of drug
      concentrations in blood.
    </textblock>
  </brief_summary>
  <overall_status>Completed</overall_status>
  <start_date>August 2011</start_date>
  <completion_date type="Actual">September 2011</completion_date>
  <primary_completion_date type="Actual">September 2011</primary_completion_date>
  <phase>Phase 1</phase>
  <study_type>Interventional</study_type>
  <study_design>Allocation: Randomized, Endpoint Classification: Pharmacokinetics Study, Intervention Model: Crossover Assignment, Masking: Open Label</study_design>
  <primary_outcome>
    <measure>Peak Plasma Concentration (CMAX) of isotretinoin</measure>
    <time_frame>0.0, 0.5, 1.0, 1.5, 2.0, 2.5, 3.0, 3.5, 4.0, 4.5, 5.0, 6.0, 7.0, 8.0, 10.0, 12.0, 16.0, 24.0, 36.0, 48.0, 60.0, 72.0 and 96.0 hours postdosage</time_frame>
    <safety_issue>No</safety_issue>
    <description>pharmacokinetics</description>
  </primary_outcome>
  <primary_outcome>
    <measure>Area under the plasma concentration versus time curve (AUC) of isotretionin</measure>
    <time_frame>0.0, 0.5, 1.0, 1.5, 2.0, 2.5, 3.0, 3.5, 4.0, 4.5, 5.0, 6.0, 7.0, 8.0, 10.0, 12.0, 16.0, 24.0, 36.0, 48.0, 60.0, 72.0 and 96.0 hours postdosage</time_frame>
    <safety_issue>No</safety_issue>
    <description>pharmacokinetics</description>
  </primary_outcome>
  <secondary_outcome>
    <measure>Incidence od adverse events</measure>
    <time_frame>20 days</time_frame>
    <safety_issue>Yes</safety_issue>
    <description>Safety</description>
  </secondary_outcome>
  <number_of_arms>2</number_of_arms>
  <enrollment type="Actual">36</enrollment>
  <condition>Skin Infections (Acne)</condition>
  <arm_group>
    <arm_group_label>A(reference)/B(test)</arm_group_label>
    <arm_group_type>Experimental</arm_group_type>
    <description>initial administration of reference and cross-over to test</description>
  </arm_group>
  <arm_group>
    <arm_group_label>B(test)/A(reference)</arm_group_label>
    <arm_group_type>Experimental</arm_group_type>
    <description>initial administration of test and cross-over to reference</description>
  </arm_group>
  <intervention>
    <intervention_type>Drug</intervention_type>
    <intervention_name>Isotretinoin 40 mg</intervention_name>
    <description>Roaccutan 2 capsules of 20 mg; reference drug</description>
    <arm_group_label>B(test)/A(reference)</arm_group_label>
    <arm_group_label>A(reference)/B(test)</arm_group_label>
    <other_name>Productos Roche</other_name>
    <other_name>Roaccutan</other_name>
  </intervention>
  <intervention>
    <intervention_type>Drug</intervention_type>
    <intervention_name>Isotretinoin 40 mg</intervention_name>
    <description>Oratane 2 capsules of 20 mg; test drug</description>
    <arm_group_label>B(test)/A(reference)</arm_group_label>
    <arm_group_label>A(reference)/B(test)</arm_group_label>
    <other_name>Laboratorios Dermatologicos Darier SA de CV</other_name>
    <other_name>Oratane</other_name>
  </intervention>
  <eligibility>
    <criteria>
      <textblock>
        Inclusion Criteria:

        Male volunteers. Ages between 18 and 45 years old. BMI (Body Mass Index) between 20 to 26
        kg/m2. Anti-doping tests negative results. Clinical biochemical test values: Hematic
        Biometry, Urine Analysis, Biochemical Profile: (Glucose, Ureic Nitrogen, Urea, Creatinine,
        Uric Acid,  Cholesterol, Triglycerides, Total Proteins,  Albumin, Globulin, Bilirubin
        (total, indirect and direct), Alkaline Phosphatase, Lactic Dehydrogenase, AST, ALT,
        Calcium, Phosphorus, Sodium, Potassium, Chlorine and Iron), Ac VIH, AgsHB and RPR (luetic
        test), must fall within an interval between minimum and maximum values in connection to
        said tests accepted values.

        Normal Electrocardiogram and Chest X-rays. In exception cases, accepted may be a candidate
        for which any previously mentioned test is exceeded regarding considered valid maximum and
        minimum accepted normal values, as long as it involves an isolated value and there are no
        other manifestations which could allow assuming that a given value  is related to a
        disease or is remnant of another. These cases must be approved by clinical area and
        declared as &quot;Non-clinically significant&quot;.

        -

        Exclusion Criteria:

        Electrocardiographic Anomalies; radiological Anti-doping tests positive results, Positive
        results regarding RPR; VIH and AgsHB tests. Personal or family history of allergy to
        medication in question. Having any kind of allergy, since these persons are in higher risk
        of suffering from medicamentous allergy.

        Tobacco use. Recreational drug use. Persons undergoing any medical treatment. Existence of
        concurrent or intercurrent disease. Existence of justified doubt regarding questionnaire
        answers truthfulness. Having participated in bioequivalence or bioavailability studies or
        having donated blood 2 months before the study.

        Presence of clinically important gastrointestinal diseases or malabsorption history during
        the last year.

        Presence of a medical condition requiring regular medication (with prescription or
        over-the- counter medication) with systemic absorption.

        Narcotics or alcohol addiction history requiring treatment. Finally, excluded will be all
        those volunteers not meeting that established in Mexican Official Standard
        NOM-177-SSA1-1998.

        -
      </textblock>
    </criteria>
    <gender>Both</gender>
    <minimum_age>18 Years</minimum_age>
    <maximum_age>45 Years</maximum_age>
    <healthy_volunteers>Accepts Healthy Volunteers</healthy_volunteers>
  </eligibility>
  <overall_official>
    <last_name>GSK Clinical Trials</last_name>
    <role>Study Director</role>
    <affiliation>GlaxoSmithKline</affiliation>
  </overall_official>
  <location>
    <facility>
      <name>GSK Investigational Site</name>
      <address>
        <city>Monterrey</city>
        <state>Nuevo León</state>
        <zip>64600</zip>
        <country>Mexico</country>
      </address>
    </facility>
  </location>
  <location_countries>
    <country>Mexico</country>
  </location_countries>
  <verification_date>December 2013</verification_date>
  <lastchanged_date>December 5, 2013</lastchanged_date>
  <firstreceived_date>December 13, 2012</firstreceived_date>
  <responsible_party>
    <responsible_party_type>Sponsor</responsible_party_type>
  </responsible_party>
  <keyword>pharmacokinetics</keyword>
  <keyword>Isotretinoin</keyword>
  <keyword>bioequivalence</keyword>
  <keyword>Mexico</keyword>
  <is_fda_regulated>No</is_fda_regulated>
  <has_expanded_access>No</has_expanded_access>
  <condition_browse>
    <!-- CAUTION:  The following MeSH terms are assigned with an imperfect algorithm  -->
    <mesh_term>Skin Diseases, Infectious</mesh_term>
  </condition_browse>
  <intervention_browse>
    <!-- CAUTION:  The following MeSH terms are assigned with an imperfect algorithm  -->
    <mesh_term>Isotretinoin</mesh_term>
  </intervention_browse>
  <!-- Results have not yet been posted for this study                                -->
</clinical_study>
