<?xml version="1.0" encoding="UTF-8"?>
<clinical_study rank="292">
  <!-- This xml conforms to an XML Schema at:
    https://clinicaltrials.gov/ct2/html/images/info/public.xsd
 and an XML DTD at:
    https://clinicaltrials.gov/ct2/html/images/info/public.dtd -->
  <required_header>
    <download_date>ClinicalTrials.gov processed this data on July 08, 2015</download_date>
    <link_text>Link to the current ClinicalTrials.gov record.</link_text>
    <url>https://clinicaltrials.gov/show/NCT01920880</url>
  </required_header>
  <id_info>
    <org_study_id>NL43583.091.13</org_study_id>
    <nct_id>NCT01920880</nct_id>
  </id_info>
  <brief_title>Nociceptive Processing in Acute Cutaneous Nerve Entrapment Syndrome</brief_title>
  <official_title>Nociceptive Processing in Acute Cutaneous Nerve Entrapment Syndrome: a Quantitative Sensory Testing Analysis.</official_title>
  <sponsors>
    <lead_sponsor>
      <agency>Radboud University</agency>
      <agency_class>Other</agency_class>
    </lead_sponsor>
  </sponsors>
  <source>Radboud University</source>
  <oversight_info>
    <authority>Netherlands: Medical Ethics Review Committee (METC)</authority>
    <has_dmc>No</has_dmc>
  </oversight_info>
  <brief_summary>
    <textblock>
      Rationale: Chronic abdominal pain is a frequently occurring condition. Although hardly ever
      considered, the abdominal wall is the primary cause in 10-30% of cases. Most often it is
      caused by entrapment of an intercostal nerve in the anterior rectus sheath, the Anterior
      Cutaneous Nerve Entrapment Syndrome (ACNES). Treatment consists of local anaesthetic
      injections combined with methyl-prednisolon. When ineffective, a neurectomy at the site of
      penetration out of the ventral rectus sheet should be considered. This neurectomy however is
      effective in 73% of cases, leaving some 25% of patients in pain. Whether these refractory
      ACNES patients suffer from underlying pathologic pain disorders is subject to investigation,
      by using quantitative sensory testing (QST).

      Objective: To investigate nociceptive processing and possible underlying pathological pain
      processing mechanisms in ACNES patients.

      Study design: An observational case-control study.

      Study population: Patients treated for ACNES (n = 50) compared to healthy controls from an
      existing database.

      Measurements: Quantitative sensory testing (QST) of nociception, performed after treatment
      of ACNES for both successfully treated and refractory patients in comparison to healthy
      controls. Visual Analogue Scores (VAS) measured before, during and after testing procedures.
      Pain Anxiety Symptom Scale (PASS) and Pain Catastrophizing Scale (PCS) questionnaires.

      Main study parameters: Pressure pain and electrical pain thresholds as investigated by QST.
      Secondary study parameters are VAS-scores and results of PASS and PCS questionnaires.
    </textblock>
  </brief_summary>
  <overall_status>Completed</overall_status>
  <start_date>June 2013</start_date>
  <completion_date type="Actual">September 2014</completion_date>
  <primary_completion_date type="Actual">May 2014</primary_completion_date>
  <phase>N/A</phase>
  <study_type>Observational</study_type>
  <study_design>Observational Model: Case Control, Time Perspective: Prospective</study_design>
  <primary_outcome>
    <measure>pressure pain threshold</measure>
    <time_frame>&gt; 6 weeks after treatment</time_frame>
    <safety_issue>No</safety_issue>
    <description>The pressure pain threshold (pPT) will be determined by pressing an electronic pressure algometer, which has a surface area of 1 cm2, on a distinct muscles.  The patient will be asked to say 'now' when the sensation is rated as unpleasant. The pressure will be increased at a rate of 50 kPa/sec until the pPT is reached.</description>
  </primary_outcome>
  <secondary_outcome>
    <measure>Electrical Sensation Threshold (eST)</measure>
    <time_frame>&gt; 6 weeks after treatment</time_frame>
    <safety_issue>No</safety_issue>
    <description>Electrical QST will be measured using a computerized electric stimulation device delivering constant current skin stimulation via self-adhesive electrodes.
Electric sensation threshold (eST): when electric sensation is first felt.</description>
  </secondary_outcome>
  <secondary_outcome>
    <measure>Electrical Pain Threshold (ePT)</measure>
    <time_frame>&gt; 6 weeks after treatment</time_frame>
    <safety_issue>No</safety_issue>
    <description>Electrical QST will be measured using a computerized electric stimulation device delivering constant current skin stimulation via self-adhesive electrodes.
Electric pain threshold (ePT): when electric sensation is rated as unpleasant</description>
  </secondary_outcome>
  <secondary_outcome>
    <measure>Electrical Pain Tolerance Threshold (ePTT)</measure>
    <time_frame>&gt;6 weeks after treatment</time_frame>
    <safety_issue>No</safety_issue>
    <description>Electrical QST will be measured using a computerized electric stimulation device delivering constant current skin stimulation via self-adhesive electrodes.
Electric pain tolerance threshold (ePTT): when electric sensation is intolerable.</description>
  </secondary_outcome>
  <secondary_outcome>
    <measure>Electric Wind-Up Response (e-WUR)</measure>
    <time_frame>&gt; 6 weeks after treatment</time_frame>
    <safety_issue>No</safety_issue>
    <description>Electrical QST will be measured using a computerized electric stimulation device delivering constant current skin stimulation via self-adhesive electrodes.
Electric wind-up response (eWUR): rated pain after repeated stimuli</description>
  </secondary_outcome>
  <secondary_outcome>
    <measure>Visual Analogue Scale</measure>
    <time_frame>&gt; 6 weeks after treatment</time_frame>
    <safety_issue>No</safety_issue>
    <description>Patients will be asked to mark on a 100mm VAS line the average pain in a pain diary. The boundaries of these lines are &quot;no pain&quot; on the upper left site and &quot;unbearable pain&quot; on the upper right site.</description>
  </secondary_outcome>
  <other_outcome>
    <measure>Pain and Anxiety Symptom Scale (PASS)</measure>
    <time_frame>&gt; 6wks after treatment</time_frame>
    <safety_issue>No</safety_issue>
    <description>The pain anxiety symptom scale measures four aspects of pain related anxiety: 1) fear for pain, 2) cognitive anxiety, 3) flight or avoidance behavior, 4) physiological symptoms of pain. Elevated scores on this 40-item questionnaire indicate a high level of pain- related anxiety.</description>
  </other_outcome>
  <other_outcome>
    <measure>Pain Catastrophizing Scale (PCS)</measure>
    <time_frame>&gt; 6wks after treatment</time_frame>
    <safety_issue>No</safety_issue>
    <description>Pain catastrophizing affects how individuals experience pain. The PCS yields a three component solution comprising ruminating (&quot;I can ́t stop thinking about how much it hurts&quot;), magnifying (e.g. &quot;I'm afraid that something serious might happen&quot;), and helplessness (&quot;There is nothing I can do to reduce the intensity of my pain&quot;).</description>
  </other_outcome>
  <other_outcome>
    <measure>Hospital Anxiety and Depression Scale (HADS)</measure>
    <time_frame>&gt; 6wks after treatment</time_frame>
    <safety_issue>No</safety_issue>
    <description>The Hospital Anxiety and Depression Scale is a 14-item questionnaire of which 7 of the items relate to anxiety (HADS-A) and 7 to depression (HADS-D). The scoring system used is a Likert scale (0 to 3 points) and therefore the data returned is ordinal. A patient can score between 0 and 21. The HADS aims to detect emotional disorder in patients under investigation and treatment in medical and surgical departments</description>
  </other_outcome>
  <number_of_groups>2</number_of_groups>
  <enrollment type="Actual">50</enrollment>
  <condition>Anterior Cutaneous Nerve Entrapment Syndrome (ACNES)</condition>
  <arm_group>
    <arm_group_label>ACNES patients</arm_group_label>
    <description>Patients being treated in past for anterior cutaneous nerve entrapment syndrome</description>
  </arm_group>
  <arm_group>
    <arm_group_label>Healthy controls</arm_group_label>
    <description>Healthy controls</description>
  </arm_group>
  <intervention>
    <intervention_type>Other</intervention_type>
    <intervention_name>Quantitative Sensory Testing analysis</intervention_name>
    <arm_group_label>ACNES patients</arm_group_label>
    <arm_group_label>Healthy controls</arm_group_label>
  </intervention>
  <eligibility>
    <study_pop>
      <textblock>
        Study population will consist of ACNES patients that have been treated both successfully
        and refractory. The control group will consist of demographically equal healthy controls
        from an existing database
      </textblock>
    </study_pop>
    <sampling_method>Non-Probability Sample</sampling_method>
    <criteria>
      <textblock>
        Inclusion Criteria:

          1. Patient has been diagnosed with abdominal complaints, matching ACNES:

               -  Patient had a constant site of tenderness that is superficially      located
                  with a small (&lt;2cm2) area of maximal tenderness.

               -  The most intense pain could be localized with the tip of one finger.

               -  Tenderness increased by abdominal muscle tensing (Carnett's test).

          2. has been treated (successfully and unsuccessfully) for ACNES.

          3. Patient is at least 18 years old on the day the informed consent form will be signed.

          4. Patient is willing and able to comply with the trial protocol.

          5. Patient is able to speak, read and understand the local language of the
             investigational site, is familiar with the procedures of the study, and agrees to
             participate in the study program by giving oral and written informed consent prior to
             screening evaluations.

        Exclusion Criteria:

          1. Abdominal complaints were due to a condition other than ACNES (e.g. pain related to
             scar tissue).

          2. Patient has (a history of) another (chronic) pain syndrome that interferes with the
             interpretation of QST results.

          3. Patient has (a history of) Raynaud syndrome or fenomenon, or a medical disorder that
             interferes with the study measurements or may pose a risk for the patient.

          4. Patient does not feel a pinprick test to the lower extremities, due to affected
             sensory input (e.g. neuropathy as a result of diabetes mellitus).

          5. Female patient is pregnant during the course of the study.
      </textblock>
    </criteria>
    <gender>Both</gender>
    <minimum_age>18 Years</minimum_age>
    <maximum_age>N/A</maximum_age>
    <healthy_volunteers>No</healthy_volunteers>
  </eligibility>
  <overall_official>
    <last_name>H. van Goor, Prof. MD</last_name>
    <role>Principal Investigator</role>
    <affiliation>Radboud University</affiliation>
  </overall_official>
  <location>
    <facility>
      <name>Radboud University Medical Centre</name>
      <address>
        <city>Nijmegen</city>
        <country>Netherlands</country>
      </address>
    </facility>
  </location>
  <location_countries>
    <country>Netherlands</country>
  </location_countries>
  <verification_date>November 2014</verification_date>
  <lastchanged_date>November 14, 2014</lastchanged_date>
  <firstreceived_date>July 12, 2013</firstreceived_date>
  <responsible_party>
    <responsible_party_type>Sponsor</responsible_party_type>
  </responsible_party>
  <keyword>Anterior cutaneous nerve entrapment syndrome</keyword>
  <keyword>ACNES</keyword>
  <keyword>chronic abdominal wall pain</keyword>
  <keyword>CAWP</keyword>
  <is_fda_regulated>No</is_fda_regulated>
  <has_expanded_access>No</has_expanded_access>
  <condition_browse>
    <!-- CAUTION:  The following MeSH terms are assigned with an imperfect algorithm  -->
    <mesh_term>Charcot-Marie-Tooth Disease</mesh_term>
    <mesh_term>Hereditary Sensory and Motor Neuropathy</mesh_term>
    <mesh_term>Nerve Compression Syndromes</mesh_term>
    <mesh_term>Syndrome</mesh_term>
  </condition_browse>
  <!-- Results have not yet been posted for this study                                -->
</clinical_study>
