<?xml version="1.0" encoding="UTF-8"?>
<clinical_study rank="314">
  <!-- This xml conforms to an XML Schema at:
    https://clinicaltrials.gov/ct2/html/images/info/public.xsd
 and an XML DTD at:
    https://clinicaltrials.gov/ct2/html/images/info/public.dtd -->
  <required_header>
    <download_date>ClinicalTrials.gov processed this data on July 08, 2015</download_date>
    <link_text>Link to the current ClinicalTrials.gov record.</link_text>
    <url>https://clinicaltrials.gov/show/NCT01976260</url>
  </required_header>
  <id_info>
    <org_study_id>STU84041</org_study_id>
    <nct_id>NCT01976260</nct_id>
  </id_info>
  <brief_title>A Pilot Study Testing Fractional Radiofrequency Versus Fractional Photothermolysis for the Treatment of Acne Scars</brief_title>
  <official_title>A Pilot, Split-Face Randomized, Evaluator Blinded Study on the Effectiveness of a Bipolar Fractional Radiofrequency System Versus 1550-nm Fractional Photothermolysis for the Treatment of Acne Scars.</official_title>
  <sponsors>
    <lead_sponsor>
      <agency>Northwestern University</agency>
      <agency_class>Other</agency_class>
    </lead_sponsor>
  </sponsors>
  <source>Northwestern University</source>
  <oversight_info>
    <authority>United States: Institutional Review Board</authority>
    <has_dmc>Yes</has_dmc>
  </oversight_info>
  <brief_summary>
    <textblock>
      The purpose of this study is to compare the effectiveness of the ePrime fractional
      radiofrequency system to the 1550-nm fractional photothermolysis system (Fraxel) in the
      ability to improve acne scar appearance.
    </textblock>
  </brief_summary>
  <detailed_description>
    <textblock>
      Participants in this study will be patients at the dermatology clinic with icepick and
      boxcar acne scars on at least one 2 x 2 cm area on each side of face.  Subjects will be
      randomly assigned to receive fractional radiofrequency treatment to either the right or left
      side of the face and the contralateral side will receive 1550-nm fractional
      photothermolysis. Subjects will receive treatments at baseline, week 4, and week 8 for a
      total of three treatments. Follow up visits will take place at week 16, two months following
      the last treatment visit. This study is a pilot study designed to determine feasibility of
      these procedures.
    </textblock>
  </detailed_description>
  <overall_status>Recruiting</overall_status>
  <start_date>October 2013</start_date>
  <completion_date type="Anticipated">October 2015</completion_date>
  <primary_completion_date type="Anticipated">October 2015</primary_completion_date>
  <phase>N/A</phase>
  <study_type>Interventional</study_type>
  <study_design>Allocation: Randomized, Endpoint Classification: Efficacy Study, Intervention Model: Single Group Assignment, Masking: Single Blind (Outcomes Assessor), Primary Purpose: Treatment</study_design>
  <primary_outcome>
    <measure>Change in best overall cosmetic appearance (right side or left side better)rated by a blinded dermatologist from baseline to week 16</measure>
    <time_frame>1 hour at baseline and week 16</time_frame>
    <safety_issue>No</safety_issue>
    <description>The primary outcome was a blinded rating of the treatment area (Fractional Radiofrequency Versus Fractional Photothermolysis) with the best cosmetic appearance. A dermatologist will blindly evaluate the treated areas of each side from live subjects at baseline and on the final follow up visit (week 16).</description>
  </primary_outcome>
  <number_of_arms>2</number_of_arms>
  <enrollment type="Anticipated">20</enrollment>
  <condition>Cicatrix</condition>
  <arm_group>
    <arm_group_label>Fractional Radiofrequency</arm_group_label>
    <arm_group_type>Active Comparator</arm_group_type>
    <description>Subjects will be randomly assigned to receive fractional radiofrequency treatment to either the right or left side of the face and the contralateral side will receive 1550-nm fractional photothermolysis. Subjects will receive treatments at baseline, week 4, and week 8 for a total of three treatments. Follow up visits will take place at week 16, two months following the last treatment visit.</description>
  </arm_group>
  <arm_group>
    <arm_group_label>1550-nm Fractional Photothermolysis</arm_group_label>
    <arm_group_type>Active Comparator</arm_group_type>
    <description>Subjects will be randomly assigned to receive fractional radiofrequency treatment to either the right or left side of the face and the contralateral side will receive 1550-nm fractional photothermolysis. Subjects will receive treatments at baseline, week 4, and week 8 for a total of three treatments. Follow up visits will take place at week 16, two months following the last treatment visit.</description>
  </arm_group>
  <intervention>
    <intervention_type>Device</intervention_type>
    <intervention_name>Fractional Radiofrequency</intervention_name>
    <arm_group_label>Fractional Radiofrequency</arm_group_label>
    <other_name>ePrime</other_name>
  </intervention>
  <intervention>
    <intervention_type>Device</intervention_type>
    <intervention_name>1550-nm Fractional Photothermolysis</intervention_name>
    <arm_group_label>1550-nm Fractional Photothermolysis</arm_group_label>
    <other_name>Fraxel</other_name>
  </intervention>
  <eligibility>
    <criteria>
      <textblock>
        Inclusion Criteria:

          1. Subjects age 18 years and older.

          2. Subjects with bilateral 2x2 cm areas of ice pick and/or boxcar acne scars on their
             face.

          3. Subjects are in good health.

          4. Subjects have the willingness and the ability to understand and provide informed
             consent and communicate with the investigator.

        Exclusion Criteria:

          1. Subjects who have received injectable soft-tissue augmentation materials to the face,
             or facial ablative resurfacing, within the past 6 months.

          2. Subjects who have received injectable botulinum toxin to the face, or any nonablative
             laser treatment to the face, within the past 3 months.

          3. Subjects who have local infections, open facial wounds, or other significant local
             skin disease that would interfere with acne scar treatment with energy devices.

          4. Subjects who are allergic to lidocaine or prilocaine.

          5. Subjects who have a history of abnormal scarring in the treatment area, such as
             keloid scar formation.

          6. Subjects who have ectropion or or other eyelid disfigurement.

          7. Subjects who have a history of isotretinoin use in the preceding year.

          8. Pregnant or lactating individuals.
      </textblock>
    </criteria>
    <gender>Both</gender>
    <minimum_age>18 Years</minimum_age>
    <maximum_age>65 Years</maximum_age>
    <healthy_volunteers>Accepts Healthy Volunteers</healthy_volunteers>
  </eligibility>
  <overall_official>
    <last_name>Murad Alam, MD</last_name>
    <role>Principal Investigator</role>
    <affiliation>Northwestern University</affiliation>
  </overall_official>
  <overall_contact>
    <last_name>Emily Poon, PhD</last_name>
    <phone>312-695-4761</phone>
    <email>nufsm-dermatology@northwestern.edu</email>
  </overall_contact>
  <location>
    <facility>
      <name>Northwestern University Department of Dermatology</name>
      <address>
        <city>Chicago</city>
        <state>Illinois</state>
        <zip>60611</zip>
        <country>United States</country>
      </address>
    </facility>
    <status>Recruiting</status>
    <contact>
      <last_name>Emily Poon, PhD</last_name>
      <phone>312-695-4761</phone>
      <email>nufsm-dermatology@northwestern.edu</email>
    </contact>
    <investigator>
      <last_name>Murad Alam, MD</last_name>
      <role>Principal Investigator</role>
    </investigator>
  </location>
  <location_countries>
    <country>United States</country>
  </location_countries>
  <verification_date>July 2015</verification_date>
  <lastchanged_date>July 8, 2015</lastchanged_date>
  <firstreceived_date>October 15, 2013</firstreceived_date>
  <responsible_party>
    <responsible_party_type>Principal Investigator</responsible_party_type>
    <investigator_affiliation>Northwestern University</investigator_affiliation>
    <investigator_full_name>Murad Alam</investigator_full_name>
    <investigator_title>Professor in Dermatology, Otolaryngology - Head and Neck Surgery, and Surgery-Organ Transplantation</investigator_title>
  </responsible_party>
  <is_fda_regulated>No</is_fda_regulated>
  <has_expanded_access>No</has_expanded_access>
  <!-- Results have not yet been posted for this study                                -->
</clinical_study>
