<?xml version="1.0" encoding="UTF-8"?>
<clinical_study rank="63">
  <!-- This xml conforms to an XML Schema at:
    https://clinicaltrials.gov/ct2/html/images/info/public.xsd
 and an XML DTD at:
    https://clinicaltrials.gov/ct2/html/images/info/public.dtd -->
  <required_header>
    <download_date>ClinicalTrials.gov processed this data on July 08, 2015</download_date>
    <link_text>Link to the current ClinicalTrials.gov record.</link_text>
    <url>https://clinicaltrials.gov/show/NCT01245946</url>
  </required_header>
  <id_info>
    <org_study_id>10-146</org_study_id>
    <nct_id>NCT01245946</nct_id>
  </id_info>
  <brief_title>Photodynamic Therapy Compared to Adapalene 0.1% Gel Plus Doxycycline in the Treatment of Acne Vulgaris</brief_title>
  <official_title>Efficacy Comparison Study of Topical Aminolaevulinic Acid-Photodynamic Therapy Versus Adapalene Gel 0.1% Plus Doxycycline for Treatment of Moderate Acne Vulgaris. Randomized, Simple Blind, Controlled Trial.</official_title>
  <sponsors>
    <lead_sponsor>
      <agency>Pontificia Universidad Catolica de Chile</agency>
      <agency_class>Other</agency_class>
    </lead_sponsor>
  </sponsors>
  <source>Pontificia Universidad Catolica de Chile</source>
  <oversight_info>
    <authority>Chile: Pontificia Universidad Católica de Chile</authority>
    <has_dmc>Yes</has_dmc>
  </oversight_info>
  <brief_summary>
    <textblock>
      -  Acne vulgaris is a common inflammatory skin disease that affects more than 85% of teens
           and some people may continue throughout adulthood.

        -  Topical retinoids related to oral antibiotics are considered first-line treatment of
           moderate inflammatory acne.

        -  Recently, photodynamic therapy (PDT) with a photosensitizer, 5-aminolevulinic acid
           (ALA) or methyl aminolevulinate (MAL), has proven useful in the management of
           inflammatory acne. Although progress has been made in the study of photodynamic therapy
           for acne, to date, no study has compared PDT with standard and well-validated
           pharmaceutical treatments and with the current recommended therapy for most types of
           acne combination therapy with a topical retinoid plus one or more antimicrobial agents.

      Hypothesis

        -  PDT with the photosensitizer ALA will be effective and safe for the treatment of
           moderate facial inflammatory acne.

        -  The ALA-PDT is more effective than conventional therapy with oral antibiotics and
           topical retinoids in the treatment of moderate inflammatory acne with faster action at
           12 weeks of follow-up.
    </textblock>
  </brief_summary>
  <detailed_description>
    <textblock>
      -  There will be a randomized, controlled, single blind comparison study of PDT with
           5-aminolevulinic acid (ALA) 20% versus conventional therapy consisting of topical 0.1%
           adapalene plus doxycycline 100 mg/day orally in patients with moderate inflammatory
           acne.

        -  Be sought from all patients written informed consent prior to study entry.

        -  For sample size calculation, we assumed that the correlation is the same in both groups
           and is relatively low (0.01), the number of lesions per subject is equal in both groups
           with a mean of 100 and low variance, which take 1 control per case and that. Whereas
           the percentage of improvement in the control group is 0.6 and expected in the treatment
           group is 0.7 yields a sample size of 23 patients in the treatment group and 23 new
           controls.

      Interventions:

      Patients will be randomized to receive:

        1. ALA-PDT: In 23 patients applied 20% ALA solution in the affected area for 1.5 hours.
           Subsequently irradiated with noncoherent red light (lamp Waldmann PDT 1200; wavelength
           590-700 nm) with irradiance of 70 mW/cm2 and total dose or fluence of 37 J/cm2 for 7-9
           minutes. From the sixth week will begin nightly topical adapalene 0.1% gel.

        2. Standard therapy:

      In 23 patients applied topical adapalene 0.1% gel at night for 12 weeks plus doxycycline 100
      mg / day for 6 weeks.
    </textblock>
  </detailed_description>
  <overall_status>Completed</overall_status>
  <start_date>October 2010</start_date>
  <completion_date type="Actual">May 2011</completion_date>
  <primary_completion_date type="Actual">May 2011</primary_completion_date>
  <phase>Phase 2</phase>
  <study_type>Interventional</study_type>
  <study_design>Allocation: Randomized, Endpoint Classification: Efficacy Study, Intervention Model: Parallel Assignment, Masking: Single Blind (Outcomes Assessor), Primary Purpose: Treatment</study_design>
  <primary_outcome>
    <measure>Lesion counts</measure>
    <time_frame>Twelve weeks</time_frame>
    <safety_issue>No</safety_issue>
    <description>Be conducted by an investigator blinded to the interventions, count of inflammatory and non-inflammatory acne lesions at the start of treatment and controls at the sixth and twelfth week.</description>
  </primary_outcome>
  <secondary_outcome>
    <measure>Photographic scores, quality of life, adherence to treatment and global severity of acne</measure>
    <time_frame>Twelve weeks</time_frame>
    <safety_issue>No</safety_issue>
    <description>The researchers will make assessment of the quality of life, adherence to treatment, global severity of acne and scars and blemishes record at the beginning and end of the study (12 weeks).</description>
  </secondary_outcome>
  <number_of_arms>2</number_of_arms>
  <enrollment type="Actual">46</enrollment>
  <condition>Acne</condition>
  <arm_group>
    <arm_group_label>Photodynamic therapy</arm_group_label>
    <arm_group_type>Experimental</arm_group_type>
  </arm_group>
  <arm_group>
    <arm_group_label>Conventional therapy</arm_group_label>
    <arm_group_type>Experimental</arm_group_type>
  </arm_group>
  <intervention>
    <intervention_type>Procedure</intervention_type>
    <intervention_name>Photodynamic therapy</intervention_name>
    <description>Photodynamic therapy: 2 sessions separated by 2 weeks of TDF with topical ALA20% for 1.5 hrs, then irradiated with red light (Waldmann lamp) at a fluence of 37 J/cm2 for 7-9 minutes. From the sixth week will begin adapalene 0.1% gel until 12 weeks</description>
    <arm_group_label>Photodynamic therapy</arm_group_label>
    <other_name>PDT</other_name>
  </intervention>
  <intervention>
    <intervention_type>Drug</intervention_type>
    <intervention_name>Conventional therapy</intervention_name>
    <description>Conventional therapy: Topical adapalene gel 0.1% at night for 12 weeks plus doxycycline 100 mg / day for 6 weeks.</description>
    <arm_group_label>Conventional therapy</arm_group_label>
    <other_name>Adapalene plus doxycycline</other_name>
  </intervention>
  <eligibility>
    <criteria>
      <textblock>
        Inclusion Criteria:

          -  Men and women between 18 and 30 years of age with moderate inflammatory acne

        Exclusion Criteria:

          -  Those who have received any treatment for acne either topic in the last 3 months
             before and systemic (including ACO started) in the last 6 months of the study.

          -  Patients who are pregnant or breastfeeding.

          -  Patients with history of photosensitivity or autoimmune disease.

          -  Patients with a history or active TB disease or HIV.

          -  Patient refusal to participate in the study.
      </textblock>
    </criteria>
    <gender>Both</gender>
    <minimum_age>18 Years</minimum_age>
    <maximum_age>30 Years</maximum_age>
    <healthy_volunteers>No</healthy_volunteers>
  </eligibility>
  <overall_official>
    <last_name>Ariel Hasson, MD</last_name>
    <role>Study Chair</role>
    <affiliation>Dermatology department, Pontificia Universidad Católica de Chile</affiliation>
  </overall_official>
  <location>
    <facility>
      <name>Departamento de dermatología, Centro Médico San Joaquín, Pontificia Universidad Católica de Chile</name>
      <address>
        <city>Santiago</city>
        <state>San Joaquín</state>
        <zip>1234</zip>
        <country>Chile</country>
      </address>
    </facility>
  </location>
  <location_countries>
    <country>Chile</country>
  </location_countries>
  <verification_date>November 2010</verification_date>
  <lastchanged_date>May 31, 2011</lastchanged_date>
  <firstreceived_date>November 22, 2010</firstreceived_date>
  <responsible_party>
    <name_title>Claudia Nicklas D, Department of Dermatology, Pontificia Universidad Católica de Chile</name_title>
    <organization>Pontificia Universidad Católica de Chile</organization>
  </responsible_party>
  <keyword>Acne moderate</keyword>
  <keyword>Photodynamic Therapy</keyword>
  <keyword>Topical retinoids</keyword>
  <keyword>Antimicrobial agents</keyword>
  <is_fda_regulated>No</is_fda_regulated>
  <has_expanded_access>No</has_expanded_access>
  <condition_browse>
    <!-- CAUTION:  The following MeSH terms are assigned with an imperfect algorithm  -->
    <mesh_term>Acne Vulgaris</mesh_term>
  </condition_browse>
  <intervention_browse>
    <!-- CAUTION:  The following MeSH terms are assigned with an imperfect algorithm  -->
    <mesh_term>Adapalene</mesh_term>
    <mesh_term>Doxycycline</mesh_term>
  </intervention_browse>
  <!-- Results have not yet been posted for this study                                -->
</clinical_study>
