<?xml version="1.0" encoding="UTF-8"?>
<clinical_study rank="241">
  <!-- This xml conforms to an XML Schema at:
    https://clinicaltrials.gov/ct2/html/images/info/public.xsd
 and an XML DTD at:
    https://clinicaltrials.gov/ct2/html/images/info/public.dtd -->
  <required_header>
    <download_date>ClinicalTrials.gov processed this data on July 08, 2015</download_date>
    <link_text>Link to the current ClinicalTrials.gov record.</link_text>
    <url>https://clinicaltrials.gov/show/NCT02307266</url>
  </required_header>
  <id_info>
    <org_study_id>RD.03.SPR.102710</org_study_id>
    <nct_id>NCT02307266</nct_id>
  </id_info>
  <brief_title>Patient Education in Adherence on Acne (PEAce)</brief_title>
  <official_title>Effect of Patient Education on Treatment Adherence and Satisfaction Among Acne Patients Receiving Once-daily Epiduo Gel Treatment in Primary Care Clinics</official_title>
  <sponsors>
    <lead_sponsor>
      <agency>Galderma</agency>
      <agency_class>Industry</agency_class>
    </lead_sponsor>
  </sponsors>
  <source>Galderma</source>
  <oversight_info>
    <authority>United Kingdom: Medicines and Healthcare Products Regulatory Agency</authority>
    <has_dmc>No</has_dmc>
  </oversight_info>
  <brief_summary>
    <textblock>
      This is a multi-center, randomised and controlled study in subjects with acne vulgaris. The
      main objective of this study is to evaluate the effect of a supplementary patient education
      intervention (in addition to the standard-of-care patient education) on treatment adherence
      and satisfaction among acne patients receiving once-daily EpiduoTM gel treatment in primary
      care clinics.
    </textblock>
  </brief_summary>
  <overall_status>Recruiting</overall_status>
  <start_date>November 2014</start_date>
  <completion_date type="Anticipated">June 2015</completion_date>
  <primary_completion_date type="Anticipated">June 2015</primary_completion_date>
  <phase>Phase 4</phase>
  <study_type>Interventional</study_type>
  <study_design>Allocation: Randomized, Intervention Model: Parallel Assignment, Masking: Open Label, Primary Purpose: Health Services Research</study_design>
  <primary_outcome>
    <measure>Rate of adherence, as assessed by Medical Event Monitoring System (MEMS)</measure>
    <time_frame>week 12</time_frame>
    <safety_issue>No</safety_issue>
  </primary_outcome>
  <number_of_arms>3</number_of_arms>
  <enrollment type="Anticipated">90</enrollment>
  <condition>Acne</condition>
  <arm_group>
    <arm_group_label>supplementary education</arm_group_label>
    <arm_group_type>Experimental</arm_group_type>
    <description>Subjects will receive supplementary patient educational material in addition to standard-of-care instructions.</description>
  </arm_group>
  <arm_group>
    <arm_group_label>no supplementary education</arm_group_label>
    <arm_group_type>Experimental</arm_group_type>
    <description>Subjects will receive standard-of-care instructions only.</description>
  </arm_group>
  <arm_group>
    <arm_group_label>additional visits</arm_group_label>
    <arm_group_type>Experimental</arm_group_type>
    <description>Subjects will receive standard-of-care instructions, and two additional clinical visits.</description>
  </arm_group>
  <intervention>
    <intervention_type>Behavioral</intervention_type>
    <intervention_name>supplementary education</intervention_name>
    <arm_group_label>supplementary education</arm_group_label>
  </intervention>
  <intervention>
    <intervention_type>Behavioral</intervention_type>
    <intervention_name>additional visits</intervention_name>
    <arm_group_label>additional visits</arm_group_label>
  </intervention>
  <intervention>
    <intervention_type>Behavioral</intervention_type>
    <intervention_name>no supplementary education</intervention_name>
    <arm_group_label>no supplementary education</arm_group_label>
  </intervention>
  <eligibility>
    <criteria>
      <textblock>
        Inclusion Criteria:

          1. Male or female subjects age of 12 years or older,

          2. With facial acne vulgaris that can be managed in primary care

        Exclusion Criteria:

          1. Female subjects who are pregnant, nursing or planning a pregnancy during the study,

          2. Subjects have a very severe variant of acne such as fulminating acne with systemic
             symptoms (acne fulminans)
      </textblock>
    </criteria>
    <gender>Both</gender>
    <minimum_age>12 Years</minimum_age>
    <maximum_age>N/A</maximum_age>
    <healthy_volunteers>No</healthy_volunteers>
  </eligibility>
  <overall_contact>
    <last_name>May Ma, Ph.D</last_name>
    <phone>+33 4 92 38 67 33</phone>
    <email>may.ma@galderma.com</email>
  </overall_contact>
  <location>
    <facility>
      <name>Swan Lane Medical Centre</name>
      <address>
        <city>Bolton</city>
        <country>United Kingdom</country>
      </address>
    </facility>
    <status>Not yet recruiting</status>
    <contact>
      <last_name>Paul Nixon</last_name>
    </contact>
  </location>
  <location>
    <facility>
      <name>Burbage Surgery</name>
      <address>
        <city>Burbage</city>
        <country>United Kingdom</country>
      </address>
    </facility>
    <status>Not yet recruiting</status>
    <contact>
      <last_name>Wayne Turner</last_name>
    </contact>
  </location>
  <location>
    <facility>
      <name>South Axholme Practice</name>
      <address>
        <city>Epworth</city>
        <country>United Kingdom</country>
      </address>
    </facility>
    <status>Recruiting</status>
    <contact>
      <last_name>Richard Falk</last_name>
    </contact>
  </location>
  <location>
    <facility>
      <name>Dr Moss and Partners</name>
      <address>
        <city>Harrogate</city>
        <country>United Kingdom</country>
      </address>
    </facility>
    <status>Not yet recruiting</status>
    <contact>
      <last_name>Nick Taylor</last_name>
    </contact>
  </location>
  <location>
    <facility>
      <name>Barlow Medical Centre</name>
      <address>
        <city>Manchester</city>
        <country>United Kingdom</country>
      </address>
    </facility>
    <status>Not yet recruiting</status>
    <contact>
      <last_name>See Kwok</last_name>
    </contact>
  </location>
  <location>
    <facility>
      <name>Leicester Terrace Health Care Centre</name>
      <address>
        <city>Northampton</city>
        <country>United Kingdom</country>
      </address>
    </facility>
    <status>Not yet recruiting</status>
    <contact>
      <last_name>Devi Srinivasan</last_name>
    </contact>
  </location>
  <location>
    <facility>
      <name>University of Nottingham Health Service</name>
      <address>
        <city>Nottingham</city>
        <country>United Kingdom</country>
      </address>
    </facility>
    <status>Not yet recruiting</status>
    <contact>
      <last_name>Simon Royal</last_name>
    </contact>
  </location>
  <location>
    <facility>
      <name>Rothwell and Desborough Healthcare Group</name>
      <address>
        <city>Rothwell</city>
        <country>United Kingdom</country>
      </address>
    </facility>
    <status>Not yet recruiting</status>
    <contact>
      <last_name>Tim Myhill</last_name>
    </contact>
  </location>
  <location>
    <facility>
      <name>Albany House Medical Centre</name>
      <address>
        <city>Wellingborough</city>
        <country>United Kingdom</country>
      </address>
    </facility>
    <status>Not yet recruiting</status>
    <contact>
      <last_name>Warwich Coulson</last_name>
    </contact>
  </location>
  <location>
    <facility>
      <name>Whitby Group Practice</name>
      <address>
        <city>Whitby</city>
        <country>United Kingdom</country>
      </address>
    </facility>
    <status>Not yet recruiting</status>
    <contact>
      <last_name>Terry McCormack</last_name>
    </contact>
  </location>
  <location_countries>
    <country>United Kingdom</country>
  </location_countries>
  <verification_date>December 2014</verification_date>
  <lastchanged_date>December 1, 2014</lastchanged_date>
  <firstreceived_date>November 26, 2014</firstreceived_date>
  <responsible_party>
    <responsible_party_type>Sponsor</responsible_party_type>
  </responsible_party>
  <is_fda_regulated>No</is_fda_regulated>
  <has_expanded_access>No</has_expanded_access>
  <!-- Results have not yet been posted for this study                                -->
</clinical_study>
