<?xml version="1.0" encoding="UTF-8"?>
<clinical_study rank="216">
  <!-- This xml conforms to an XML Schema at:
    https://clinicaltrials.gov/ct2/html/images/info/public.xsd
 and an XML DTD at:
    https://clinicaltrials.gov/ct2/html/images/info/public.dtd -->
  <required_header>
    <download_date>ClinicalTrials.gov processed this data on July 08, 2015</download_date>
    <link_text>Link to the current ClinicalTrials.gov record.</link_text>
    <url>https://clinicaltrials.gov/show/NCT00666900</url>
  </required_header>
  <id_info>
    <org_study_id>DPSI-IDP-107-P2-01</org_study_id>
    <nct_id>NCT00666900</nct_id>
  </id_info>
  <brief_title>A Clinical Study Evaluating the Safety and Efficacy of IDP-107 in Patients With Acne Vulgaris</brief_title>
  <official_title>A Phase 2, Multicenter, Randomized, Double-Blind, Dose-Ranging Study to Evaluate IDP-107 Versus Placebo in the Treatment of Severe Acne Vulgaris With Nodules</official_title>
  <sponsors>
    <lead_sponsor>
      <agency>Dow Pharmaceutical Sciences</agency>
      <agency_class>Industry</agency_class>
    </lead_sponsor>
  </sponsors>
  <source>Dow Pharmaceutical Sciences</source>
  <oversight_info>
    <authority>United States: Food and Drug Administration</authority>
    <has_dmc>No</has_dmc>
  </oversight_info>
  <brief_summary>
    <textblock>
      The purpose of this study is to assess the safety and effectiveness of IDP-107 in treating
      patients with acne vulgaris.
    </textblock>
  </brief_summary>
  <overall_status>Completed</overall_status>
  <start_date>January 2008</start_date>
  <completion_date type="Actual">September 2009</completion_date>
  <primary_completion_date type="Actual">March 2009</primary_completion_date>
  <phase>Phase 2</phase>
  <study_type>Interventional</study_type>
  <study_design>Allocation: Randomized, Endpoint Classification: Safety/Efficacy Study, Intervention Model: Parallel Assignment, Masking: Double Blind (Subject, Investigator), Primary Purpose: Treatment</study_design>
  <primary_outcome>
    <measure>Change from baseline in the number of inflammatory lesions</measure>
    <time_frame>12 weeks</time_frame>
    <safety_issue>No</safety_issue>
  </primary_outcome>
  <primary_outcome>
    <measure>Improvement from baseline in global severity</measure>
    <time_frame>12 weeks</time_frame>
    <safety_issue>No</safety_issue>
  </primary_outcome>
  <secondary_outcome>
    <measure>Change from baseline in the number of non-inflammatory lesions</measure>
    <time_frame>12 weeks</time_frame>
    <safety_issue>No</safety_issue>
  </secondary_outcome>
  <number_of_arms>3</number_of_arms>
  <enrollment type="Actual">366</enrollment>
  <condition>Acne Vulgaris</condition>
  <arm_group>
    <arm_group_label>1</arm_group_label>
    <arm_group_type>Experimental</arm_group_type>
  </arm_group>
  <arm_group>
    <arm_group_label>2</arm_group_label>
    <arm_group_type>Experimental</arm_group_type>
  </arm_group>
  <arm_group>
    <arm_group_label>3</arm_group_label>
    <arm_group_type>Placebo Comparator</arm_group_type>
  </arm_group>
  <intervention>
    <intervention_type>Drug</intervention_type>
    <intervention_name>Low Strength IDP-107</intervention_name>
    <description>Once a day for 12 weeks</description>
    <arm_group_label>1</arm_group_label>
  </intervention>
  <intervention>
    <intervention_type>Drug</intervention_type>
    <intervention_name>High Strength IDP-107</intervention_name>
    <description>Once a day for 12 weeks</description>
    <arm_group_label>2</arm_group_label>
  </intervention>
  <intervention>
    <intervention_type>Drug</intervention_type>
    <intervention_name>Placebo Comparator</intervention_name>
    <description>Once a day for 12 weeks</description>
    <arm_group_label>3</arm_group_label>
  </intervention>
  <eligibility>
    <criteria>
      <textblock>
        Inclusion Criteria:

          -  Presence of inflammatory and non-inflammatory lesions

        Exclusion Criteria:

          -  Dermatological conditions of the face that could interfere with clinical evaluations

          -  Female subjects who are pregnant, nursing, planning a pregnancy, or become pregnant
             during the study
      </textblock>
    </criteria>
    <gender>Both</gender>
    <minimum_age>12 Years</minimum_age>
    <maximum_age>N/A</maximum_age>
    <healthy_volunteers>No</healthy_volunteers>
  </eligibility>
  <location>
    <facility>
      <name>Burke Pharmaceutical Research</name>
      <address>
        <city>Hot Springs</city>
        <state>Arkansas</state>
        <zip>71913</zip>
        <country>United States</country>
      </address>
    </facility>
  </location>
  <location>
    <facility>
      <name>Dermatology Research of Arkansas, PLLC</name>
      <address>
        <city>Little Rock</city>
        <state>Arkansas</state>
        <zip>72205</zip>
        <country>United States</country>
      </address>
    </facility>
  </location>
  <location>
    <facility>
      <name>RADY Children's Hospital - San Diego</name>
      <address>
        <city>San Diego</city>
        <state>California</state>
        <zip>92123</zip>
        <country>United States</country>
      </address>
    </facility>
  </location>
  <location>
    <facility>
      <name>Clinical Science Institute</name>
      <address>
        <city>Santa Monica</city>
        <state>California</state>
        <zip>90404</zip>
        <country>United States</country>
      </address>
    </facility>
  </location>
  <location>
    <facility>
      <name>Solano Clinical Research</name>
      <address>
        <city>Vallejo</city>
        <state>California</state>
        <zip>94589</zip>
        <country>United States</country>
      </address>
    </facility>
  </location>
  <location>
    <facility>
      <name>Cherry Creek Research, Inc.</name>
      <address>
        <city>Denver</city>
        <state>Colorado</state>
        <zip>80209</zip>
        <country>United States</country>
      </address>
    </facility>
  </location>
  <location>
    <facility>
      <name>FXM Research Corp.</name>
      <address>
        <city>Miami</city>
        <state>Florida</state>
        <zip>33175</zip>
        <country>United States</country>
      </address>
    </facility>
  </location>
  <location>
    <facility>
      <name>Michigan Center for Skin Care Research</name>
      <address>
        <city>Clinton Township</city>
        <state>Michigan</state>
        <zip>48038</zip>
        <country>United States</country>
      </address>
    </facility>
  </location>
  <location>
    <facility>
      <name>Hamzavi Dermatology</name>
      <address>
        <city>Fort Gratiot</city>
        <state>Michigan</state>
        <zip>48059</zip>
        <country>United States</country>
      </address>
    </facility>
  </location>
  <location>
    <facility>
      <name>Minnesota Clinical Study Center</name>
      <address>
        <city>Fridley</city>
        <state>Minnesota</state>
        <zip>55432</zip>
        <country>United States</country>
      </address>
    </facility>
  </location>
  <location>
    <facility>
      <name>Skin Specialist, PC</name>
      <address>
        <city>Omaha</city>
        <state>Nebraska</state>
        <zip>68144</zip>
        <country>United States</country>
      </address>
    </facility>
  </location>
  <location>
    <facility>
      <name>Academic Dermatology Associates</name>
      <address>
        <city>Albuquerque</city>
        <state>New Mexico</state>
        <zip>87106</zip>
        <country>United States</country>
      </address>
    </facility>
  </location>
  <location>
    <facility>
      <name>Dermatology Associates of Rochester</name>
      <address>
        <city>Rochester</city>
        <state>New York</state>
        <zip>14623</zip>
        <country>United States</country>
      </address>
    </facility>
  </location>
  <location>
    <facility>
      <name>DermResearchCenter of New York, Inc.</name>
      <address>
        <city>Stony Brook</city>
        <state>New York</state>
        <zip>11790</zip>
        <country>United States</country>
      </address>
    </facility>
  </location>
  <location>
    <facility>
      <name>University of North Carolina Hospitals and School of Medicine</name>
      <address>
        <city>Chapel Hill</city>
        <state>North Carolina</state>
        <zip>27599</zip>
        <country>United States</country>
      </address>
    </facility>
  </location>
  <location>
    <facility>
      <name>University of Oklahoma Health Sciences Center</name>
      <address>
        <city>Oklahoma City</city>
        <state>Oklahoma</state>
        <zip>73104</zip>
        <country>United States</country>
      </address>
    </facility>
  </location>
  <location>
    <facility>
      <name>Oregon Dermatology and Research Center</name>
      <address>
        <city>Portland</city>
        <state>Oregon</state>
        <zip>97210</zip>
        <country>United States</country>
      </address>
    </facility>
  </location>
  <location>
    <facility>
      <name>Arlington Research Center, Inc.</name>
      <address>
        <city>Arlington</city>
        <state>Texas</state>
        <zip>76011</zip>
        <country>United States</country>
      </address>
    </facility>
  </location>
  <location>
    <facility>
      <name>DermResearch, Inc.</name>
      <address>
        <city>Austin</city>
        <state>Texas</state>
        <zip>78759</zip>
        <country>United States</country>
      </address>
    </facility>
  </location>
  <location>
    <facility>
      <name>J &amp; S Studies, Inc.</name>
      <address>
        <city>Bryan</city>
        <state>Texas</state>
        <zip>77802</zip>
        <country>United States</country>
      </address>
    </facility>
  </location>
  <location>
    <facility>
      <name>The Center for Skin Research</name>
      <address>
        <city>Houston</city>
        <state>Texas</state>
        <zip>77056</zip>
        <country>United States</country>
      </address>
    </facility>
  </location>
  <location>
    <facility>
      <name>South Valley Dermatology</name>
      <address>
        <city>West Jordan</city>
        <state>Utah</state>
        <zip>84088</zip>
        <country>United States</country>
      </address>
    </facility>
  </location>
  <location>
    <facility>
      <name>Virginia Clinical Research, Inc.</name>
      <address>
        <city>Norfolk</city>
        <state>Virginia</state>
        <zip>23507</zip>
        <country>United States</country>
      </address>
    </facility>
  </location>
  <location>
    <facility>
      <name>Premier Clinical Research</name>
      <address>
        <city>Spokane</city>
        <state>Washington</state>
        <zip>99204</zip>
        <country>United States</country>
      </address>
    </facility>
  </location>
  <location>
    <facility>
      <name>Madison Skin &amp; Research, Inc.</name>
      <address>
        <city>Madison</city>
        <state>Wisconsin</state>
        <zip>53719</zip>
        <country>United States</country>
      </address>
    </facility>
  </location>
  <location_countries>
    <country>United States</country>
  </location_countries>
  <verification_date>February 2012</verification_date>
  <lastchanged_date>February 16, 2012</lastchanged_date>
  <firstreceived_date>April 23, 2008</firstreceived_date>
  <responsible_party>
    <responsible_party_type>Sponsor</responsible_party_type>
  </responsible_party>
  <is_fda_regulated>Yes</is_fda_regulated>
  <is_section_801>Yes</is_section_801>
  <has_expanded_access>No</has_expanded_access>
  <condition_browse>
    <!-- CAUTION:  The following MeSH terms are assigned with an imperfect algorithm  -->
    <mesh_term>Acne Vulgaris</mesh_term>
  </condition_browse>
  <!-- Results have not yet been posted for this study                                -->
</clinical_study>
