<?xml version="1.0" encoding="UTF-8"?>
<clinical_study rank="157">
  <!-- This xml conforms to an XML Schema at:
    https://clinicaltrials.gov/ct2/html/images/info/public.xsd
 and an XML DTD at:
    https://clinicaltrials.gov/ct2/html/images/info/public.dtd -->
  <required_header>
    <download_date>ClinicalTrials.gov processed this data on July 08, 2015</download_date>
    <link_text>Link to the current ClinicalTrials.gov record.</link_text>
    <url>https://clinicaltrials.gov/show/NCT01769664</url>
  </required_header>
  <id_info>
    <org_study_id>CLBG 1209</org_study_id>
    <nct_id>NCT01769664</nct_id>
  </id_info>
  <brief_title>A Study Comparing Clindamycin 1%/Benzoyl Peroxide 5% Topical Gel to Duac® Topical Gel in the Treatment of Acne Vulgaris</brief_title>
  <official_title>A Randomized, Double-Blind, Multiple-Site, Placebo-Controlled, Parallel Design Study Comparing Clindamycin 1%/Benzoyl Peroxide 5% Topical Gel (Taro Pharmaceuticals Inc.) to Duac® Topical Gel Clindamycin 1%/Benzoyl Peroxide 5% (Stiefel) in the Treatment of Acne Vulgaris</official_title>
  <sponsors>
    <lead_sponsor>
      <agency>Taro Pharmaceuticals USA</agency>
      <agency_class>Industry</agency_class>
    </lead_sponsor>
  </sponsors>
  <source>Taro Pharmaceuticals USA</source>
  <oversight_info>
    <authority>United States: Food and Drug Administration</authority>
    <has_dmc>No</has_dmc>
  </oversight_info>
  <brief_summary>
    <textblock>
      The objective of this study is to compare the relative efficacy and safety of the test
      formulation Clindamycin 1%/Benzoyl Peroxide 5% Topical Gel (Taro Pharmaceuticals Inc.) to
      the marketed formulation Duac® Topical Gel (Clindamycin 1%/Benzoyl Peroxide 5%) (Stiefel) in
      the treatment of the inflamed lesions of acne vulgaris. Both the test and reference
      formulations will also be compared to a placebo formulation to test for superiority.
    </textblock>
  </brief_summary>
  <overall_status>Completed</overall_status>
  <start_date>September 2012</start_date>
  <completion_date type="Actual">August 2013</completion_date>
  <primary_completion_date type="Actual">June 2013</primary_completion_date>
  <phase>Phase 1</phase>
  <study_type>Interventional</study_type>
  <study_design>Allocation: Randomized, Endpoint Classification: Safety/Efficacy Study, Intervention Model: Parallel Assignment, Masking: Double Blind (Subject, Investigator), Primary Purpose: Treatment</study_design>
  <primary_outcome>
    <measure>Bioequivalence of test gel to reference gel</measure>
    <time_frame>Week 11 (study day 77)</time_frame>
    <safety_issue>No</safety_issue>
    <description>Bioequivalence will be determined by evaluating the mean percent change from baseline to week 11 in the number of inflammatory lesions.</description>
  </primary_outcome>
  <secondary_outcome>
    <measure>Superiority against placebo</measure>
    <time_frame>Week 11 (study day 77)</time_frame>
    <safety_issue>No</safety_issue>
    <description>The superiority of the test and reference against the placebo will be tested for the mean percent reduction in inflamed lesion count at week 11.</description>
  </secondary_outcome>
  <number_of_arms>3</number_of_arms>
  <enrollment type="Actual">650</enrollment>
  <condition>Acne Vulgaris</condition>
  <arm_group>
    <arm_group_label>Clindamycin 1%/Benzoyl Peroxide 5% Topical Gel</arm_group_label>
    <arm_group_type>Experimental</arm_group_type>
    <description>Clindamycin 1%/Benzoyl Peroxide 5% Topical Gel (Taro Pharmaceuticals Inc.)</description>
  </arm_group>
  <arm_group>
    <arm_group_label>Duac® Topical Gel</arm_group_label>
    <arm_group_type>Active Comparator</arm_group_type>
    <description>Duac® (Clindamycin 1%/Benzoyl Peroxide 5%) Topical Gel (Stiefel)</description>
  </arm_group>
  <arm_group>
    <arm_group_label>Placebo Topical Gel</arm_group_label>
    <arm_group_type>Placebo Comparator</arm_group_type>
    <description>Placebo (Vehicle) Topical Gel (Taro Pharmaceuticals Inc.)</description>
  </arm_group>
  <intervention>
    <intervention_type>Drug</intervention_type>
    <intervention_name>Clindamycin 1%/Benzoyl Peroxide 5% Topical Gel</intervention_name>
    <description>Clindamycin 1%/Benzoyl Peroxide 5% Topical Gel (Taro Pharmaceuticals Inc.) applied once a day in the evening for 77 days (11 weeks)</description>
    <arm_group_label>Clindamycin 1%/Benzoyl Peroxide 5% Topical Gel</arm_group_label>
  </intervention>
  <intervention>
    <intervention_type>Drug</intervention_type>
    <intervention_name>Duac® Topical Gel</intervention_name>
    <description>Duac® (Clindamycin 1%/Benzoyl Peroxide 5%) Topical Gel (Stiefel) applied once a day in the evening for 77 days (11 weeks)</description>
    <arm_group_label>Duac® Topical Gel</arm_group_label>
  </intervention>
  <intervention>
    <intervention_type>Drug</intervention_type>
    <intervention_name>Placebo Topical Gel</intervention_name>
    <description>Placebo (Vehicle) Topical Gel (Taro Pharmaceuticals Inc.) applied once a day in the evening for 77 days (11 weeks)</description>
    <arm_group_label>Placebo Topical Gel</arm_group_label>
  </intervention>
  <eligibility>
    <criteria>
      <textblock>
        Inclusion Criteria:

          -  Male or non-pregnant, non-lactating female, between 12 and  40 years of age with a
             clinical diagnosis of acne vulgaris.

          -  Signed informed consent form. For a minor, the parent or legal guardian will sign the
             consent form and patient will sign assent to participate form.

          -  If female of child-bearing potential, prepare to abstain from sexual intercourse or
             use a reliable method of contraception during the study. Patients on hormonal
             contraceptives must have been on the same for three months prior to baseline visit
             and continue throughout the duration of the study.

          -  Have facial acne with 20 or more facial inflammatory lesions and 25 or more
             non-inflammatory lesions and 2 or less nodulocystic lesions and have an Investigator
             Global Assessment score of 2, 3 or 4.

          -  Willing to comply with the study requirements and restrictions including refraining
             from the use of all other topical acne medications or antibiotics during the
             treatment period.

        Exclusion Criteria:

          -  Patient has more than 2 facial nodular lesions.

          -  Patient has active cystic acne.

          -  Patient has acne conglobata.

          -  Patients with excessive facial hair that would interfere with the diagnosis or
             assessment of acne.

          -  Patients with tatoos or excessive facial scarring that may interfere with the
             evaluation of the patient's acne.

          -  Patients with active facial sunburn, peeling due to sunburn and patients who will be
             exposed to excessive sunlight during the study.

          -  Any skin condition other than acne vulgaris that would interfere with the evaluation
             of the patient's acne.

          -  Females who are pregnant, lactating or likely to become pregnant during the study.

          -  Patients with a history of or active colitis other than irritable bowel syndrome.

          -  History of allergy or hypersensitivity to Clindamycin, Lincomycin or benzoyl peroxide
             or history of any drug hypersensitivity or intolerance which would compromise the
             patient's safety or the study.

          -  Significant history or current evidence of chronic infectious disease, system
             disorder, organ disorder or other medical condition that would place the patient at
             undue risk by participation.

          -  Use on the face within 1 month prior to screening/baseline or during the study of the
             following: cryodestruction or chemodestruction, dermabrasion, photodynamic therapy,
             acne surgery, intralesional steroids, x-ray therapy.

          -  Use of the following within 1 month prior to screening/baseline: spironolactone,
             systemic steroids, systemic antibiotics, systemic treatment for acne vulgaris (other
             than oral retinoids which require a 6 month washout), systemic anti-inflammatory
             agents.

          -  Use of oral isotretinoin (Accutane®) or oral retinoids within 6 months, or
             therapeutic vitamin A supplements greater than 10,000 units/day.

          -  Use within 2 weeks prior to screening/baseline of the following: topical steroids,
             topical retinoids, topical acne treatments including over-the-counter preparations,
             topical anti-inflammatory agents, medicated cleansers, topical antibiotics.

          -  Receipt of any drug as part of a research study within 30 days.

          -  Female patients taking hormonal contraceptives or oral estrogen for less than 3
             months and those that plan to change the dosage regimen during the course of the
             study.

          -  Previous participation in this study.

          -  Employees of the investigator or research center or their immediate family members.
      </textblock>
    </criteria>
    <gender>Both</gender>
    <minimum_age>12 Years</minimum_age>
    <maximum_age>40 Years</maximum_age>
    <healthy_volunteers>No</healthy_volunteers>
  </eligibility>
  <removed_countries>
    <country>United States</country>
  </removed_countries>
  <verification_date>January 2014</verification_date>
  <lastchanged_date>January 19, 2014</lastchanged_date>
  <firstreceived_date>October 11, 2012</firstreceived_date>
  <responsible_party>
    <responsible_party_type>Sponsor</responsible_party_type>
  </responsible_party>
  <keyword>Acne vulgaris</keyword>
  <keyword>Clindamycin 1%/Benzoyl Peroxide 5% Topical Gel</keyword>
  <keyword>Duac® Topical Gel</keyword>
  <is_fda_regulated>Yes</is_fda_regulated>
  <is_section_801>No</is_section_801>
  <has_expanded_access>No</has_expanded_access>
  <condition_browse>
    <!-- CAUTION:  The following MeSH terms are assigned with an imperfect algorithm  -->
    <mesh_term>Acne Vulgaris</mesh_term>
  </condition_browse>
  <intervention_browse>
    <!-- CAUTION:  The following MeSH terms are assigned with an imperfect algorithm  -->
    <mesh_term>Benzoyl Peroxide</mesh_term>
    <mesh_term>Clindamycin</mesh_term>
    <mesh_term>Clindamycin palmitate</mesh_term>
    <mesh_term>Clindamycin phosphate</mesh_term>
  </intervention_browse>
  <!-- Results have not yet been posted for this study                                -->
</clinical_study>
