<?xml version="1.0" encoding="UTF-8"?>
<clinical_study rank="279">
  <!-- This xml conforms to an XML Schema at:
    https://clinicaltrials.gov/ct2/html/images/info/public.xsd
 and an XML DTD at:
    https://clinicaltrials.gov/ct2/html/images/info/public.dtd -->
  <required_header>
    <download_date>ClinicalTrials.gov processed this data on July 08, 2015</download_date>
    <link_text>Link to the current ClinicalTrials.gov record.</link_text>
    <url>https://clinicaltrials.gov/show/NCT02411955</url>
  </required_header>
  <id_info>
    <org_study_id>TAZC 1308</org_study_id>
    <nct_id>NCT02411955</nct_id>
  </id_info>
  <brief_title>A Study Comparing Tazarotene Cream 0.1% to Tazorac® and Both to a Placebo Control in the Treatment of Acne Vulgaris</brief_title>
  <official_title>A Multiple-Center, Double-Blind, Randomized, Placebo Controlled, Parallel-Group Study Comparing Tazarotene Cream 0.1% to Tazorac® (Tazarotene Cream 0.1%) and Both Active Treatments to a Placebo Control in the Treatment of Acne Vulgaris</official_title>
  <sponsors>
    <lead_sponsor>
      <agency>Taro Pharmaceuticals USA</agency>
      <agency_class>Industry</agency_class>
    </lead_sponsor>
  </sponsors>
  <source>Taro Pharmaceuticals USA</source>
  <oversight_info>
    <authority>United States: Food and Drug Administration</authority>
    <has_dmc>No</has_dmc>
  </oversight_info>
  <brief_summary>
    <textblock>
      The purpose of this study is to evaluate the therapeutic equivalence and safety of
      Tazarotene Cream 0.1% and Tazorac® (tazarotene cream 0.1%).
    </textblock>
  </brief_summary>
  <detailed_description>
    <textblock>
      The purpose of this study is to evaluate the therapeutic equivalence and safety of
      Tazarotene Cream 0.1% and Tazorac® (tazarotene cream 0.1%) in the treatment of acne vulgaris
      and to demonstrate the superiority of the test and reference products over the placebo
      control.
    </textblock>
  </detailed_description>
  <overall_status>Completed</overall_status>
  <start_date>June 2014</start_date>
  <completion_date type="Actual">February 2015</completion_date>
  <primary_completion_date type="Actual">January 2015</primary_completion_date>
  <phase>Phase 1</phase>
  <study_type>Interventional</study_type>
  <study_design>Allocation: Randomized, Endpoint Classification: Bio-equivalence Study, Intervention Model: Parallel Assignment, Masking: Double Blind (Subject, Investigator), Primary Purpose: Treatment</study_design>
  <primary_outcome>
    <measure>Change in inflammatory lesion counts</measure>
    <time_frame>Week 12</time_frame>
    <safety_issue>No</safety_issue>
    <description>Percent change from baseline to week 12 in the inflammatory (papules and pustules) lesion counts</description>
  </primary_outcome>
  <primary_outcome>
    <measure>Change in non-inflammatory lesion counts</measure>
    <time_frame>Week 12</time_frame>
    <safety_issue>No</safety_issue>
    <description>Percent change from baseline to week 12 in the non-inflammatory (open and closed comedones) lesion counts</description>
  </primary_outcome>
  <secondary_outcome>
    <measure>Clinical response of success</measure>
    <time_frame>Week 12</time_frame>
    <safety_issue>No</safety_issue>
    <description>The proportion of subjects with a clinical response of success at week 12, success defined as an Investigator's Global Assessment score that is at least two grades less than the baseline assessment</description>
  </secondary_outcome>
  <number_of_arms>3</number_of_arms>
  <enrollment type="Actual">1077</enrollment>
  <condition>Acne Vulgaris</condition>
  <arm_group>
    <arm_group_label>Tazarotene Cream 0.1%</arm_group_label>
    <arm_group_type>Experimental</arm_group_type>
    <description>Tazarotene Cream 0.1% (Taro Pharmaceuticals Inc.)</description>
  </arm_group>
  <arm_group>
    <arm_group_label>Tazorac®</arm_group_label>
    <arm_group_type>Active Comparator</arm_group_type>
    <description>Tazorac® (tazarotene cream 0.1%) (Allergan LLC)</description>
  </arm_group>
  <arm_group>
    <arm_group_label>Placebo</arm_group_label>
    <arm_group_type>Placebo Comparator</arm_group_type>
    <description>Placebo (Vehicle of the test product) (Taro Pharmaceuticals Inc.)</description>
  </arm_group>
  <intervention>
    <intervention_type>Drug</intervention_type>
    <intervention_name>Tazarotene Cream 0.1%</intervention_name>
    <description>Tazarotene Cream 0.1% applied to lightly cover the entire face once daily for 84 consecutive days.</description>
    <arm_group_label>Tazarotene Cream 0.1%</arm_group_label>
    <other_name>Tazarotene</other_name>
  </intervention>
  <intervention>
    <intervention_type>Drug</intervention_type>
    <intervention_name>Tazorac®</intervention_name>
    <description>Tazorac® applied to lightly cover the entire face once daily for 84 consecutive days.</description>
    <arm_group_label>Tazorac®</arm_group_label>
    <other_name>Tazarotene</other_name>
  </intervention>
  <intervention>
    <intervention_type>Drug</intervention_type>
    <intervention_name>Placebo</intervention_name>
    <description>Placebo (vehicle of the test product) applied to lightly cover the entire face once daily for 84 consecutive days.</description>
    <arm_group_label>Placebo</arm_group_label>
    <other_name>Vehicle</other_name>
  </intervention>
  <eligibility>
    <criteria>
      <textblock>
        Inclusion Criteria:

          -  Healthy male or non-pregnant female aged ≥ 12 and ≤ 40 years with a clinical
             diagnosis of acne vulgaris.

          -  Subjects aged 18 years and older must have provided written consent. Subjects aged 12
             to 17 years must have provided written assent accompanied by written consent from
             their legally acceptable representative. All subjects or their legally acceptable
             representatives must sign Health Insurance Portability and Accountability Act
             authorization.

          -  Must have a minimum of ≥ 25 non-inflammatory lesions and ≥ 20 inflammatory lesions
             and  ≤ 2 nodulocystic lesions at baseline on the face.

          -  Must have a definite clinical diagnosis of acne vulgaris severity grade 2, 3, or 4 as
             per the Investigator's Global Assessment.

        Exclusion Criteria:

          -  Female subjects who are pregnant, nursing or planning to become pregnant during study
             participation.

          -  Have a history of hypersensitivity or allergy to tazarotene, retinoids and/or any of
             the study medication ingredients.

          -  Presence of any skin condition that would interfere with the diagnosis or assessment
             of acne vulgaris.
      </textblock>
    </criteria>
    <gender>Both</gender>
    <minimum_age>12 Years</minimum_age>
    <maximum_age>40 Years</maximum_age>
    <healthy_volunteers>No</healthy_volunteers>
  </eligibility>
  <overall_official>
    <last_name>Natalie Yantovskiy</last_name>
    <role>Study Director</role>
    <affiliation>Taro</affiliation>
  </overall_official>
  <verification_date>April 2015</verification_date>
  <lastchanged_date>April 7, 2015</lastchanged_date>
  <firstreceived_date>April 4, 2015</firstreceived_date>
  <responsible_party>
    <responsible_party_type>Sponsor</responsible_party_type>
  </responsible_party>
  <is_fda_regulated>Yes</is_fda_regulated>
  <is_section_801>No</is_section_801>
  <has_expanded_access>No</has_expanded_access>
  <condition_browse>
    <!-- CAUTION:  The following MeSH terms are assigned with an imperfect algorithm  -->
    <mesh_term>Acne Vulgaris</mesh_term>
  </condition_browse>
  <intervention_browse>
    <!-- CAUTION:  The following MeSH terms are assigned with an imperfect algorithm  -->
    <mesh_term>Nicotinic Acids</mesh_term>
    <mesh_term>Tazarotene</mesh_term>
  </intervention_browse>
  <!-- Results have not yet been posted for this study                                -->
</clinical_study>
