<?xml version="1.0" encoding="UTF-8"?>
<clinical_study rank="203">
  <!-- This xml conforms to an XML Schema at:
    https://clinicaltrials.gov/ct2/html/images/info/public.xsd
 and an XML DTD at:
    https://clinicaltrials.gov/ct2/html/images/info/public.dtd -->
  <required_header>
    <download_date>ClinicalTrials.gov processed this data on July 08, 2015</download_date>
    <link_text>Link to the current ClinicalTrials.gov record.</link_text>
    <url>https://clinicaltrials.gov/show/NCT01320033</url>
  </required_header>
  <id_info>
    <org_study_id>RD.06.SPR.18195</org_study_id>
    <nct_id>NCT01320033</nct_id>
  </id_info>
  <brief_title>Placebo Controlled Efficacy and Safety Study of CD2475/101 40 mg Tablets vs. Placebo and Doxycycline 100 mg Capsules Once Daily in the Treatment of Inflammatory Lesions of Acne Vulgaris</brief_title>
  <official_title>A Multi Center, Randomized, Double Blind, Placebo Controlled, 3 Arm, Parallel Group Study Comparing the Efficacy and Safety of CD2475/101 40 mg Tablets Versus Placebo and Doxycycline 100 mg Capsules Once Daily in the Treatment of Inflammatory Lesions in Subjects With Acne Vulgaris</official_title>
  <sponsors>
    <lead_sponsor>
      <agency>Galderma</agency>
      <agency_class>Industry</agency_class>
    </lead_sponsor>
  </sponsors>
  <source>Galderma</source>
  <oversight_info>
    <authority>United States: Food and Drug Administration</authority>
    <has_dmc>No</has_dmc>
  </oversight_info>
  <brief_summary>
    <textblock>
      The primary objectives of the study is to show CD2475/101 40mg tablets taken once a day for
      16 weeks is superior to the placebo in Change from baseline to Week 16(Last Observation
      Carry Forward, Intent To Treat) in inflammatory lesion counts.
    </textblock>
  </brief_summary>
  <detailed_description>
    <textblock>
      Investigator's global assessment and lesion count will be performed at each study visit.
    </textblock>
  </detailed_description>
  <overall_status>Completed</overall_status>
  <start_date>March 2011</start_date>
  <completion_date type="Actual">January 2012</completion_date>
  <primary_completion_date type="Actual">January 2012</primary_completion_date>
  <phase>Phase 2</phase>
  <study_type>Interventional</study_type>
  <study_design>Allocation: Randomized, Endpoint Classification: Safety/Efficacy Study, Intervention Model: Parallel Assignment, Masking: Double Blind (Subject, Caregiver, Investigator, Outcomes Assessor), Primary Purpose: Treatment</study_design>
  <primary_outcome>
    <measure>Inflammatory lesion counts</measure>
    <time_frame>baseline to week 16</time_frame>
    <safety_issue>No</safety_issue>
    <description>Change from Baseline to Week 16 (LOCF, ITT) in inflammatory lesion counts</description>
  </primary_outcome>
  <secondary_outcome>
    <measure>Safety assessments</measure>
    <time_frame>baseline, weeks 2, 4, 8, 12, 16/ET</time_frame>
    <safety_issue>No</safety_issue>
    <description>Adverse events, active assessment for symptomes of Pseudotumor cerebri, Physical exam, vital signs, laboratory evaluations</description>
  </secondary_outcome>
  <number_of_arms>3</number_of_arms>
  <enrollment type="Actual">662</enrollment>
  <condition>Acne Vulgaris</condition>
  <arm_group>
    <arm_group_label>CD2475/101 40 mg Tablets</arm_group_label>
    <arm_group_type>Experimental</arm_group_type>
    <description>CD2475/101 40 mg Tablets</description>
  </arm_group>
  <arm_group>
    <arm_group_label>Doxycycline 100 mg Capsules</arm_group_label>
    <arm_group_type>Active Comparator</arm_group_type>
    <description>Doxycycline 100 mg Capsules</description>
  </arm_group>
  <arm_group>
    <arm_group_label>Placebo Tablet, and Placebo Capsule</arm_group_label>
    <arm_group_type>Placebo Comparator</arm_group_type>
    <description>Matching Placebo Tablet, Matching Placebo Capsule</description>
  </arm_group>
  <intervention>
    <intervention_type>Drug</intervention_type>
    <intervention_name>CD2475/101 40 mg Tablets</intervention_name>
    <description>CD2475/101 40 mg Tablets once a day for 16 weeks</description>
    <arm_group_label>CD2475/101 40 mg Tablets</arm_group_label>
  </intervention>
  <intervention>
    <intervention_type>Drug</intervention_type>
    <intervention_name>Doxycycline 100 mg Capsules</intervention_name>
    <description>Doxycycline 100 mg Capsules once a day for 16 weeks</description>
    <arm_group_label>Doxycycline 100 mg Capsules</arm_group_label>
  </intervention>
  <intervention>
    <intervention_type>Drug</intervention_type>
    <intervention_name>Placebo Tablet, and Placebo Capsule</intervention_name>
    <description>Matching Placebo Tablet, Matching Placebo Capsule once a day for 16 weeks</description>
    <arm_group_label>Placebo Tablet, and Placebo Capsule</arm_group_label>
  </intervention>
  <eligibility>
    <criteria>
      <textblock>
        Inclusion Criteria:

          -  Male and female subjects 12 years of age or older

          -  acne vulgaris with facial involvement

          -  A score of 3 (Moderate) or 4 (Severe) on the Investigator's Global Assessment Scale
             (inflammatory)

          -  25 to 75 inflammatory lesions (papules and pustules) on the face (including the nose)

        Exclusion Criteria:

          -  More than two acne nodules/cysts on the face

          -  Acne conglobata, acne fulminans, secondary acne (chloracne, drug induced acne, etc.),
             or severe acne requiring systemic retinoid treatment

          -  Underlying diseases or other dermatologic conditions that require the use of
             interfering topical or systemic therapy such as, but not limited to, atopic
             dermatitis, perioral dermatitis or rosacea

          -  Beard or facial hair which might interfere with study assessments

          -  planning excessive exposure to sun or ultraviolet light during the study (i.e.
             natural or artificial sunlight, including tanning booths and sun lamp)

          -  Use of oral contraceptives solely for control of acne

          -  Liver function test ALT and/or AST 2.5 times above upper limit of normal

          -  Renal function test serum creatinine at  150 umol/L (17 mg/L) or higher

          -  Presence of oral or genital candidiasis or history of multiple episodes of oral or
             genital candidiasis

          -  Females who intend to conceive a child within 5 months  following Baseline visit

          -  Males who intend to conceive a child with partner during the study period

          -  Requiring concomitant use of methoxyflurane
      </textblock>
    </criteria>
    <gender>Both</gender>
    <minimum_age>12 Years</minimum_age>
    <maximum_age>N/A</maximum_age>
    <healthy_volunteers>No</healthy_volunteers>
  </eligibility>
  <overall_official>
    <last_name>Michael Graeber, MD</last_name>
    <role>Study Director</role>
    <affiliation>Galderma</affiliation>
  </overall_official>
  <location>
    <facility>
      <name>Burke Pharmaceutical Research</name>
      <address>
        <city>Hot Springs</city>
        <state>Arkansas</state>
        <zip>71913</zip>
        <country>United States</country>
      </address>
    </facility>
  </location>
  <location>
    <facility>
      <name>Dermatology Research Associates, Inc.</name>
      <address>
        <city>Los Angles</city>
        <state>California</state>
        <zip>90045</zip>
        <country>United States</country>
      </address>
    </facility>
  </location>
  <location>
    <facility>
      <name>Colorado Medical Research Center</name>
      <address>
        <city>Denver</city>
        <state>Colorado</state>
        <zip>80210</zip>
        <country>United States</country>
      </address>
    </facility>
  </location>
  <location>
    <facility>
      <name>Longmont Medical Research Network</name>
      <address>
        <city>Longmont</city>
        <state>Colorado</state>
        <zip>80501</zip>
        <country>United States</country>
      </address>
    </facility>
  </location>
  <location>
    <facility>
      <name>International Dermatology Research, Inc.</name>
      <address>
        <city>Miami</city>
        <state>Florida</state>
        <zip>33144</zip>
        <country>United States</country>
      </address>
    </facility>
  </location>
  <location>
    <facility>
      <name>MedaPhase, Inc.</name>
      <address>
        <city>Newnan</city>
        <state>Georgia</state>
        <zip>30263</zip>
        <country>United States</country>
      </address>
    </facility>
  </location>
  <location>
    <facility>
      <name>Dermatology Specialists PC</name>
      <address>
        <city>Louisville</city>
        <state>Kentucky</state>
        <zip>40202</zip>
        <country>United States</country>
      </address>
    </facility>
  </location>
  <location>
    <facility>
      <name>Somerset Skin Care Center</name>
      <address>
        <city>Troy</city>
        <state>Michigan</state>
        <zip>48084</zip>
        <country>United States</country>
      </address>
    </facility>
  </location>
  <location>
    <facility>
      <name>Grekin Skin Care</name>
      <address>
        <city>Warren</city>
        <state>Michigan</state>
        <zip>48088</zip>
        <country>United States</country>
      </address>
    </facility>
  </location>
  <location>
    <facility>
      <name>Central Dermatology, PC</name>
      <address>
        <city>St. Louis</city>
        <state>Missouri</state>
        <zip>63117</zip>
        <country>United States</country>
      </address>
    </facility>
  </location>
  <location>
    <facility>
      <name>Skin Specialists, PC</name>
      <address>
        <city>Omaha</city>
        <state>Nebraska</state>
        <zip>68144</zip>
        <country>United States</country>
      </address>
    </facility>
  </location>
  <location>
    <facility>
      <name>Academic Dermatology</name>
      <address>
        <city>Albuquerque</city>
        <state>New Mexico</state>
        <zip>87106</zip>
        <country>United States</country>
      </address>
    </facility>
  </location>
  <location>
    <facility>
      <name>Helendale Dermatology &amp; Medical Spa</name>
      <address>
        <city>Rochester</city>
        <state>New York</state>
        <zip>14609</zip>
        <country>United States</country>
      </address>
    </facility>
  </location>
  <location>
    <facility>
      <name>Dermatology Consulting Services</name>
      <address>
        <city>High Point</city>
        <state>North Carolina</state>
        <zip>27262</zip>
        <country>United States</country>
      </address>
    </facility>
  </location>
  <location>
    <facility>
      <name>PMG Research of Wilmington</name>
      <address>
        <city>Wilmington</city>
        <state>North Carolina</state>
        <zip>28401</zip>
        <country>United States</country>
      </address>
    </facility>
  </location>
  <location>
    <facility>
      <name>Haber Dermatology &amp; cosmetic Surgery, Inc</name>
      <address>
        <city>South Euclid</city>
        <state>Ohio</state>
        <zip>44118</zip>
        <country>United States</country>
      </address>
    </facility>
  </location>
  <location>
    <facility>
      <name>Central Sooner Research</name>
      <address>
        <city>Norman</city>
        <state>Oklahoma</state>
        <zip>73069</zip>
        <country>United States</country>
      </address>
    </facility>
  </location>
  <location>
    <facility>
      <name>Oregon Dermatology &amp; Research Center</name>
      <address>
        <city>Portland</city>
        <state>Oregon</state>
        <zip>97210</zip>
        <country>United States</country>
      </address>
    </facility>
  </location>
  <location>
    <facility>
      <name>Stephen Schleicher</name>
      <address>
        <city>Hazleton</city>
        <state>Pennsylvania</state>
        <zip>18201</zip>
        <country>United States</country>
      </address>
    </facility>
  </location>
  <location>
    <facility>
      <name>Palmetto Clinical Trial Services, LLC</name>
      <address>
        <city>Greenville</city>
        <state>South Carolina</state>
        <zip>29607</zip>
        <country>United States</country>
      </address>
    </facility>
  </location>
  <location>
    <facility>
      <name>Dermatology Research Associates</name>
      <address>
        <city>Nashville</city>
        <state>Tennessee</state>
        <zip>37203</zip>
        <country>United States</country>
      </address>
    </facility>
  </location>
  <location>
    <facility>
      <name>Tennessee Clinical Research Center</name>
      <address>
        <city>Nashville</city>
        <state>Tennessee</state>
        <zip>37215</zip>
        <country>United States</country>
      </address>
    </facility>
  </location>
  <location>
    <facility>
      <name>Arlington Center for Dermatology</name>
      <address>
        <city>Arlington</city>
        <state>Texas</state>
        <zip>76011</zip>
        <country>United States</country>
      </address>
    </facility>
  </location>
  <location>
    <facility>
      <name>Derm Research, Inc</name>
      <address>
        <city>Austin</city>
        <state>Texas</state>
        <zip>78759</zip>
        <country>United States</country>
      </address>
    </facility>
  </location>
  <location>
    <facility>
      <name>J&amp;S Studies</name>
      <address>
        <city>College Station</city>
        <state>Texas</state>
        <zip>77845</zip>
        <country>United States</country>
      </address>
    </facility>
  </location>
  <location>
    <facility>
      <name>Center for Clinical Studies</name>
      <address>
        <city>Houston</city>
        <state>Texas</state>
        <zip>77058</zip>
        <country>United States</country>
      </address>
    </facility>
  </location>
  <location>
    <facility>
      <name>Suzanne Bruce and associates P.A. The Center for skin Research</name>
      <address>
        <city>Houston</city>
        <state>Texas</state>
        <zip>77056</zip>
        <country>United States</country>
      </address>
    </facility>
  </location>
  <location>
    <facility>
      <name>Progressive Clinical Research</name>
      <address>
        <city>San Antonio</city>
        <state>Texas</state>
        <zip>78229</zip>
        <country>United States</country>
      </address>
    </facility>
  </location>
  <location>
    <facility>
      <name>Stephen Miller MD</name>
      <address>
        <city>San Antonio</city>
        <state>Texas</state>
        <zip>78229</zip>
        <country>United States</country>
      </address>
    </facility>
  </location>
  <location>
    <facility>
      <name>Dermatology Research Center</name>
      <address>
        <city>Salt Lake City</city>
        <state>Utah</state>
        <zip>84124</zip>
        <country>United States</country>
      </address>
    </facility>
  </location>
  <location>
    <facility>
      <name>Premier Clinical Research</name>
      <address>
        <city>Spokane</city>
        <state>Washington</state>
        <zip>99204</zip>
        <country>United States</country>
      </address>
    </facility>
  </location>
  <location_countries>
    <country>United States</country>
  </location_countries>
  <verification_date>March 2013</verification_date>
  <lastchanged_date>March 6, 2013</lastchanged_date>
  <firstreceived_date>March 21, 2011</firstreceived_date>
  <responsible_party>
    <responsible_party_type>Sponsor</responsible_party_type>
  </responsible_party>
  <keyword>acne vulgaris</keyword>
  <keyword>inflammatory lesions</keyword>
  <is_fda_regulated>Yes</is_fda_regulated>
  <is_section_801>Yes</is_section_801>
  <has_expanded_access>No</has_expanded_access>
  <condition_browse>
    <!-- CAUTION:  The following MeSH terms are assigned with an imperfect algorithm  -->
    <mesh_term>Acne Vulgaris</mesh_term>
  </condition_browse>
  <intervention_browse>
    <!-- CAUTION:  The following MeSH terms are assigned with an imperfect algorithm  -->
    <mesh_term>Doxycycline</mesh_term>
  </intervention_browse>
  <!-- Results have not yet been posted for this study                                -->
</clinical_study>
