<?xml version="1.0" encoding="UTF-8"?>
<clinical_study rank="418">
  <!-- This xml conforms to an XML Schema at:
    https://clinicaltrials.gov/ct2/html/images/info/public.xsd
 and an XML DTD at:
    https://clinicaltrials.gov/ct2/html/images/info/public.dtd -->
  <required_header>
    <download_date>ClinicalTrials.gov processed this data on July 08, 2015</download_date>
    <link_text>Link to the current ClinicalTrials.gov record.</link_text>
    <url>https://clinicaltrials.gov/show/NCT01072825</url>
  </required_header>
  <id_info>
    <org_study_id>2009/622</org_study_id>
    <nct_id>NCT01072825</nct_id>
  </id_info>
  <brief_title>A European Network for the Investigation of Gender Incongruence</brief_title>
  <acronym>ENIGI</acronym>
  <official_title>A European Network for the Investigation of Gender Incongruence</official_title>
  <sponsors>
    <lead_sponsor>
      <agency>University Hospital, Ghent</agency>
      <agency_class>Other</agency_class>
    </lead_sponsor>
  </sponsors>
  <source>University Hospital, Ghent</source>
  <oversight_info>
    <authority>Belgium: Institutional Review Board</authority>
    <has_dmc>No</has_dmc>
  </oversight_info>
  <brief_summary>
    <textblock>
      The physical and psychological effects of the hormonal treatment of transsexual persons are
      not sufficiently described. 'Transparency' wants to answer this question in a prospective
      manner, in a multicenter study to describe these effects. The low prevalence of
      transsexualism was the stimulus to search for European partners for this Protocol. A common
      standardized hormonal protocol was designed.
    </textblock>
  </brief_summary>
  <overall_status>Recruiting</overall_status>
  <start_date>February 2010</start_date>
  <completion_date type="Anticipated">January 2020</completion_date>
  <primary_completion_date type="Anticipated">January 2016</primary_completion_date>
  <phase>N/A</phase>
  <study_type>Observational</study_type>
  <study_design>Observational Model: Cohort, Time Perspective: Prospective</study_design>
  <primary_outcome>
    <measure>physical and psychological effects of the hormonal treatment of transsexual persons</measure>
    <time_frame>annually</time_frame>
    <safety_issue>No</safety_issue>
    <description>evaluations will be done every 3 months the first year of therapy, every 6 months in the second year, and after sex reassignment surgery annually.</description>
  </primary_outcome>
  <number_of_groups>1</number_of_groups>
  <enrollment type="Anticipated">125</enrollment>
  <condition>Physical and Psychological Evaluation of Hormonal Therapy in Transsexual Persons</condition>
  <arm_group>
    <arm_group_label>transgender people starting hormone treatment</arm_group_label>
  </arm_group>
  <intervention>
    <intervention_type>Other</intervention_type>
    <intervention_name>questionnaires</intervention_name>
    <description>a descriptive questionnaire, SF-36, , bone questionnaires, Baecke physical activity questionnaire, voice evaluation</description>
    <arm_group_label>transgender people starting hormone treatment</arm_group_label>
  </intervention>
  <intervention>
    <intervention_type>Biological</intervention_type>
    <intervention_name>blood sampling</intervention_name>
    <description>LFT (AST, ALT), CRP, creatinine, glucose, Total Cholesterol, Triglycerides, HDL-CH, LDL-CH, 25OH vitamin D, PSA if&gt; 45 years, Hematocrit, testosterone, sex hormone-binding globulin, free testosterone , oestradiol, prolactin, luteinizing hormone, TSH, androgeengevoeligheids test (CAG RL), oral glucose tolerance test</description>
    <arm_group_label>transgender people starting hormone treatment</arm_group_label>
  </intervention>
  <intervention>
    <intervention_type>Other</intervention_type>
    <intervention_name>clinical evaluation</intervention_name>
    <description>height, weight, blood pressure, chestcircumference, waist circumference, grip strength, measuring 2 ° and 4 ° finger, and Ferriman Gallwey score</description>
    <arm_group_label>transgender people starting hormone treatment</arm_group_label>
  </intervention>
  <intervention>
    <intervention_type>Other</intervention_type>
    <intervention_name>Dermatology evaluation</intervention_name>
    <description>Evaluation of the hair pattern, using the Leeds acne classification scale, acne scars through ECCA scale (échelle d'évaluation clinique des cicatrices d'acné), androgenetic alopecia, and sebummetrie</description>
    <arm_group_label>transgender people starting hormone treatment</arm_group_label>
  </intervention>
  <intervention>
    <intervention_type>Other</intervention_type>
    <intervention_name>Bone evaluation</intervention_name>
    <description>PQCT scanner, BMD assessment</description>
    <arm_group_label>transgender people starting hormone treatment</arm_group_label>
  </intervention>
  <eligibility>
    <study_pop>
      <textblock>
        transsexual persons older than 18 years, who are not yet treated with hormonal therapy
      </textblock>
    </study_pop>
    <sampling_method>Non-Probability Sample</sampling_method>
    <criteria>
      <textblock>
        Inclusion Criteria:

          -  Transsexual persons older then 18 years, who are not yet treated with hormonal
             therapy.

        Exclusion Criteria:

        -
      </textblock>
    </criteria>
    <gender>Both</gender>
    <minimum_age>18 Years</minimum_age>
    <maximum_age>N/A</maximum_age>
    <healthy_volunteers>No</healthy_volunteers>
  </eligibility>
  <overall_official>
    <last_name>Guy T'Sjoen, MD</last_name>
    <role>Principal Investigator</role>
    <affiliation>University Hospital, Ghent</affiliation>
  </overall_official>
  <overall_contact>
    <last_name>Guy T'Sjoen, MD</last_name>
    <email>guy.tsjoen@ugent.be</email>
  </overall_contact>
  <location>
    <facility>
      <name>Genderteam UZ Gent</name>
      <address>
        <city>Gent</city>
        <country>Belgium</country>
      </address>
    </facility>
    <status>Recruiting</status>
    <contact>
      <last_name>Guy T'Sjoen, MD</last_name>
      <email>guy.tsjoen@ugent.be</email>
    </contact>
    <investigator>
      <last_name>Guy T'Sjoen, MD</last_name>
      <role>Principal Investigator</role>
    </investigator>
  </location>
  <location>
    <facility>
      <address>
        <city>Florence</city>
        <country>Italy</country>
      </address>
    </facility>
    <status>Recruiting</status>
    <contact>
      <last_name>Alessandra Fisher, MD</last_name>
    </contact>
    <investigator>
      <last_name>Alessandra Fisher, MD</last_name>
      <role>Principal Investigator</role>
    </investigator>
  </location>
  <location>
    <facility>
      <name>VU University Medical CenterAmsterdam</name>
      <address>
        <city>Amsterdam</city>
        <country>Netherlands</country>
      </address>
    </facility>
    <status>Recruiting</status>
    <contact>
      <last_name>Michael van Trotsenburg, MD</last_name>
      <email>m.vantrotsenburg@vumc.nl</email>
    </contact>
    <investigator>
      <last_name>Michael van Trotsenburg, MD</last_name>
      <role>Principal Investigator</role>
    </investigator>
  </location>
  <location>
    <facility>
      <name>Rikshospitalet University Hospital, University of Oslo</name>
      <address>
        <city>Oslo</city>
        <country>Norway</country>
      </address>
    </facility>
    <status>Recruiting</status>
    <contact>
      <last_name>Thomas Schreiner</last_name>
      <email>thomas.schreiner@rikshospitalet.no</email>
    </contact>
    <investigator>
      <last_name>Thomas Schreiner, MD</last_name>
      <role>Principal Investigator</role>
    </investigator>
  </location>
  <location_countries>
    <country>Belgium</country>
    <country>Italy</country>
    <country>Netherlands</country>
    <country>Norway</country>
  </location_countries>
  <removed_countries>
    <country>Germany</country>
  </removed_countries>
  <link>
    <url>http://www.uzgent.be</url>
    <description>website of the University Hospital of Ghent</description>
  </link>
  <verification_date>June 2015</verification_date>
  <lastchanged_date>June 2, 2015</lastchanged_date>
  <firstreceived_date>February 19, 2010</firstreceived_date>
  <responsible_party>
    <responsible_party_type>Sponsor</responsible_party_type>
  </responsible_party>
  <is_fda_regulated>No</is_fda_regulated>
  <has_expanded_access>No</has_expanded_access>
  <!-- Results have not yet been posted for this study                                -->
</clinical_study>
