<?xml version="1.0" encoding="UTF-8"?>
<clinical_study rank="396">
  <!-- This xml conforms to an XML Schema at:
    https://clinicaltrials.gov/ct2/html/images/info/public.xsd
 and an XML DTD at:
    https://clinicaltrials.gov/ct2/html/images/info/public.dtd -->
  <required_header>
    <download_date>ClinicalTrials.gov processed this data on July 08, 2015</download_date>
    <link_text>Link to the current ClinicalTrials.gov record.</link_text>
    <url>https://clinicaltrials.gov/show/NCT00001292</url>
  </required_header>
  <id_info>
    <org_study_id>920106</org_study_id>
    <secondary_id>92-C-0106</secondary_id>
    <nct_id>NCT00001292</nct_id>
  </id_info>
  <brief_title>Study of Scaling Disorders and Other Inherited Skin Diseases</brief_title>
  <official_title>Clinical and Genetic Studies of the Scaling Disorders and Other Selected Genodermatoses</official_title>
  <sponsors>
    <lead_sponsor>
      <agency>National Cancer Institute (NCI)</agency>
      <agency_class>NIH</agency_class>
    </lead_sponsor>
  </sponsors>
  <source>National Institutes of Health Clinical Center (CC)</source>
  <oversight_info>
    <authority>United States: Federal Government</authority>
  </oversight_info>
  <brief_summary>
    <textblock>
      The purpose of this study is to identify the genes responsible for certain scaling disorders
      and other inherited skin diseases and to learn about the medical problems they cause.  In
      some cases, these may include problems affecting organs other than the skin, such as the
      eyes, teeth and bones.

      Patients with inherited skin disorders, including Darier's disease (keratosis follicularis),
      lamellar ichthyosis, epidermolysis bullosa, cystic acne, and others, and their relatives may
      be eligible for this study.  Patients will have a medical history, physical examination with
      particular emphasis on the skin, and routine blood tests.  Additional procedures for
      patients and unaffected relatives may include:

        1. Blood sample collection

        2. Dental exam with X-ray of the jaw

        3. Eye examination

        4. X-rays of the skull, ribs, chest, hands, feet, spine, arms, or legs

        5. Bone density scan

        6. Photographs of the skin

        7. Skin biopsies (removal of a small tissue sample under local anesthetic)

        8. Buccal sample (gentle brushing inside the cheek to collect a cell sample) for gene
           studies

      Patients who request the results of their gene testing will be provided this information.
    </textblock>
  </brief_summary>
  <detailed_description>
    <textblock>
      We propose to investigate the genetics of the scaling disorders and other genodermatoses
      which are believed to behave in a Mendelian manner.  Families for study will be ascertained
      through articles in the Ichthyosis Focus, (the newsletter of the Foundation for Ichthyosis
      and Related Skin Types), physician referrals, and patient self-referrals.  Efforts will be
      made to further characterize the clinical findings in both affected persons and unaffected
      gene carriers.  Using candidate genes, especially those known to be involved in structural
      abnormalities of skin, we will attempt to map and isolate major genes contributing to
      expression of the disease phenotype.  Failing this direct approach, a random search of the
      genome (so-called, &quot;reverse genetics&quot;) will be utilized.  In addition, normal and diseased
      skin will be used in cell culture and animal experiments (under a separate protocol) to test
      new therapeutic modalities.
    </textblock>
  </detailed_description>
  <overall_status>Completed</overall_status>
  <start_date>February 1992</start_date>
  <completion_date>April 2001</completion_date>
  <phase>N/A</phase>
  <study_type>Observational</study_type>
  <study_design>N/A</study_design>
  <condition>Genetic Skin Disease</condition>
  <condition>Keratosis Follicularis</condition>
  <condition>Lamellar Ichthyosis</condition>
  <eligibility>
    <criteria>
      <textblock>
        No steroid sulfatase deficiency.
      </textblock>
    </criteria>
    <gender>Both</gender>
    <minimum_age>N/A</minimum_age>
    <maximum_age>N/A</maximum_age>
    <healthy_volunteers>Accepts Healthy Volunteers</healthy_volunteers>
  </eligibility>
  <location>
    <facility>
      <name>National Cancer Institute (NCI)</name>
      <address>
        <city>Bethesda</city>
        <state>Maryland</state>
        <zip>20892</zip>
        <country>United States</country>
      </address>
    </facility>
  </location>
  <location_countries>
    <country>United States</country>
  </location_countries>
  <reference>
    <citation>DiGiovanna JJ, Bale SJ. Epidermolytic hyperkeratosis: applied molecular genetics. J Invest Dermatol. 1994 Mar;102(3):390-4. Review.</citation>
    <PMID>7509838</PMID>
  </reference>
  <reference>
    <citation>Russell LJ, DiGiovanna JJ, Rogers GR, Steinert PM, Hashem N, Compton JG, Bale SJ. Mutations in the gene for transglutaminase 1 in autosomal recessive lamellar ichthyosis. Nat Genet. 1995 Mar;9(3):279-83.</citation>
    <PMID>7773290</PMID>
  </reference>
  <verification_date>April 2000</verification_date>
  <lastchanged_date>March 4, 2008</lastchanged_date>
  <firstreceived_date>November 3, 1999</firstreceived_date>
  <keyword>DNA Markers</keyword>
  <keyword>Family Studies</keyword>
  <keyword>Gene Mapping</keyword>
  <keyword>Ichthyosis</keyword>
  <keyword>Keratin</keyword>
  <keyword>Linkage Analysis</keyword>
  <keyword>Scaling Disorders</keyword>
  <keyword>Skin</keyword>
  <has_expanded_access>No</has_expanded_access>
  <condition_browse>
    <!-- CAUTION:  The following MeSH terms are assigned with an imperfect algorithm  -->
    <mesh_term>Darier Disease</mesh_term>
    <mesh_term>Ichthyosis</mesh_term>
    <mesh_term>Ichthyosis, Lamellar</mesh_term>
    <mesh_term>Skin Diseases</mesh_term>
    <mesh_term>Skin Diseases, Genetic</mesh_term>
  </condition_browse>
  <!-- Results have not yet been posted for this study                                -->
</clinical_study>
