<?xml version="1.0" encoding="UTF-8"?>
<clinical_study rank="37">
  <!-- This xml conforms to an XML Schema at:
    https://clinicaltrials.gov/ct2/html/images/info/public.xsd
 and an XML DTD at:
    https://clinicaltrials.gov/ct2/html/images/info/public.dtd -->
  <required_header>
    <download_date>ClinicalTrials.gov processed this data on July 08, 2015</download_date>
    <link_text>Link to the current ClinicalTrials.gov record.</link_text>
    <url>https://clinicaltrials.gov/show/NCT00355485</url>
  </required_header>
  <id_info>
    <org_study_id>Derm 563</org_study_id>
    <nct_id>NCT00355485</nct_id>
  </id_info>
  <brief_title>Microdermabrasion for Acne</brief_title>
  <official_title>Microdermabrasion for Acne Vulgaris</official_title>
  <sponsors>
    <lead_sponsor>
      <agency>University of Michigan</agency>
      <agency_class>Other</agency_class>
    </lead_sponsor>
  </sponsors>
  <source>University of Michigan</source>
  <oversight_info>
    <authority>United States: Institutional Review Board</authority>
    <has_dmc>No</has_dmc>
  </oversight_info>
  <brief_summary>
    <textblock>
      The purpose of this research project is to study the effect of micordermabrasion to try to
      improve the appearance of facial acne. The microdermabrasion machine is a hand-held device
      that directs pressurized aluminum oxide crystals at its target accompanied by a suction
      device. It is not yet clear how much improvement can be seen with these treatments or
      exactly how the skin's response causes these improvements. In this study, we are interested
      in learning how well microdermabrasion works to improve the symptoms of acne.
    </textblock>
  </brief_summary>
  <detailed_description>
    <textblock>
      Acne vulgaris remains among the most common cutaneous disorders, impacting the vast majority
      of people at some point during their lives. It is associated with significant psychosocial
      morbidity, and there remains the need for efficacious and low risk therapeutic options.

      Microdermabrasion is a technique combining abrasion and negative pressure used primarily in
      the treatment of aging skin. It has also been proposed to improve acne presumably through a
      comedolytic effect. Negative pressure and abrasion may remove debris from follicular
      orifices that act as a nidus for acne lesions. Many physicians and spas use
      micordermabrasion as a treatment for acne, however, there has never been a randomized
      controlled trial to substantiate this practice.

      We propose to evaluate the efficacy of microdermabrasion in the treatment of inflammatory
      acne. We will use the Bellamed microdermabrasion system produced by Bella products or the
      Altair Diamondtome System.
    </textblock>
  </detailed_description>
  <overall_status>Completed</overall_status>
  <start_date>September 2006</start_date>
  <completion_date type="Actual">April 2008</completion_date>
  <primary_completion_date type="Actual">January 2008</primary_completion_date>
  <phase>Phase 2</phase>
  <study_type>Interventional</study_type>
  <study_design>Allocation: Randomized, Endpoint Classification: Safety/Efficacy Study, Intervention Model: Single Group Assignment, Masking: Single Blind (Outcomes Assessor), Primary Purpose: Treatment</study_design>
  <primary_outcome>
    <measure>Counts of specific types of acne lesions.</measure>
    <time_frame>These lesions will be counted at baseline, at follow-up evaluation visits during the treatment series, and every 1-4 weeks following the final treatment for a total of up to 18 weeks.</time_frame>
    <safety_issue>No</safety_issue>
  </primary_outcome>
  <secondary_outcome>
    <measure>Clinical photographs</measure>
    <time_frame>Photographs may be obtained at baseline, at follow-up evaluation visits during the treatment series, and every 1-4 weeks following the final treatment for a total of up to 18 weeks.</time_frame>
    <safety_issue>No</safety_issue>
  </secondary_outcome>
  <secondary_outcome>
    <measure>Subject self-assessment questionnaire</measure>
    <time_frame>At end of  treatment phase.</time_frame>
    <safety_issue>No</safety_issue>
  </secondary_outcome>
  <number_of_arms>1</number_of_arms>
  <enrollment type="Actual">24</enrollment>
  <condition>Acne Vulgaris</condition>
  <intervention>
    <intervention_type>Device</intervention_type>
    <intervention_name>microdermabrasion</intervention_name>
    <description>Device: Bellamed microdermabrasion system produced by Bella products or the Altair Diamondtome System.
Subjects will receive a series of microdermabrasion treatment sessions (up to 6) spaced one to two weeks apart.</description>
  </intervention>
  <eligibility>
    <criteria>
      <textblock>
        Inclusion Criteria:

          -  Age 13 years or older of either gender and of any racial/ethnic group.

          -  Presence of clinically evident acne vulgaris of the facial skin.

          -  Subjects must be in generally good health.

          -  Subjects must be able and willing to comply with the requirements of the protocol.

          -  Subjects must live within a reasonable driving distance of Ann Arbor, Michigan,
             and/or be able to attend all of the scheduled appointments during the study.

        Exclusion Criteria:

          -  Oral retinoid use within 6 months of entry into the study.

          -  Systemic acne therapies (oral antibiotics) within 4 weeks of entry into the study.

          -  Topical acne therapies (retinoids,antibiotics) within 2 weeks of entry into the
             study.

          -  Laser or superficial chemical peels at the sites to be treated within 3 months of
             entry into the study.

          -  Subjects with a history of dermabrasion or laser resurfacing at the sites to be
             treated.

          -  Use of topical lipid absorbing substances (Clinac AC) within 2 weeks of entry into
             the study.

          -  Non-compliant subjects.

          -  Subjects with a significant medical history or concurrent illness/condition which the
             investigator(s) feel is not safe for study participation.

          -  Subjects using alcohol-based topical solutions or &quot;exfoliating&quot; agents within 2 weeks
             of entry into the study.

          -  Subjects with a history of very frequent herpes simplex infections of the face or
             with clinical evidence of active herpes simplex infections.

          -  Pregnant or nursing females.
      </textblock>
    </criteria>
    <gender>Both</gender>
    <minimum_age>13 Years</minimum_age>
    <maximum_age>N/A</maximum_age>
    <healthy_volunteers>No</healthy_volunteers>
  </eligibility>
  <overall_official>
    <last_name>John J Voorhees, MD</last_name>
    <role>Study Chair</role>
    <affiliation>University of Michigan</affiliation>
  </overall_official>
  <overall_official>
    <last_name>Darius Karimipour, MD</last_name>
    <role>Principal Investigator</role>
    <affiliation>University of Michigan</affiliation>
  </overall_official>
  <location>
    <facility>
      <name>University of Michigan Department of Dermatology</name>
      <address>
        <city>Ann Arbor</city>
        <state>Michigan</state>
        <zip>48109</zip>
        <country>United States</country>
      </address>
    </facility>
  </location>
  <location_countries>
    <country>United States</country>
  </location_countries>
  <verification_date>June 2011</verification_date>
  <lastchanged_date>June 2, 2011</lastchanged_date>
  <firstreceived_date>July 21, 2006</firstreceived_date>
  <responsible_party>
    <name_title>Darius J. Karimipour, M.D., Clinical Assistant Professor</name_title>
    <organization>University of Michigan Department of Dermatology</organization>
  </responsible_party>
  <keyword>Acne</keyword>
  <keyword>Microdermabrasion</keyword>
  <is_fda_regulated>No</is_fda_regulated>
  <has_expanded_access>No</has_expanded_access>
  <condition_browse>
    <!-- CAUTION:  The following MeSH terms are assigned with an imperfect algorithm  -->
    <mesh_term>Acne Vulgaris</mesh_term>
  </condition_browse>
  <!-- Results have not yet been posted for this study                                -->
</clinical_study>
