<?xml version="1.0" encoding="UTF-8"?>
<clinical_study rank="274">
  <!-- This xml conforms to an XML Schema at:
    https://clinicaltrials.gov/ct2/html/images/info/public.xsd
 and an XML DTD at:
    https://clinicaltrials.gov/ct2/html/images/info/public.dtd -->
  <required_header>
    <download_date>ClinicalTrials.gov processed this data on July 08, 2015</download_date>
    <link_text>Link to the current ClinicalTrials.gov record.</link_text>
    <url>https://clinicaltrials.gov/show/NCT01847066</url>
  </required_header>
  <id_info>
    <org_study_id>ALMA 013-001</org_study_id>
    <nct_id>NCT01847066</nct_id>
  </id_info>
  <brief_title>Epidermal Delivery of Ani-Aging Ingredients</brief_title>
  <official_title>Fractional Erbium 2940nm Laser &amp; Impact US for Trans-Epidermal Delivery of Cosmetic Anti-Aging Ingredients for Wrinkles, Acne Scars and Pigmented Skin: A Randomized Split Face &amp; Dorsal Hand Side by Side Study</official_title>
  <sponsors>
    <lead_sponsor>
      <agency>Alma Lasers Inc.</agency>
      <agency_class>Industry</agency_class>
    </lead_sponsor>
  </sponsors>
  <source>Alma Lasers Inc.</source>
  <oversight_info>
    <authority>United States: Institutional Review Board</authority>
    <has_dmc>No</has_dmc>
  </oversight_info>
  <brief_summary>
    <textblock>
      To assess the safety and efficacy of an  ablative fractional, 2940-nm laser combined with
      the US Impact and cosmetic -formulations for improving the appearance of wrinkles, acne
      scars and pigmented skin.
    </textblock>
  </brief_summary>
  <detailed_description>
    <textblock>
      This is a randomized, split face &amp; dorsal hand side by side study. The purpose of the side
      by side study is to determine whether the use of the Impact with the ablative fractional
      2940nm laser  and cosmetics improves the cosmetic  outcomes when compared to using just the
      ablative fractional 2940nm laser with the cosmetics.

      This is a non-significant risk aesthetic clinical study. Only cosmetic formulations will be
      used during the study,  These cosmetic formulations do not contain any ingredient
      categorized as a drug by the FDA.
    </textblock>
  </detailed_description>
  <overall_status>Enrolling by invitation</overall_status>
  <start_date>May 2013</start_date>
  <completion_date type="Anticipated">September 2013</completion_date>
  <primary_completion_date type="Anticipated">September 2013</primary_completion_date>
  <phase>N/A</phase>
  <study_type>Interventional</study_type>
  <study_design>Allocation: Randomized, Endpoint Classification: Efficacy Study, Intervention Model: Parallel Assignment, Masking: Open Label, Primary Purpose: Treatment</study_design>
  <primary_outcome>
    <measure>Clinical Photographs to determine improvement of appearance</measure>
    <time_frame>4 months</time_frame>
    <safety_issue>No</safety_issue>
    <description>An independent panel of qualified blinded physicians (masked) with respect to subject-identity, photo chronology, treatment methodology (with/without Impact module), study time point, and treatment assignment will grade the photographs as determined by:
Clinical Photographs Alexiades-Armenakas Grading Scale Assessment
Clinical Photographs Acne Scar Grading Scale (see section 7.1)
Clinical Photographs Hand Pigmentation Grading Scale (see section 7.1)
Spectrophotometric (Reflectance Spectroscopy) Analysis of La*b* values</description>
  </primary_outcome>
  <number_of_arms>4</number_of_arms>
  <enrollment type="Anticipated">21</enrollment>
  <condition>Wrinkles</condition>
  <condition>Acne Scars</condition>
  <condition>Pigmentation</condition>
  <arm_group>
    <arm_group_label>Erbium plus cosmetics plus Impact</arm_group_label>
    <arm_group_type>Active Comparator</arm_group_type>
    <description>Erbium 2940 plus cosmetics plus Impact Patient shall be treated with erbium 2940nm laser, cosmetics and the Impact.</description>
  </arm_group>
  <arm_group>
    <arm_group_label>Erbium 2940 plus cosmetics</arm_group_label>
    <arm_group_type>Active Comparator</arm_group_type>
    <description>Erbium 2940 plus cosmetics Patient shall be treated with erbium 2940nm laser, cosmetics</description>
  </arm_group>
  <arm_group>
    <arm_group_label>Erbium 2940 plus cosmetics plus Impact</arm_group_label>
    <arm_group_type>Active Comparator</arm_group_type>
    <description>Patient shall be treated with erbium 2940nm laser, cosmetics and the Impact.</description>
  </arm_group>
  <arm_group>
    <arm_group_label>Erbium 2940nm plus cosmetics</arm_group_label>
    <arm_group_type>Active Comparator</arm_group_type>
    <description>Patients shall be treated with Erbium 2940nm laser plus cosmetics only.</description>
  </arm_group>
  <intervention>
    <intervention_type>Device</intervention_type>
    <intervention_name>Erbium 2940 plus cosmetics plus Impact</intervention_name>
    <description>Laser used in all arms</description>
    <arm_group_label>Erbium plus cosmetics plus Impact</arm_group_label>
    <arm_group_label>Erbium 2940 plus cosmetics plus Impact</arm_group_label>
    <other_name>Laser</other_name>
  </intervention>
  <intervention>
    <intervention_type>Device</intervention_type>
    <intervention_name>Erbium 2940 plus cosmetics</intervention_name>
    <description>laser</description>
    <arm_group_label>Erbium 2940 plus cosmetics</arm_group_label>
    <arm_group_label>Erbium 2940nm plus cosmetics</arm_group_label>
    <other_name>Laser</other_name>
  </intervention>
  <eligibility>
    <criteria>
      <textblock>
        Inclusion Criteria:

          -  Male or female in good general health between 35 to 65 years of age.

          -  Must be willing to execute informed consent. Patient must also consent to having
             photos taken at each visit.

          -  A potential subject must exhibit:

        Facial wrinkling, acne scars or pigmentation.

          -  For FEMALE PATIENTS OF CHILDBEARING POTENTIAL, must have had a regular menstrual
             cycle prior to study entry (a female is considered of childbearing potential unless
             she is postmenopausal, without a uterus and/or both ovaries, or has had a bilateral
             tubal ligation) and is willing to use an acceptable form of birth control during the
             entire course of the study [i.e., acceptable methods of birth control are oral
             contraceptives, contraceptive patches/rings/implants Norplanit®, Depo-Provena®,
             double-barrier methods (e.g. condoms and spermicide), abstinence and vasectomies of
             partner with a documented second acceptable method of birth control should the
             subject become sexually active].  All systemic birth control measures must be in
             consistent use at least 30 days prior to study participation.

          -  Must be willing to comply with study visits and complete the entire course of the
             study.

        Exclusion Criteria:

        Subjects meeting any of the following criteria will be excluded from participation:

        The following are exclusion criteria for subjects in this study:

          -  A subject that underwent a laser / light  treatment on the face within 12 months, or
             any topical treatment on the face with 6 months.

          -  A subject with any UNCONTROLLED systemic disease.  A potential subject in whom
             therapy for a systemic disease is not yet stabilized will not be considered for entry
             into the study.

          -  A subject with a significant history or current evidence of a medical, psychological
             or other disorder that, in the investigator's opinion, would preclude enrollment into
             the study.

          -  A subject using any topical product containing a retinoid, retinol, or other vitamin
             A derivative within 3 months prior to or during the study period.

          -  A subject using any systemic steroid therapy within 6 months prior to or during the
             study period.

          -  A subject that has been treated with Botox/Dysport or filler/biostimulatory molecule
             injections to his/her face within the past six months.

          -  A subject using any topical medicated creams, lotions, powders, etc. on the treatment
             areas during the study period, other than the study treatment regimen within 14 days.

          -  A subject that has previously been treated with systemic retinoids within the past
             year (e.g., Accutane®, Roche Dermatologics).

          -  A subject with recently excessive facial exposure to sunlight or artificial UV light
             (e.g.: use of tanning beds/booths and/or sunbathing).  During the study, when
             excessive sun exposure is unavoidable, subjects must wear appropriate protective
             clothing (e.g. hat) and comply with the study dosing regimen of daily application of
             the dispersed sunblock.

          -  A subject with a recent history or active presence of any facial skin
             condition/disease that might interfere with the diagnosis or evaluation of study
             parameters (i.e.  moderate to severe acne vulgaris, atopic dermatitis, psoriasis,
             rosacea, seborrheic dermatitis, excessive facial hair or coloration).

          -  A female subject who is pregnant, nursing an infant or planning a pregnancy during
             the study [throughout the course of the study, women of child-bearing potential must
             use reliable forms of contraception (i.e., oral contraceptive, intrauterine device,
             abstinence, or spermicides and condoms used in combination)].

          -  Current participation or participation within 30 days prior to the start of this
             study in a drug or other investigational research study.

          -  Subjects who are pregnant, breast-feeding, or planning a pregnancy.  Females of
             childbearing potential, must be either:

          -  using the same form (i.e. brand) and dosage regimen of an oral contraceptive pill or
             of a hormonal implant continuously for three months prior to study entry and continue
             during the entire study, or

          -  willing to use a different form of birth control during the study other than any form
             of hormonal methods such as oral contraceptive pills and hormonal implants 30 day
             prior to study entry and during the entire study period. For the purpose of this
             study, the following are considered acceptable methods of birth control:
             double-barrier methods (e.g.: condoms and spermicide), abstinence and vasectomies of
             partner with a documented second acceptable method of birth control should the
             subject become sexually active.
      </textblock>
    </criteria>
    <gender>Both</gender>
    <minimum_age>35 Years</minimum_age>
    <maximum_age>65 Years</maximum_age>
    <healthy_volunteers>Accepts Healthy Volunteers</healthy_volunteers>
  </eligibility>
  <location>
    <facility>
      <name>NY Derm LLC</name>
      <address>
        <city>New York City</city>
        <state>New York</state>
        <zip>10028</zip>
        <country>United States</country>
      </address>
    </facility>
  </location>
  <location_countries>
    <country>United States</country>
  </location_countries>
  <verification_date>May 2013</verification_date>
  <lastchanged_date>May 2, 2013</lastchanged_date>
  <firstreceived_date>May 2, 2013</firstreceived_date>
  <responsible_party>
    <responsible_party_type>Sponsor</responsible_party_type>
  </responsible_party>
  <keyword>wrinkles</keyword>
  <keyword>acne scars</keyword>
  <keyword>pigmentation</keyword>
  <is_fda_regulated>Yes</is_fda_regulated>
  <is_section_801>No</is_section_801>
  <has_expanded_access>No</has_expanded_access>
  <!-- Results have not yet been posted for this study                                -->
</clinical_study>
