<?xml version="1.0" encoding="UTF-8"?>
<clinical_study rank="40">
  <!-- This xml conforms to an XML Schema at:
    https://clinicaltrials.gov/ct2/html/images/info/public.xsd
 and an XML DTD at:
    https://clinicaltrials.gov/ct2/html/images/info/public.dtd -->
  <required_header>
    <download_date>ClinicalTrials.gov processed this data on July 08, 2015</download_date>
    <link_text>Link to the current ClinicalTrials.gov record.</link_text>
    <url>https://clinicaltrials.gov/show/NCT00613444</url>
  </required_header>
  <id_info>
    <org_study_id>Derm 590</org_study_id>
    <secondary_id>HUM00016677</secondary_id>
    <nct_id>NCT00613444</nct_id>
  </id_info>
  <brief_title>Photodynamic Therapy in the Treatment of Acne</brief_title>
  <official_title>Photodynamic Therapy in the Treatment of Acne Vulgaris Using Non-Coherent Red Light (Derm 590)</official_title>
  <sponsors>
    <lead_sponsor>
      <agency>University of Michigan</agency>
      <agency_class>Other</agency_class>
    </lead_sponsor>
  </sponsors>
  <source>University of Michigan</source>
  <oversight_info>
    <authority>United States: Institutional Review Board</authority>
    <has_dmc>No</has_dmc>
  </oversight_info>
  <brief_summary>
    <textblock>
      The purpose of this research project is to study the effect of non-ablative (non-cutting)
      laser therapy, a technique that uses laser energy to try to improve the appearance of the
      skin. This type of laser treatment creates changes in a layer of the skin called the dermis
      without causing an open wound in the skin.  The use of non-ablative laser therapy, together
      with application of a photo-sensitizer (substance that makes the skin more sensitive to
      light), may improve the appearance of acne. The idea behind the photo-sensitizer is that it
      is supposed to make the laser more effective than using just the laser alone. It is not yet
      clear how much improvement can be seen with these treatments or exactly how the skin's
      response causes these improvements.  In this study, we are interested in learning how well
      such a laser works to improve the symptoms of acne, as well as how much the photo-sensitizer
      actually enhances the efficacy of the laser.

      The photo-sensitizing agent (Levulan Kerastick) and the non-ablative laser (LumaCare LC-122M
      non-coherent (multiple wavelengths) light source from LumaCare® Medical Products) are both
      FDA-approved. The Levulan Kerastick is approved for the treatment of another skin disease,
      not acne.
    </textblock>
  </brief_summary>
  <detailed_description>
    <textblock>
      Background

      Acne vulgaris remains among the most common cutaneous disorders, impacting the vast majority
      of people at some point during their lives. It is associated with significant psychosocial
      morbidity, and there remains the need for efficacious and low risk therapeutic options.

      The FDA has approved various lasers and light sources for the treatment of acne. However,
      few randomized, controlled clinical trials have been performed of these devices. In
      addition, the use of topical photosensitizers preceding laser or light-therapy for acne has
      also been examined in a preliminary way with some initial evidence of efficacy. However,
      these trials have been small with modest numbers of subjects, many focus on back acne, and
      treatment protocols vary widely and are often poorly controlled. Photodynamic therapy for
      facial acne is being performed by physicians across the country but little objective data
      regarding this practice is available.

      We have recently conducted a trial of a 1 hour application of a common photosensitizer
      approved by the FDA for acne phototherapy (Levulan, DUSA pharmaceutical) using a pulsed dye
      laser therapy (V-Beam laser, Candela Corp., Wayland, MA, 595 nm wavelength) as the
      activating light source (IRB protocol 2005-0117).  Interim results from our study indicate
      this therapy is effective in a minority of patients.  Accumulating published reports data
      suggests the limited effectiveness of this protocol may be due to inadequate skin
      penetration of the photosensitizing agent and due to the need for an activating light source
      with a longer wavelength of light to allow deeper penetration into the skin.  We wish to
      incorporate these findings to design a protocol that should be more effective for treatment
      of facial acne.

      Objectives

      We propose to evaluate the efficacy and confirm the safety of an FDA-approved non-coherent
      light source (LumaCare LC-122M non-coherent light source with LUM-I, fiber optic probe, 610
      nm-660 nm output range, LumaCare Medical Products, Newport Beach, Ca) used in conjunction
      with a topical photosensitizer (Levulan, DUSA pharmaceutical) in the treatment of acne
      vulgaris. Because one proposed mechanism of action for such treatments includes altered
      sebaceous gland activity, we also seek to examine the effects of this treatment on cutaneous
      sebum production.
    </textblock>
  </detailed_description>
  <overall_status>Withdrawn</overall_status>
  <why_stopped>
    Study was never started due to logistical issues.
  </why_stopped>
  <start_date>February 2008</start_date>
  <completion_date type="Actual">March 2010</completion_date>
  <primary_completion_date type="Actual">February 2008</primary_completion_date>
  <phase>N/A</phase>
  <study_type>Interventional</study_type>
  <study_design>Endpoint Classification: Safety/Efficacy Study, Intervention Model: Single Group Assignment, Masking: Single Blind (Outcomes Assessor), Primary Purpose: Treatment</study_design>
  <primary_outcome>
    <measure>Subtypes of acne lesions including papules, pustules, cysts, open comedones, and closed comedones.  In addition to lesion counts, overall acne severity will be graded by the investigator using the Leeds acne severity scale.</measure>
    <time_frame>Baseline and follow-up evaluations</time_frame>
    <safety_issue>No</safety_issue>
  </primary_outcome>
  <secondary_outcome>
    <measure>Sebum production</measure>
    <time_frame>Baseline and follow-up evaluations</time_frame>
    <safety_issue>No</safety_issue>
  </secondary_outcome>
  <secondary_outcome>
    <measure>Photographs</measure>
    <time_frame>Baseline and follow-up evaluations</time_frame>
    <safety_issue>No</safety_issue>
  </secondary_outcome>
  <number_of_arms>1</number_of_arms>
  <enrollment type="Actual">0</enrollment>
  <condition>Acne Vulgaris</condition>
  <arm_group>
    <arm_group_label>LumaCare LC-122M non-coherent light source</arm_group_label>
    <arm_group_type>Experimental</arm_group_type>
    <description>Split Face Comparison.  One half of subject's face will receive topical photosensitizer applications followed by LumaCare LC-122M non-coherent light source illumination. Subjects will receive a series of up to 6 treatment sessions with a treatment interval of from approximately 1 to 4 weeks. In all cases, light treatment parameters will be within the guidelines normally used clinically for red-light non-coherrent light sources, and thus fluences used will not exceed 75 J/cm2.
The other half of the face will not receive any treatment and will serve as internal control.</description>
  </arm_group>
  <intervention>
    <intervention_type>Device</intervention_type>
    <intervention_name>LumaCare LC-122M non-coherent light source</intervention_name>
    <description>Subjects will receive a series of up to 6 treatment sessions with a treatment interval of from approximately 1 to 4 weeks. In all cases, light treatment parameters will be within the guidelines normally used clinically for red-light non-coherrent light sources, and thus fluences used will not exceed 75 J/cm2.</description>
    <arm_group_label>LumaCare LC-122M non-coherent light source</arm_group_label>
  </intervention>
  <eligibility>
    <criteria>
      <textblock>
        Inclusion Criteria:

          1. Age 15 years or older of either gender and of any racial/ethnic group.

          2. Presence of clinically-evident facial acne.

          3. Subjects must be in generally good health.

          4. Subjects must be able and willing to comply with the requirements of the protocol.

          5. Subjects must have Fitzpatrick skin type I, II or III.

          6. You must live within a reasonable driving distance of Ann Arbor, Michigan, and/or be
             able to attend all of the scheduled appointments during the study.

        Exclusion Criteria:

          1. Oral retinoid use within six months of entry into the study.

          2. Systemic acne therapies (oral antibiotics) within 4 weeks of entry into the study.

          3. Topical acne therapies (retinoids, antibiotics) within 2 weeks of entry into the
             study.

          4. Microdermabrasion or superficial chemical peels at the sites to be treated within 2
             months of entry into the study.

          5. Subjects with a history of dermabrasion or laser resurfacing at the sites to be
             treated.

          6. Use of topical lipid absorbing substances (Clinac AC) within 2 weeks of entry into
             the study.

          7. Non-compliant subjects.

          8. Subjects with a significant medical history or concurrent illness/condition which the
             investigator(s) feel is not safe for study participation.

          9. Subjects using alcohol-based topical solutions or &quot;exfoliating&quot; agents within 2 weeks
             of entry into the study.

         10. Subjects with a history of very frequent herpes simplex infections of the face or
             with clinical evidence of active herpes simplex infections.

         11. History of keloid scar formation for subjects undergoing biopsies.

         12. Pregnant or nursing females.

         13. Subjects with known allergy or hypersensitivity to topical photosensitizing agents.

         14. Subjects with known photosensitivity disorders felt by the investigators to preclude
             safe inclusion in the study.

         15. Subjects with Fitzpatrick skin type IV or greater.

         16. Subjects who have a history of significant post-inflammatory hyperpigmentation at the
             sites of acne lesions.
      </textblock>
    </criteria>
    <gender>Both</gender>
    <minimum_age>15 Years</minimum_age>
    <maximum_age>N/A</maximum_age>
    <healthy_volunteers>No</healthy_volunteers>
  </eligibility>
  <overall_official>
    <last_name>John J Voorhees, MD</last_name>
    <role>Study Chair</role>
    <affiliation>University of Michigan</affiliation>
  </overall_official>
  <location_countries>
    <country>United States</country>
  </location_countries>
  <verification_date>April 2015</verification_date>
  <lastchanged_date>April 30, 2015</lastchanged_date>
  <firstreceived_date>January 30, 2008</firstreceived_date>
  <responsible_party>
    <responsible_party_type>Principal Investigator</responsible_party_type>
    <investigator_affiliation>University of Michigan</investigator_affiliation>
    <investigator_full_name>Jeffrey S. Orringer</investigator_full_name>
    <investigator_title>Professor of Dermatology, Medical School</investigator_title>
  </responsible_party>
  <keyword>Acne</keyword>
  <keyword>laser</keyword>
  <is_fda_regulated>No</is_fda_regulated>
  <has_expanded_access>No</has_expanded_access>
  <condition_browse>
    <!-- CAUTION:  The following MeSH terms are assigned with an imperfect algorithm  -->
    <mesh_term>Acne Vulgaris</mesh_term>
  </condition_browse>
  <!-- Results have not yet been posted for this study                                -->
</clinical_study>
