<?xml version="1.0" encoding="UTF-8"?>
<clinical_study rank="353">
  <!-- This xml conforms to an XML Schema at:
    https://clinicaltrials.gov/ct2/html/images/info/public.xsd
 and an XML DTD at:
    https://clinicaltrials.gov/ct2/html/images/info/public.dtd -->
  <required_header>
    <download_date>ClinicalTrials.gov processed this data on July 08, 2015</download_date>
    <link_text>Link to the current ClinicalTrials.gov record.</link_text>
    <url>https://clinicaltrials.gov/show/NCT01468233</url>
  </required_header>
  <id_info>
    <org_study_id>M11-810</org_study_id>
    <secondary_id>2011-003406-24</secondary_id>
    <nct_id>NCT01468233</nct_id>
  </id_info>
  <brief_title>Efficacy and Safety Study of Adalimumab in the Treatment of Hidradenitis Suppurativa</brief_title>
  <acronym>PIONEER II</acronym>
  <official_title>A Phase 3 Multicenter Study of the Safety and Efficacy of Adalimumab in Subjects With Moderate to Severe Hidradenitis Suppurativa - PIONEER II</official_title>
  <sponsors>
    <lead_sponsor>
      <agency>AbbVie (prior sponsor, Abbott)</agency>
      <agency_class>Industry</agency_class>
    </lead_sponsor>
  </sponsors>
  <source>AbbVie</source>
  <oversight_info>
    <authority>Australia: National Health and Medical Research Council</authority>
    <authority>Canada: Health Canada</authority>
    <authority>Denmark: Ministry of Health</authority>
    <authority>France: Afssaps - Agence francaise de securite sanitaire des produits de sante (Saint-Denis)</authority>
    <authority>Netherlands: The Central Committee on Research Involving Human Subjects (CCMO)</authority>
    <authority>Sweden: Medical Products Agency</authority>
    <authority>Switzerland: Ethikkommission</authority>
    <authority>Turkey: Ministry of Health</authority>
    <authority>United States: Food and Drug Administration</authority>
    <authority>Greece: National Organization of Medicines</authority>
    <has_dmc>Yes</has_dmc>
  </oversight_info>
  <brief_summary>
    <textblock>
      A study to evaluate the safety and efficacy of  treatment in adults with moderate to severe
      hidradenitis suppurativa.
    </textblock>
  </brief_summary>
  <detailed_description>
    <textblock>
      The clinical trial identifier is PIONEER II.  The purpose of this study is to evaluate the
      safety of adalimumab and to determine how well it works in the treatment of adults with
      moderate to severe hidradenitis suppurativa (HS).  HS is a chronic skin disease that creates
      red, swollen, painful bumps which can break open to combine and form tunnels in the skin and
      scars.  Sometimes these bumps can heal themselves quickly and sometimes they will become
      much worse and create sores that heal with multiple combined scars, or areas that do not
      heal. In this study, approximately 300 adults will be enrolled at treatment centers
      worldwide.  Subject participation in this study will be up to 50 weeks.  There will be a
      screening period, which will last from 7 to 30 days, and a study treatment period of up to
      36 weeks.    Study visits occur at Screening, Baseline, and Weeks 2, 4, 8, 12, 14, 16, 20,
      24, 28, 32 and 36 (or sooner if subject  leaves the study before Week 36).  The study is
      divided into two treatment periods. The first period (Period A) will last 12 weeks and the
      second period (Period B) will last 24 weeks.
    </textblock>
  </detailed_description>
  <overall_status>Completed</overall_status>
  <start_date>November 2011</start_date>
  <completion_date type="Actual">April 2014</completion_date>
  <primary_completion_date type="Actual">April 2014</primary_completion_date>
  <phase>Phase 3</phase>
  <study_type>Interventional</study_type>
  <study_design>Allocation: Randomized, Endpoint Classification: Safety/Efficacy Study, Intervention Model: Parallel Assignment, Masking: Double Blind (Subject, Investigator), Primary Purpose: Treatment</study_design>
  <primary_outcome>
    <measure>Proportion of subjects achieving clinical response at Week 12</measure>
    <time_frame>Baseline (Week 0) up to Week 12</time_frame>
    <safety_issue>No</safety_issue>
    <description>Subjects achieving  improvement in hidradenitis suppurativa severity.</description>
  </primary_outcome>
  <secondary_outcome>
    <measure>Proportion of subjects achieving counts  of 0, 1, or 2 at Week 12</measure>
    <time_frame>Baseline (Week 0) up to Week 12</time_frame>
    <safety_issue>No</safety_issue>
    <description>Subjects counts lowered  to 0, 1, or 2 at Week 12, among subjects with Hurley Stage II at Baseline</description>
  </secondary_outcome>
  <secondary_outcome>
    <measure>Reduction in patient skin pain assessment at Week 12</measure>
    <time_frame>Baseline (Week 0) up to Week 12</time_frame>
    <safety_issue>No</safety_issue>
    <description>Proportion of subjects who achieve a reduction, and at least 1 unit reduction from baseline in their skin pain at measured by the Patient's Global Assessment of Skin Pain (NRS30) at Week 12</description>
  </secondary_outcome>
  <secondary_outcome>
    <measure>Change in Sartorius scale</measure>
    <time_frame>Baseline (Week 0) and Week 12</time_frame>
    <safety_issue>No</safety_issue>
    <description>Change in Sartorius scale from Baseline to Week 12</description>
  </secondary_outcome>
  <number_of_arms>3</number_of_arms>
  <enrollment type="Actual">326</enrollment>
  <condition>Hidradenitis Suppurativa</condition>
  <arm_group>
    <arm_group_label>adalimumab every week (ew)</arm_group_label>
    <arm_group_type>Experimental</arm_group_type>
    <description>adalimumab every week</description>
  </arm_group>
  <arm_group>
    <arm_group_label>placebo</arm_group_label>
    <arm_group_type>Placebo Comparator</arm_group_type>
    <description>placebo</description>
  </arm_group>
  <arm_group>
    <arm_group_label>adalimumab every other week (eow)</arm_group_label>
    <arm_group_type>Experimental</arm_group_type>
    <description>adalimumab every other week (eow)</description>
  </arm_group>
  <intervention>
    <intervention_type>Biological</intervention_type>
    <intervention_name>adalimumab</intervention_name>
    <description>Prefilled syringe, adalimumab subcutaneous every week</description>
    <arm_group_label>adalimumab every week (ew)</arm_group_label>
    <other_name>Humira</other_name>
  </intervention>
  <intervention>
    <intervention_type>Biological</intervention_type>
    <intervention_name>placebo</intervention_name>
    <description>Prefilled syringe, placebo every week</description>
    <arm_group_label>placebo</arm_group_label>
    <other_name>placebo</other_name>
  </intervention>
  <intervention>
    <intervention_type>Biological</intervention_type>
    <intervention_name>adalimumab</intervention_name>
    <description>Prefilled syringe, subcutaneous every other week (eow)</description>
    <arm_group_label>adalimumab every other week (eow)</arm_group_label>
    <other_name>Humira</other_name>
  </intervention>
  <eligibility>
    <criteria>
      <textblock>
        Inclusion Criteria:

          -  Adults must have a diagnosis of hidradenitis suppurativa (HS) for at least 1 year
             prior to Baseline.

          -  HS lesions must be present in at least two distinct anatomical areas,  one of which
             must be at least Hurley Stage II or Hurley Stage III.

          -  Subject must have stable HS for at least 60 days prior to Screening visit and at
             Baseline visit.

          -  Subject must have experienced an inadequate response to at least a 90 day treatment
             of oral antibiotics for treatment of HS.

          -  Subject must have a count of greater than or equal to 3 at baseline.

        Exclusion Criteria:

          -  Subject was previously treated with adalimumab or another anti-TNF therapy (e.g.,
             infliximab or etanercept).

          -  Subjects on permitted oral antibiotic treatment  for HS who have not been on a stable
             dose for at least 28 days prior to the Baseline visit;

          -  Subject received oral concomitant analgesics (including opioids) for HS-related pain
             within 14 days prior to Baseline visit.

          -  If entering the study on concomitant oral analgesics for non-HS related pain:

               -  Subject on opioid analgesics within 14 days prior to Baseline visit;

               -  Subject not on a stable dose of non-opioid oral analgesics for at least 14 days
                  prior to the Baseline visit (&quot;as needed&quot; is not considered a stable dose).
      </textblock>
    </criteria>
    <gender>Both</gender>
    <minimum_age>18 Years</minimum_age>
    <maximum_age>N/A</maximum_age>
    <healthy_volunteers>No</healthy_volunteers>
  </eligibility>
  <overall_official>
    <last_name>Martin  Okun, MD</last_name>
    <role>Study Chair</role>
    <affiliation>AbbVie</affiliation>
  </overall_official>
  <location>
    <facility>
      <name>Site Reference ID/Investigator# 56314</name>
      <address>
        <city>San Diego</city>
        <state>California</state>
        <zip>92122</zip>
        <country>United States</country>
      </address>
    </facility>
  </location>
  <location>
    <facility>
      <name>Site Reference ID/Investigator# 61049</name>
      <address>
        <city>Farmington</city>
        <state>Connecticut</state>
        <zip>06032</zip>
        <country>United States</country>
      </address>
    </facility>
  </location>
  <location>
    <facility>
      <name>Site Reference ID/Investigator# 57623</name>
      <address>
        <city>Dunedin</city>
        <state>Florida</state>
        <zip>34698</zip>
        <country>United States</country>
      </address>
    </facility>
  </location>
  <location>
    <facility>
      <name>Site Reference ID/Investigator# 56323</name>
      <address>
        <city>Orange Park</city>
        <state>Florida</state>
        <zip>32073-4120</zip>
        <country>United States</country>
      </address>
    </facility>
  </location>
  <location>
    <facility>
      <name>Site Reference ID/Investigator# 95826</name>
      <address>
        <city>Tampa</city>
        <state>Florida</state>
        <zip>33624</zip>
        <country>United States</country>
      </address>
    </facility>
  </location>
  <location>
    <facility>
      <name>Site Reference ID/Investigator# 59704</name>
      <address>
        <city>Chicago</city>
        <state>Illinois</state>
        <zip>60611</zip>
        <country>United States</country>
      </address>
    </facility>
  </location>
  <location>
    <facility>
      <name>Site Reference ID/Investigator# 48827</name>
      <address>
        <city>Boston</city>
        <state>Massachusetts</state>
        <zip>02114</zip>
        <country>United States</country>
      </address>
    </facility>
  </location>
  <location>
    <facility>
      <name>Site Reference ID/Investigator# 58902</name>
      <address>
        <city>Boston</city>
        <state>Massachusetts</state>
        <zip>02111</zip>
        <country>United States</country>
      </address>
    </facility>
  </location>
  <location>
    <facility>
      <name>Site Reference ID/Investigator# 56308</name>
      <address>
        <city>Fort Gratiot</city>
        <state>Michigan</state>
        <zip>48059</zip>
        <country>United States</country>
      </address>
    </facility>
  </location>
  <location>
    <facility>
      <name>Site Reference ID/Investigator# 96095</name>
      <address>
        <city>Sterling Heights</city>
        <state>Michigan</state>
        <zip>48314</zip>
        <country>United States</country>
      </address>
    </facility>
  </location>
  <location>
    <facility>
      <name>Site Reference ID/Investigator# 59203</name>
      <address>
        <city>Omaha</city>
        <state>Nebraska</state>
        <zip>68144</zip>
        <country>United States</country>
      </address>
    </facility>
  </location>
  <location>
    <facility>
      <name>Site Reference ID/Investigator# 95825</name>
      <address>
        <city>Henderson</city>
        <state>Nevada</state>
        <zip>89074</zip>
        <country>United States</country>
      </address>
    </facility>
  </location>
  <location>
    <facility>
      <name>Site Reference ID/Investigator# 95830</name>
      <address>
        <city>Henderson</city>
        <state>Nevada</state>
        <zip>89074</zip>
        <country>United States</country>
      </address>
    </facility>
  </location>
  <location>
    <facility>
      <name>Site Reference ID/Investigator# 56317</name>
      <address>
        <city>Chapel Hill</city>
        <state>North Carolina</state>
        <zip>27516</zip>
        <country>United States</country>
      </address>
    </facility>
  </location>
  <location>
    <facility>
      <name>Site Reference ID/Investigator# 56316</name>
      <address>
        <city>Winston-Salem</city>
        <state>North Carolina</state>
        <zip>27103</zip>
        <country>United States</country>
      </address>
    </facility>
  </location>
  <location>
    <facility>
      <name>Site Reference ID/Investigator# 56305</name>
      <address>
        <city>Pittsburgh</city>
        <state>Pennsylvania</state>
        <zip>15213</zip>
        <country>United States</country>
      </address>
    </facility>
  </location>
  <location>
    <facility>
      <name>Site Reference ID/Investigator# 56306</name>
      <address>
        <city>Nashville</city>
        <state>Tennessee</state>
        <zip>37215</zip>
        <country>United States</country>
      </address>
    </facility>
  </location>
  <location>
    <facility>
      <name>Site Reference ID/Investigator# 48828</name>
      <address>
        <city>Norfolk</city>
        <state>Virginia</state>
        <zip>23507</zip>
        <country>United States</country>
      </address>
    </facility>
  </location>
  <location>
    <facility>
      <name>Site Reference ID/Investigator# 102495</name>
      <address>
        <city>Seattle</city>
        <state>Washington</state>
        <zip>98101</zip>
        <country>United States</country>
      </address>
    </facility>
  </location>
  <location>
    <facility>
      <name>Site Reference ID/Investigator# 68063</name>
      <address>
        <city>Benowa</city>
        <zip>4217</zip>
        <country>Australia</country>
      </address>
    </facility>
  </location>
  <location>
    <facility>
      <name>Site Reference ID/Investigator# 65727</name>
      <address>
        <city>Carlton</city>
        <zip>3053</zip>
        <country>Australia</country>
      </address>
    </facility>
  </location>
  <location>
    <facility>
      <name>Site Reference ID/Investigator# 65729</name>
      <address>
        <city>Fremantle</city>
        <zip>6160</zip>
        <country>Australia</country>
      </address>
    </facility>
  </location>
  <location>
    <facility>
      <name>Site Reference ID/Investigator# 68082</name>
      <address>
        <city>Phillip</city>
        <zip>2606</zip>
        <country>Australia</country>
      </address>
    </facility>
  </location>
  <location>
    <facility>
      <name>Site Reference ID/Investigator# 65723</name>
      <address>
        <city>St. Leonards</city>
        <zip>2065</zip>
        <country>Australia</country>
      </address>
    </facility>
  </location>
  <location>
    <facility>
      <name>Site Reference ID/Investigator# 65726</name>
      <address>
        <city>Woolloongabba</city>
        <zip>4102</zip>
        <country>Australia</country>
      </address>
    </facility>
  </location>
  <location>
    <facility>
      <name>Site Reference ID/Investigator# 61865</name>
      <address>
        <city>Barrie</city>
        <zip>L4M 6L2</zip>
        <country>Canada</country>
      </address>
    </facility>
  </location>
  <location>
    <facility>
      <name>Site Reference ID/Investigator# 60686</name>
      <address>
        <city>Halifax</city>
        <zip>B3H 0A2</zip>
        <country>Canada</country>
      </address>
    </facility>
  </location>
  <location>
    <facility>
      <name>Site Reference ID/Investigator# 60290</name>
      <address>
        <city>Moncton</city>
        <zip>E1C 8X3</zip>
        <country>Canada</country>
      </address>
    </facility>
  </location>
  <location>
    <facility>
      <name>Site Reference ID/Investigator# 100415</name>
      <address>
        <city>Peterborough</city>
        <zip>K9J 1Z2</zip>
        <country>Canada</country>
      </address>
    </facility>
  </location>
  <location>
    <facility>
      <name>Site Reference ID/Investigator# 60288</name>
      <address>
        <city>Surrey</city>
        <zip>V3V 0C6</zip>
        <country>Canada</country>
      </address>
    </facility>
  </location>
  <location>
    <facility>
      <name>Site Reference ID/Investigator# 60687</name>
      <address>
        <city>Waterloo</city>
        <zip>N2J 1C4</zip>
        <country>Canada</country>
      </address>
    </facility>
  </location>
  <location>
    <facility>
      <name>Site Reference ID/Investigator# 60088</name>
      <address>
        <city>Aarhus C</city>
        <zip>8000</zip>
        <country>Denmark</country>
      </address>
    </facility>
  </location>
  <location>
    <facility>
      <name>Site Reference ID/Investigator# 60090</name>
      <address>
        <city>Copenhagen NV</city>
        <zip>2400</zip>
        <country>Denmark</country>
      </address>
    </facility>
  </location>
  <location>
    <facility>
      <name>Site Reference ID/Investigator# 60089</name>
      <address>
        <city>Hellerup</city>
        <zip>2900</zip>
        <country>Denmark</country>
      </address>
    </facility>
  </location>
  <location>
    <facility>
      <name>Site Reference ID/Investigator# 60091</name>
      <address>
        <city>Roskilde</city>
        <zip>4000</zip>
        <country>Denmark</country>
      </address>
    </facility>
  </location>
  <location>
    <facility>
      <name>Site Reference ID/Investigator# 60093</name>
      <address>
        <city>Nantes Cedex 1</city>
        <zip>44093</zip>
        <country>France</country>
      </address>
    </facility>
  </location>
  <location>
    <facility>
      <name>Site Reference ID/Investigator# 60092</name>
      <address>
        <city>Paris Cedex 10</city>
        <zip>75475</zip>
        <country>France</country>
      </address>
    </facility>
  </location>
  <location>
    <facility>
      <name>Site Reference ID/Investigator# 62678</name>
      <address>
        <city>Pessac</city>
        <zip>33604</zip>
        <country>France</country>
      </address>
    </facility>
  </location>
  <location>
    <facility>
      <name>Site Reference ID/Investigator# 62680</name>
      <address>
        <city>Poitiers Cedex</city>
        <zip>86021</zip>
        <country>France</country>
      </address>
    </facility>
  </location>
  <location>
    <facility>
      <name>Site Reference ID/Investigator# 64182</name>
      <address>
        <city>Reims Cedex</city>
        <zip>51090</zip>
        <country>France</country>
      </address>
    </facility>
  </location>
  <location>
    <facility>
      <name>Site Reference ID/Investigator# 60096</name>
      <address>
        <city>Athens</city>
        <zip>16121</zip>
        <country>Greece</country>
      </address>
    </facility>
  </location>
  <location>
    <facility>
      <name>Site Reference ID/Investigator# 62681</name>
      <address>
        <city>Athens</city>
        <zip>16121</zip>
        <country>Greece</country>
      </address>
    </facility>
  </location>
  <location>
    <facility>
      <name>Site Reference ID/Investigator# 60097</name>
      <address>
        <city>Haidari, Athens</city>
        <zip>12462</zip>
        <country>Greece</country>
      </address>
    </facility>
  </location>
  <location>
    <facility>
      <name>Site Reference ID/Investigator# 62683</name>
      <address>
        <city>Thessaloniki</city>
        <zip>54643</zip>
        <country>Greece</country>
      </address>
    </facility>
  </location>
  <location>
    <facility>
      <name>Site Reference ID/Investigator# 60100</name>
      <address>
        <city>Amsterdam</city>
        <zip>1105 AZ</zip>
        <country>Netherlands</country>
      </address>
    </facility>
  </location>
  <location>
    <facility>
      <name>Site Reference ID/Investigator# 81814</name>
      <address>
        <city>Breda</city>
        <zip>4818 CK</zip>
        <country>Netherlands</country>
      </address>
    </facility>
  </location>
  <location>
    <facility>
      <name>Site Reference ID/Investigator# 60101</name>
      <address>
        <city>Rotterdam</city>
        <zip>3015 CA</zip>
        <country>Netherlands</country>
      </address>
    </facility>
  </location>
  <location>
    <facility>
      <name>Site Reference ID/Investigator# 58814</name>
      <address>
        <city>Carolina</city>
        <zip>00985</zip>
        <country>Puerto Rico</country>
      </address>
    </facility>
  </location>
  <location>
    <facility>
      <name>Site Reference ID/Investigator# 62382</name>
      <address>
        <city>Lund</city>
        <zip>22185</zip>
        <country>Sweden</country>
      </address>
    </facility>
  </location>
  <location>
    <facility>
      <name>Site Reference ID/Investigator# 60103</name>
      <address>
        <city>Stockholm</city>
        <zip>17176</zip>
        <country>Sweden</country>
      </address>
    </facility>
  </location>
  <location>
    <facility>
      <name>Site Reference ID/Investigator# 67605</name>
      <address>
        <city>Bern</city>
        <zip>3010</zip>
        <country>Switzerland</country>
      </address>
    </facility>
  </location>
  <location>
    <facility>
      <name>Site Reference ID/Investigator# 69302</name>
      <address>
        <city>Geneva 14</city>
        <zip>1211</zip>
        <country>Switzerland</country>
      </address>
    </facility>
  </location>
  <location>
    <facility>
      <name>Site Reference ID/Investigator# 67606</name>
      <address>
        <city>Lausanne</city>
        <zip>1011</zip>
        <country>Switzerland</country>
      </address>
    </facility>
  </location>
  <location>
    <facility>
      <name>Site Reference ID/Investigator# 70253</name>
      <address>
        <city>St. Gallen</city>
        <zip>9007</zip>
        <country>Switzerland</country>
      </address>
    </facility>
  </location>
  <location>
    <facility>
      <name>Site Reference ID/Investigator# 67603</name>
      <address>
        <city>Zurich</city>
        <zip>8091</zip>
        <country>Switzerland</country>
      </address>
    </facility>
  </location>
  <location>
    <facility>
      <name>Site Reference ID/Investigator# 60672</name>
      <address>
        <city>Ankara</city>
        <zip>06100</zip>
        <country>Turkey</country>
      </address>
    </facility>
  </location>
  <location>
    <facility>
      <name>Site Reference ID/Investigator# 60670</name>
      <address>
        <city>Istanbul</city>
        <zip>34390</zip>
        <country>Turkey</country>
      </address>
    </facility>
  </location>
  <location>
    <facility>
      <name>Site Reference ID/Investigator# 60671</name>
      <address>
        <city>Istanbul</city>
        <zip>34093</zip>
        <country>Turkey</country>
      </address>
    </facility>
  </location>
  <location_countries>
    <country>United States</country>
    <country>Australia</country>
    <country>Canada</country>
    <country>Denmark</country>
    <country>France</country>
    <country>Greece</country>
    <country>Netherlands</country>
    <country>Puerto Rico</country>
    <country>Sweden</country>
    <country>Switzerland</country>
    <country>Turkey</country>
  </location_countries>
  <link>
    <url>http://rxabbvie.com</url>
    <description>This clinical study may be evaluating a usage that is not currently FDA approved. Please see US Prescribing Information for approved uses.</description>
  </link>
  <verification_date>April 2015</verification_date>
  <lastchanged_date>April 28, 2015</lastchanged_date>
  <firstreceived_date>November 7, 2011</firstreceived_date>
  <responsible_party>
    <responsible_party_type>Sponsor</responsible_party_type>
  </responsible_party>
  <keyword>placebo controlled</keyword>
  <keyword>double blind</keyword>
  <keyword>adalimumab</keyword>
  <keyword>TNF</keyword>
  <keyword>psoriasis</keyword>
  <keyword>HS</keyword>
  <keyword>PIONEER II</keyword>
  <keyword>hidradenitis suppurativa</keyword>
  <keyword>acne inversa</keyword>
  <keyword>boil</keyword>
  <keyword>acne</keyword>
  <is_fda_regulated>Yes</is_fda_regulated>
  <is_section_801>Yes</is_section_801>
  <has_expanded_access>No</has_expanded_access>
  <condition_browse>
    <!-- CAUTION:  The following MeSH terms are assigned with an imperfect algorithm  -->
    <mesh_term>Hidradenitis</mesh_term>
    <mesh_term>Hidradenitis Suppurativa</mesh_term>
  </condition_browse>
  <intervention_browse>
    <!-- CAUTION:  The following MeSH terms are assigned with an imperfect algorithm  -->
    <mesh_term>Adalimumab</mesh_term>
  </intervention_browse>
  <!-- Results have not yet been posted for this study                                -->
</clinical_study>
