<?xml version="1.0" encoding="UTF-8"?>
<clinical_study rank="173">
  <!-- This xml conforms to an XML Schema at:
    https://clinicaltrials.gov/ct2/html/images/info/public.xsd
 and an XML DTD at:
    https://clinicaltrials.gov/ct2/html/images/info/public.dtd -->
  <required_header>
    <download_date>ClinicalTrials.gov processed this data on July 08, 2015</download_date>
    <link_text>Link to the current ClinicalTrials.gov record.</link_text>
    <url>https://clinicaltrials.gov/show/NCT01293552</url>
  </required_header>
  <id_info>
    <org_study_id>ANT-1207-101-ACNE</org_study_id>
    <nct_id>NCT01293552</nct_id>
  </id_info>
  <brief_title>Clinical Trial To Evaluate ANT-1207 In Subjects With Acne</brief_title>
  <official_title>Clinical Trial To Evaluate Botulinum Neurotoxin Type A (ANT-1207) In Subjects With Acne</official_title>
  <sponsors>
    <lead_sponsor>
      <agency>Anterios Inc.</agency>
      <agency_class>Industry</agency_class>
    </lead_sponsor>
  </sponsors>
  <source>Anterios Inc.</source>
  <oversight_info>
    <authority>United States: Food and Drug Administration</authority>
    <has_dmc>Yes</has_dmc>
  </oversight_info>
  <brief_summary>
    <textblock>
      The purpose of this study is to provide evidence of the safety, tolerance, and efficacy of
      ANT-1207 in the treatment of acne.
    </textblock>
  </brief_summary>
  <overall_status>Completed</overall_status>
  <start_date>January 2011</start_date>
  <completion_date type="Actual">July 2012</completion_date>
  <primary_completion_date type="Actual">April 2012</primary_completion_date>
  <phase>Phase 2</phase>
  <study_type>Interventional</study_type>
  <study_design>Allocation: Randomized, Endpoint Classification: Efficacy Study, Intervention Model: Parallel Assignment, Masking: Double Blind (Subject, Investigator), Primary Purpose: Treatment</study_design>
  <primary_outcome>
    <measure>Efficacy will be assessed by lesion count.</measure>
    <time_frame>Week 4</time_frame>
    <safety_issue>No</safety_issue>
    <description>inflammatory lesion count (papules, pustules, and nodules) and non-inflammatory lesion count (open and closed comedones)</description>
  </primary_outcome>
  <secondary_outcome>
    <measure>Change from Baseline in Investigator Global Assessment Score</measure>
    <time_frame>Week 1, 2, 4, 8, and 12</time_frame>
    <safety_issue>No</safety_issue>
  </secondary_outcome>
  <secondary_outcome>
    <measure>Change from Baseline in Lesion Count</measure>
    <time_frame>Week 1, 2, 4, 8, 12</time_frame>
    <safety_issue>No</safety_issue>
  </secondary_outcome>
  <number_of_arms>5</number_of_arms>
  <enrollment type="Actual">72</enrollment>
  <condition>Acne Vulgaris</condition>
  <arm_group>
    <arm_group_label>Control</arm_group_label>
    <arm_group_type>Placebo Comparator</arm_group_type>
    <description>blank vehicle formulation</description>
  </arm_group>
  <arm_group>
    <arm_group_label>Dose 1</arm_group_label>
    <arm_group_type>Experimental</arm_group_type>
    <description>Dose 1</description>
  </arm_group>
  <arm_group>
    <arm_group_label>Dose 2</arm_group_label>
    <arm_group_type>Experimental</arm_group_type>
    <description>Dose 2</description>
  </arm_group>
  <arm_group>
    <arm_group_label>Dose 3</arm_group_label>
    <arm_group_type>Experimental</arm_group_type>
    <description>Dose 3</description>
  </arm_group>
  <arm_group>
    <arm_group_label>Dose 4</arm_group_label>
    <arm_group_type>Experimental</arm_group_type>
    <description>Dose 4</description>
  </arm_group>
  <intervention>
    <intervention_type>Biological</intervention_type>
    <intervention_name>ANT-1207</intervention_name>
    <description>single dose application</description>
    <arm_group_label>Dose 1</arm_group_label>
    <arm_group_label>Dose 2</arm_group_label>
    <arm_group_label>Dose 3</arm_group_label>
    <arm_group_label>Dose 4</arm_group_label>
  </intervention>
  <intervention>
    <intervention_type>Biological</intervention_type>
    <intervention_name>Vehicle</intervention_name>
    <arm_group_label>Control</arm_group_label>
    <other_name>Placebo</other_name>
  </intervention>
  <eligibility>
    <criteria>
      <textblock>
        Inclusion Criteria:

          -  diagnosis of moderate to severe facial acne

          -  15 to 40 papules and pustules, and 5 to 50 open and/or closed comedones

          -  no presence of nodules

          -  female subjects must be not pregnant and non-lactating

        Exclusion Criteria:

          -  presence of 1 or more nodules

          -  use of topical steroids on the face 4 weeks prior and during the study

          -  use of systemic corticosteroids 6 weeks prior and during the study

          -  topical or systemic acne treatment in the 4 weeks prior to Baseline
      </textblock>
    </criteria>
    <gender>Both</gender>
    <minimum_age>18 Years</minimum_age>
    <maximum_age>70 Years</maximum_age>
    <healthy_volunteers>No</healthy_volunteers>
  </eligibility>
  <location>
    <facility>
      <name>Total Skin &amp; Beauty Dermatology Center</name>
      <address>
        <city>Birmingham</city>
        <state>Alabama</state>
        <zip>35205</zip>
        <country>United States</country>
      </address>
    </facility>
  </location>
  <location>
    <facility>
      <name>International Dermatology Research</name>
      <address>
        <city>Miami</city>
        <state>Florida</state>
        <zip>33144</zip>
        <country>United States</country>
      </address>
    </facility>
  </location>
  <location>
    <facility>
      <name>Palm Beach Esthetic Dermatology and Laser Center</name>
      <address>
        <city>West Palm Beach</city>
        <state>Florida</state>
        <zip>33401</zip>
        <country>United States</country>
      </address>
    </facility>
  </location>
  <location>
    <facility>
      <name>Gwinnett Clinical Research Center Inc.</name>
      <address>
        <city>Snellville</city>
        <state>Georgia</state>
        <zip>30078</zip>
        <country>United States</country>
      </address>
    </facility>
  </location>
  <location>
    <facility>
      <name>Dermatology Specialists Research, LLC</name>
      <address>
        <city>Louisville</city>
        <state>Kentucky</state>
        <zip>40202</zip>
        <country>United States</country>
      </address>
    </facility>
  </location>
  <location>
    <facility>
      <name>William Coleman III, MD, APMC</name>
      <address>
        <city>Metairie</city>
        <state>Louisiana</state>
        <zip>70006</zip>
        <country>United States</country>
      </address>
    </facility>
  </location>
  <location>
    <facility>
      <name>Grekin Skin Institute</name>
      <address>
        <city>Warren</city>
        <state>Michigan</state>
        <zip>48088</zip>
        <country>United States</country>
      </address>
    </facility>
  </location>
  <location>
    <facility>
      <name>The Dermatology Group, P.C.</name>
      <address>
        <city>Verona</city>
        <state>New Jersey</state>
        <zip>07044</zip>
        <country>United States</country>
      </address>
    </facility>
  </location>
  <location>
    <facility>
      <name>Gramercy Park Dermatology</name>
      <address>
        <city>New York</city>
        <state>New York</state>
        <zip>10010</zip>
        <country>United States</country>
      </address>
    </facility>
  </location>
  <location>
    <facility>
      <name>Skin Search of Rochester, Inc</name>
      <address>
        <city>Rochester</city>
        <state>New York</state>
        <zip>14623</zip>
        <country>United States</country>
      </address>
    </facility>
  </location>
  <location>
    <facility>
      <name>Dermatology Consulting Services</name>
      <address>
        <city>High Point</city>
        <state>North Carolina</state>
        <zip>27262</zip>
        <country>United States</country>
      </address>
    </facility>
  </location>
  <location>
    <facility>
      <name>Penn State Hershey Medical Center Department of Dermatology</name>
      <address>
        <city>Hershey</city>
        <state>Pennsylvania</state>
        <zip>17033</zip>
        <country>United States</country>
      </address>
    </facility>
  </location>
  <location>
    <facility>
      <name>Yardley Dermatology Associates</name>
      <address>
        <city>Yardley</city>
        <state>Pennsylvania</state>
        <zip>19067</zip>
        <country>United States</country>
      </address>
    </facility>
  </location>
  <location>
    <facility>
      <name>The Skin Wellness Center</name>
      <address>
        <city>Knoxville</city>
        <state>Tennessee</state>
        <zip>37922</zip>
        <country>United States</country>
      </address>
    </facility>
  </location>
  <location>
    <facility>
      <name>DermResearch, Inc.</name>
      <address>
        <city>Austin</city>
        <state>Texas</state>
        <zip>78759</zip>
        <country>United States</country>
      </address>
    </facility>
  </location>
  <location_countries>
    <country>United States</country>
  </location_countries>
  <verification_date>June 2013</verification_date>
  <lastchanged_date>June 28, 2013</lastchanged_date>
  <firstreceived_date>February 9, 2011</firstreceived_date>
  <responsible_party>
    <responsible_party_type>Sponsor</responsible_party_type>
  </responsible_party>
  <is_fda_regulated>Yes</is_fda_regulated>
  <is_section_801>Yes</is_section_801>
  <has_expanded_access>No</has_expanded_access>
  <condition_browse>
    <!-- CAUTION:  The following MeSH terms are assigned with an imperfect algorithm  -->
    <mesh_term>Acne Vulgaris</mesh_term>
  </condition_browse>
  <!-- Results have not yet been posted for this study                                -->
</clinical_study>
