<?xml version="1.0" encoding="UTF-8"?>
<clinical_study rank="304">
  <!-- This xml conforms to an XML Schema at:
    https://clinicaltrials.gov/ct2/html/images/info/public.xsd
 and an XML DTD at:
    https://clinicaltrials.gov/ct2/html/images/info/public.dtd -->
  <required_header>
    <download_date>ClinicalTrials.gov processed this data on July 08, 2015</download_date>
    <link_text>Link to the current ClinicalTrials.gov record.</link_text>
    <url>https://clinicaltrials.gov/show/NCT01815450</url>
  </required_header>
  <id_info>
    <org_study_id>BLI1100-202</org_study_id>
    <nct_id>NCT01815450</nct_id>
  </id_info>
  <brief_title>BLI1100-202: BLI1100 for the Treatment of Moderate to Severe Acne Vulgaris</brief_title>
  <sponsors>
    <lead_sponsor>
      <agency>Braintree Laboratories</agency>
      <agency_class>Industry</agency_class>
    </lead_sponsor>
  </sponsors>
  <source>Braintree Laboratories</source>
  <oversight_info>
    <authority>United States: Food and Drug Administration</authority>
    <has_dmc>No</has_dmc>
  </oversight_info>
  <brief_summary>
    <textblock>
      The purpose of this study is to compare the safety and efficacy of BLI1100 formulations to
      placebo for the treatment of moderate to severe acne vulgaris.
    </textblock>
  </brief_summary>
  <overall_status>Completed</overall_status>
  <start_date>February 2013</start_date>
  <primary_completion_date type="Actual">November 2013</primary_completion_date>
  <phase>Phase 2</phase>
  <study_type>Interventional</study_type>
  <study_design>Allocation: Randomized, Endpoint Classification: Safety/Efficacy Study, Intervention Model: Parallel Assignment, Masking: Double Blind (Investigator, Outcomes Assessor), Primary Purpose: Treatment</study_design>
  <primary_outcome>
    <measure>Change in total lesion count</measure>
    <time_frame>Baseline to Week 12</time_frame>
    <safety_issue>No</safety_issue>
  </primary_outcome>
  <secondary_outcome>
    <measure>Percent change in total lesion count</measure>
    <time_frame>Baseline to Week 12</time_frame>
    <safety_issue>No</safety_issue>
  </secondary_outcome>
  <secondary_outcome>
    <measure>Investigator's Global Assessment</measure>
    <time_frame>12 weeks</time_frame>
    <safety_issue>No</safety_issue>
    <description>Rating of overall facial acne on a 5 point scale (0=clear, 4 = severe)</description>
  </secondary_outcome>
  <secondary_outcome>
    <measure>Local Tolerability Score</measure>
    <time_frame>12 weeks</time_frame>
    <safety_issue>Yes</safety_issue>
    <description>Rating of facial symptoms on a 4 point scale (0=none, 3=severe)</description>
  </secondary_outcome>
  <number_of_arms>3</number_of_arms>
  <enrollment type="Actual">369</enrollment>
  <condition>Acne Vulgaris</condition>
  <arm_group>
    <arm_group_label>BLI1100</arm_group_label>
    <arm_group_type>Experimental</arm_group_type>
    <description>BLI1100 topical cream</description>
  </arm_group>
  <arm_group>
    <arm_group_label>BLI1100 - modified formulation</arm_group_label>
    <arm_group_type>Experimental</arm_group_type>
    <description>BLI1100 topical cream</description>
  </arm_group>
  <arm_group>
    <arm_group_label>Placebo</arm_group_label>
    <arm_group_type>Placebo Comparator</arm_group_type>
    <description>Topical cream</description>
  </arm_group>
  <intervention>
    <intervention_type>Drug</intervention_type>
    <intervention_name>BLI1100</intervention_name>
    <description>BLI1100 topical cream</description>
    <arm_group_label>BLI1100</arm_group_label>
  </intervention>
  <intervention>
    <intervention_type>Drug</intervention_type>
    <intervention_name>BLI1100 - modified formulation</intervention_name>
    <description>BLI1100 topical cream</description>
    <arm_group_label>BLI1100 - modified formulation</arm_group_label>
  </intervention>
  <intervention>
    <intervention_type>Drug</intervention_type>
    <intervention_name>Placebo</intervention_name>
    <description>Placebo topical cream</description>
    <arm_group_label>Placebo</arm_group_label>
  </intervention>
  <eligibility>
    <criteria>
      <textblock>
        Inclusion Criteria:

          -  Males or females 12 to 45 years of age with facial acne vulgaris

          -  Qualifying Investigator's Global Assessment severity score

          -  Qualifying number of non-inflammatory lesions

          -  Qualifying number of inflammatory lesions

        Exclusion Criteria:

          -  Facial hair (beard), excessive scarring, sunburn or other disfigurement that may
             obscure the accurate assessment of acne grade

          -  Using medications that are reported to exacerbate acne

          -  Any clinically relevant finding at their baseline physical examination or
             dermatological medical history such as severe systemic diseases or diseases of the
             facial skin

          -  Have a known hypersensitivity or previous allergic reaction to any of the components

          -  Patients who have participated in an investigational clinical, surgical, drug, or
             device study within the past 30 days

          -  Patients who, in the opinion of the investigator, should not be included in the study
             for any reason, including inability to follow study procedures
      </textblock>
    </criteria>
    <gender>Both</gender>
    <minimum_age>12 Years</minimum_age>
    <maximum_age>45 Years</maximum_age>
    <healthy_volunteers>No</healthy_volunteers>
  </eligibility>
  <overall_official>
    <last_name>John McGowan, MPH</last_name>
    <role>Study Director</role>
    <affiliation>Braintree Laboratories, Inc.</affiliation>
  </overall_official>
  <location>
    <facility>
      <name>Center for Dermatology Clincal Research</name>
      <address>
        <city>Fremont</city>
        <state>California</state>
        <zip>94538</zip>
        <country>United States</country>
      </address>
    </facility>
  </location>
  <location>
    <facility>
      <name>North Florida Dermatology Associates</name>
      <address>
        <city>Jacksonville</city>
        <state>Florida</state>
        <zip>32204</zip>
        <country>United States</country>
      </address>
    </facility>
  </location>
  <location>
    <facility>
      <name>Ameriderm Research</name>
      <address>
        <city>Ormond Beach</city>
        <state>Florida</state>
        <zip>32174</zip>
        <country>United States</country>
      </address>
    </facility>
  </location>
  <location>
    <facility>
      <name>Peachtree Dermatology Associates Research Center</name>
      <address>
        <city>Atlanta</city>
        <state>Georgia</state>
        <zip>30327</zip>
        <country>United States</country>
      </address>
    </facility>
  </location>
  <location>
    <facility>
      <name>The Indiana Clinical Trials Center</name>
      <address>
        <city>Plainfield</city>
        <state>Indiana</state>
        <zip>46168</zip>
        <country>United States</country>
      </address>
    </facility>
  </location>
  <location>
    <facility>
      <name>Great Lakes Research Group, Inc.</name>
      <address>
        <city>Bay City</city>
        <state>Michigan</state>
        <zip>48706</zip>
        <country>United States</country>
      </address>
    </facility>
  </location>
  <location>
    <facility>
      <name>Minnesota Clinical Study Center</name>
      <address>
        <city>Fridley</city>
        <state>Minnesota</state>
        <zip>55432</zip>
        <country>United States</country>
      </address>
    </facility>
  </location>
  <location>
    <facility>
      <name>Academic Dermatology Associates</name>
      <address>
        <city>Albuquerque</city>
        <state>New Mexico</state>
        <zip>87106</zip>
        <country>United States</country>
      </address>
    </facility>
  </location>
  <location>
    <facility>
      <name>Clinical Partners</name>
      <address>
        <city>Johnston</city>
        <state>Rhode Island</state>
        <zip>02919</zip>
        <country>United States</country>
      </address>
    </facility>
  </location>
  <location>
    <facility>
      <name>DiscoveResearch</name>
      <address>
        <city>Bryan</city>
        <state>Texas</state>
        <zip>77802</zip>
        <country>United States</country>
      </address>
    </facility>
  </location>
  <location>
    <facility>
      <name>Suzanne Bruce and Associates</name>
      <address>
        <city>Houston</city>
        <state>Texas</state>
        <zip>77056</zip>
        <country>United States</country>
      </address>
    </facility>
  </location>
  <location>
    <facility>
      <name>Dermatology Research Center</name>
      <address>
        <city>Salt Lake City</city>
        <state>Utah</state>
        <zip>84124</zip>
        <country>United States</country>
      </address>
    </facility>
  </location>
  <location>
    <facility>
      <name>The Education and Research Foundation</name>
      <address>
        <city>Lynchburg</city>
        <state>Virginia</state>
        <zip>24501</zip>
        <country>United States</country>
      </address>
    </facility>
  </location>
  <location>
    <facility>
      <name>Women's Clinical Research Center</name>
      <address>
        <city>Seattle</city>
        <state>Washington</state>
        <zip>98105</zip>
        <country>United States</country>
      </address>
    </facility>
  </location>
  <location>
    <facility>
      <name>Premier Clinical Research</name>
      <address>
        <city>Spokane</city>
        <state>Washington</state>
        <zip>99204</zip>
        <country>United States</country>
      </address>
    </facility>
  </location>
  <location_countries>
    <country>United States</country>
  </location_countries>
  <verification_date>January 2015</verification_date>
  <lastchanged_date>January 26, 2015</lastchanged_date>
  <firstreceived_date>March 18, 2013</firstreceived_date>
  <responsible_party>
    <responsible_party_type>Sponsor</responsible_party_type>
  </responsible_party>
  <is_fda_regulated>Yes</is_fda_regulated>
  <is_section_801>Yes</is_section_801>
  <has_expanded_access>No</has_expanded_access>
  <condition_browse>
    <!-- CAUTION:  The following MeSH terms are assigned with an imperfect algorithm  -->
    <mesh_term>Acne Vulgaris</mesh_term>
  </condition_browse>
  <!-- Results have not yet been posted for this study                                -->
</clinical_study>
