<?xml version="1.0" encoding="UTF-8"?>
<clinical_study rank="146">
  <!-- This xml conforms to an XML Schema at:
    https://clinicaltrials.gov/ct2/html/images/info/public.xsd
 and an XML DTD at:
    https://clinicaltrials.gov/ct2/html/images/info/public.dtd -->
  <required_header>
    <download_date>ClinicalTrials.gov processed this data on July 08, 2015</download_date>
    <link_text>Link to the current ClinicalTrials.gov record.</link_text>
    <url>https://clinicaltrials.gov/show/NCT01182636</url>
  </required_header>
  <id_info>
    <org_study_id>70716202</org_study_id>
    <nct_id>NCT01182636</nct_id>
  </id_info>
  <brief_title>Bioequivalence of Adapalene Topical Gel in Patients With Acne Vulgaris</brief_title>
  <official_title>A Randomized, Double-Blind, Multiple-Site, Placebo Controlled, Parallel Design, Clinical Study to Evaluate the Bioequivalence of Adapalene Gel 0.1% (PLIVA Research &amp; Development Ltd.) Compared to Differin® (Adapalene 0.1%) Topical Gel (Galderma Laboratories) in Patients With Acne Vulgaris</official_title>
  <sponsors>
    <lead_sponsor>
      <agency>Teva Pharmaceuticals USA</agency>
      <agency_class>Industry</agency_class>
    </lead_sponsor>
  </sponsors>
  <source>Teva Pharmaceuticals USA</source>
  <oversight_info>
    <authority>United States: Institutional Review Board</authority>
    <has_dmc>No</has_dmc>
  </oversight_info>
  <brief_summary>
    <textblock>
      The objective of this study was to evaluate the efficacy and safety of the test formulation
      of adapalene gel 0.1% (PLIVA Research &amp; Development Ltd.) as compared to the already
      marketed formulation, Differin® (adapalene 0.1%) topical gel (Galderma Laboratories) in
      patients with acne vulgaris.
    </textblock>
  </brief_summary>
  <detailed_description>
    <textblock>
      Criteria for Evaluation: FDA Bioequivalence Criteria for Comparative Clinical Endpoint
      Studies.

      Statistical Methods: FDA Bioequivalence Statistical Methods for Comparative Clinical
      Endpoint Studies.
    </textblock>
  </detailed_description>
  <overall_status>Completed</overall_status>
  <start_date>July 2007</start_date>
  <completion_date type="Actual">April 2008</completion_date>
  <primary_completion_date type="Actual">April 2008</primary_completion_date>
  <phase>Phase 1</phase>
  <study_type>Interventional</study_type>
  <study_design>Allocation: Randomized, Endpoint Classification: Bio-equivalence Study, Intervention Model: Parallel Assignment, Masking: Double-Blind</study_design>
  <primary_outcome>
    <measure>Mean Percent Reduction from Baseline in Non-Nodular Inflamed Lesion Count</measure>
    <time_frame>84 days</time_frame>
    <safety_issue>No</safety_issue>
    <description>Per Protocol Population (PPP) was assessed for the mean percent reduction compared to baseline in non-nodular lesion count (papules and pustules) at Day 84.  If a patient was withdrawn from the study prior to Day 84 for lack of efficacy, then their data was carried forward for this analysis.</description>
  </primary_outcome>
  <primary_outcome>
    <measure>Mean Percent Reduction from Baseline in Non-Inflamed Lesion Count</measure>
    <time_frame>84 days</time_frame>
    <safety_issue>No</safety_issue>
    <description>Per Protocol Population (PPP) was assessed for the mean percent reduction in non-inflamed lesion count (open and closed comedones) compared with baseline at Day 84.  If a patient was withdrawn from the study prior to Day 84 for lack of efficacy, then their data was carried forward for this analysis.</description>
  </primary_outcome>
  <primary_outcome>
    <measure>Safety Analysis</measure>
    <time_frame>84 Days</time_frame>
    <safety_issue>Yes</safety_issue>
    <description>All 601 patients randomized and dispensed study drug were included in the safety analysis.  The frequency, severity, and relationship to the study drug for adverse events in each treatment group were used to compare the safety of the study medications.</description>
  </primary_outcome>
  <secondary_outcome>
    <measure>Mean Numerical Reduction in Inflamed Lesion Counts</measure>
    <time_frame>84 Days</time_frame>
    <safety_issue>No</safety_issue>
    <description>Secondary measure of bioequivalence using the Intent-to-Treat (ITT) population.</description>
  </secondary_outcome>
  <secondary_outcome>
    <measure>Mean Numerical Reduction in Non-Inflamed Lesion Counts</measure>
    <time_frame>84 Days</time_frame>
    <safety_issue>No</safety_issue>
    <description>Secondary measure of bioequivalence using the Intent-to-Treat (ITT) population.</description>
  </secondary_outcome>
  <secondary_outcome>
    <measure>Proportion of Patients Considered a &quot;Clinical Success&quot; or &quot;Clinical Failure&quot;</measure>
    <time_frame>84 Days</time_frame>
    <safety_issue>No</safety_issue>
    <description>Secondary measure of bioequivalence using the Intent-to-Treat (ITT) population. &quot;Clinial Success&quot; or &quot;Clinical Failure&quot; is defined by the Physician's Global Assessment.</description>
  </secondary_outcome>
  <number_of_arms>3</number_of_arms>
  <enrollment type="Actual">601</enrollment>
  <condition>Acne Vulgaris</condition>
  <arm_group>
    <arm_group_label>Investigational Test Product</arm_group_label>
    <arm_group_type>Experimental</arm_group_type>
    <description>Adapalene Topical Gel, 0.1%</description>
  </arm_group>
  <arm_group>
    <arm_group_label>Reference Listed Drug</arm_group_label>
    <arm_group_type>Active Comparator</arm_group_type>
    <description>Differin® (adapalene 0.1%) Topical Gel</description>
  </arm_group>
  <arm_group>
    <arm_group_label>Placebo</arm_group_label>
    <arm_group_type>Placebo Comparator</arm_group_type>
    <description>Gel base only</description>
  </arm_group>
  <intervention>
    <intervention_type>Drug</intervention_type>
    <intervention_name>Adapalene</intervention_name>
    <description>0.1% Topical Gel</description>
    <arm_group_label>Investigational Test Product</arm_group_label>
  </intervention>
  <intervention>
    <intervention_type>Drug</intervention_type>
    <intervention_name>Differin®</intervention_name>
    <description>0.1% Topical Gel</description>
    <arm_group_label>Reference Listed Drug</arm_group_label>
    <other_name>Adapalene</other_name>
  </intervention>
  <intervention>
    <intervention_type>Drug</intervention_type>
    <intervention_name>Placebo</intervention_name>
    <description>Gel Base</description>
    <arm_group_label>Placebo</arm_group_label>
  </intervention>
  <eligibility>
    <criteria>
      <textblock>
        Inclusion Criteria:

          -  Male or non-pregnant, non-lactating female, 12-40 years of age inclusive.

          -  Signed informed consent form, which meets all the criteria of the current FDA
             regulations.  For patients under the age of majority in the state they are enrolled,
             the patient's parent or legal guardian will be required to sign the consent form and
             the patient will sign an IRB approved &quot;assent to participate&quot; form.

          -  If female and of child bearing potential, prepare to abstain from sexual intercourse
             or use reliable method of contraception during the study (i.e. condom, Intrauterine
             device, hormonal contraceptives).  Patients on hormonal contraceptives must have been
             on the same hormonal contraceptive for 3 months prior to the baseline visit and
             continue throughout the duration of the study.

          -  Have moderate to severe facial acne as defines as: at least 20 but no more that 60
             facial inflammatory lesions (papules and pustules) and at least 25 but no more than
             100 non-inflamed lesions (open and closed comedones) and have a Physician's Global
             Assessment score of 3, 4, or 5.

        Exclusion Criteria:

          -  Patient has more than 2 facial nodular lesions, any nodules present will be
             documented but will not be included in the inflammatory lesion count.

          -  Patient has active cystic acne.

          -  Patient has acne conglobate.

          -  Patient with significant facial hair such as beards or tattoos or excessive facial
             scarring that, in the Investigator's opinion, may interfere with the evaluation of
             the patient's acne.

          -  Patients with facial sunburn.

          -  Any dermatological condition other than acne vulgaris that, in the Investigator's
             opinion, may interfere with the evaluation of the patient's acne (e.g. rosacea,
             psoriasis, dermatitis).

          -  Females who are pregnant, lactating, or likely to become pregnant during the study.

          -  History of allergy or sensitivity to adapalene or other retinoids, or history of any
             drug hypersensitivity or intolerance which, in the Investigator's opinion, would
             compromise the safety of the patient or the study.

          -  Significant history or current evidence of chronic infectious disease, system
             disorder, organ disorder, or other medical condition that, in the Investigator's
             opinion, would place the study participant at undue risk by participation.

          -  Use of any topical antibiotics, topical steroids, or topical anti-inflammatory
             products used on the face, any oral antibiotics known to treat acne, any systemic
             steroids, or any systemic anti-inflammatory agents (other than the use of
             non-steroidal anti-inflammatory agents) within 28 days of the first dosing day.

          -  Use of oral isotretinoin (Accutane®) within 6 months.  Use of topical tretinoin
             (Retin-A®), adapalene (Differin®), tazarotene (Tazorac®), or azelaic acid (Azelex®)
             within 28 days of the first dosing day.

          -  Receipt of any drug as part of a research study within 30 days prior to dosing.

          -  Female patients who are using hormonal contraceptives must have been on the same type
             and strength of hormonal contraceptive for at least 3 months prior to enrollment in
             the study and throughout the duration of the study.

          -  Patients should not use any medicated facial products (soaps, lotions, moisturizers,
             etc.) or other medicated facial cleansing agents for 14 days prior to study
             enrollment.

          -  Previous participation in this study.
      </textblock>
    </criteria>
    <gender>Both</gender>
    <minimum_age>12 Years</minimum_age>
    <maximum_age>40 Years</maximum_age>
    <healthy_volunteers>No</healthy_volunteers>
  </eligibility>
  <location>
    <facility>
      <name>Dermatology Research of Arkansas</name>
      <address>
        <city>Little Rock</city>
        <state>Arkansas</state>
        <zip>72205</zip>
        <country>United States</country>
      </address>
    </facility>
  </location>
  <location>
    <facility>
      <name>Dermatology Research Associates</name>
      <address>
        <city>Los Angeles</city>
        <state>California</state>
        <zip>90045</zip>
        <country>United States</country>
      </address>
    </facility>
  </location>
  <location>
    <facility>
      <name>Cherry Creek Research, Inc.</name>
      <address>
        <city>Denver</city>
        <state>Colorado</state>
        <zip>80209</zip>
        <country>United States</country>
      </address>
    </facility>
  </location>
  <location>
    <facility>
      <name>University Clinical Research, Inc.</name>
      <address>
        <city>Pembroke Pines</city>
        <state>Florida</state>
        <zip>33024</zip>
        <country>United States</country>
      </address>
    </facility>
  </location>
  <location>
    <facility>
      <name>MedaPhase, Inc.</name>
      <address>
        <city>Newnan</city>
        <state>Georgia</state>
        <zip>30263</zip>
        <country>United States</country>
      </address>
    </facility>
  </location>
  <location>
    <facility>
      <name>SNBL Clinical Pharmacology Center, Inc.</name>
      <address>
        <city>Baltimore</city>
        <state>Maryland</state>
        <zip>21201</zip>
        <country>United States</country>
      </address>
    </facility>
  </location>
  <location>
    <facility>
      <name>Michigan Center for Research Corportation</name>
      <address>
        <city>Clinton Township</city>
        <state>Michigan</state>
        <zip>48038</zip>
        <country>United States</country>
      </address>
    </facility>
  </location>
  <location>
    <facility>
      <name>Office of Atoya Breona Adams, MD</name>
      <address>
        <city>Las Vegas</city>
        <state>Nevada</state>
        <zip>89119</zip>
        <country>United States</country>
      </address>
    </facility>
  </location>
  <location>
    <facility>
      <name>Academic Dermatology Associates</name>
      <address>
        <city>Albuquerque</city>
        <state>New Mexico</state>
        <zip>87106</zip>
        <country>United States</country>
      </address>
    </facility>
  </location>
  <location>
    <facility>
      <name>Dermatology Associates of Rochester, PC</name>
      <address>
        <city>Rochester</city>
        <state>New York</state>
        <zip>14623</zip>
        <country>United States</country>
      </address>
    </facility>
  </location>
  <location>
    <facility>
      <name>Helendale Dermatology &amp; Medical Spa, LLC</name>
      <address>
        <city>Rochester</city>
        <state>New York</state>
        <zip>14609</zip>
        <country>United States</country>
      </address>
    </facility>
  </location>
  <location>
    <facility>
      <name>Office of Zoe Diana Draelos, MD</name>
      <address>
        <city>High Point</city>
        <state>North Carolina</state>
        <zip>27262</zip>
        <country>United States</country>
      </address>
    </facility>
  </location>
  <location>
    <facility>
      <name>University Dermatology Consultants, Inc.</name>
      <address>
        <city>Cincinnati</city>
        <state>Ohio</state>
        <zip>45219</zip>
        <country>United States</country>
      </address>
    </facility>
  </location>
  <location>
    <facility>
      <name>Novum Pharmaceutical Research Services</name>
      <address>
        <city>Pittsburgh</city>
        <state>Pennsylvania</state>
        <zip>15206</zip>
        <country>United States</country>
      </address>
    </facility>
  </location>
  <location>
    <facility>
      <name>Knoxville Dermatology, PC</name>
      <address>
        <city>Knoxville</city>
        <state>Tennessee</state>
        <zip>37920</zip>
        <country>United States</country>
      </address>
    </facility>
  </location>
  <location>
    <facility>
      <name>Arlington Center for Dermatology</name>
      <address>
        <city>Arlington</city>
        <state>Texas</state>
        <zip>76011</zip>
        <country>United States</country>
      </address>
    </facility>
  </location>
  <location>
    <facility>
      <name>Center for Clinical Studies</name>
      <address>
        <city>Houston</city>
        <state>Texas</state>
        <zip>77030</zip>
        <country>United States</country>
      </address>
    </facility>
  </location>
  <location>
    <facility>
      <name>Center for Clinical Studies</name>
      <address>
        <city>Houston</city>
        <state>Texas</state>
        <zip>77058</zip>
        <country>United States</country>
      </address>
    </facility>
  </location>
  <location>
    <facility>
      <name>Dermatology Associates of Tyler</name>
      <address>
        <city>Tyler</city>
        <state>Texas</state>
        <zip>75701</zip>
        <country>United States</country>
      </address>
    </facility>
  </location>
  <location>
    <facility>
      <name>Aurora Advanced Healthcare, Inc.</name>
      <address>
        <city>Milwaukee</city>
        <state>Wisconsin</state>
        <zip>53209</zip>
        <country>United States</country>
      </address>
    </facility>
  </location>
  <location>
    <facility>
      <name>Dermatology and Skin Surgery Centre</name>
      <address>
        <city>Belize City</city>
        <country>Belize</country>
      </address>
    </facility>
  </location>
  <location>
    <facility>
      <name>FXM Research International</name>
      <address>
        <city>Belize City</city>
        <country>Belize</country>
      </address>
    </facility>
  </location>
  <location_countries>
    <country>United States</country>
    <country>Belize</country>
  </location_countries>
  <verification_date>November 2010</verification_date>
  <lastchanged_date>November 22, 2010</lastchanged_date>
  <firstreceived_date>August 13, 2010</firstreceived_date>
  <keyword>Bioequivalence</keyword>
  <keyword>Acne Vulgaris</keyword>
  <is_fda_regulated>Yes</is_fda_regulated>
  <has_expanded_access>No</has_expanded_access>
  <condition_browse>
    <!-- CAUTION:  The following MeSH terms are assigned with an imperfect algorithm  -->
    <mesh_term>Acne Vulgaris</mesh_term>
  </condition_browse>
  <intervention_browse>
    <!-- CAUTION:  The following MeSH terms are assigned with an imperfect algorithm  -->
    <mesh_term>Adapalene</mesh_term>
  </intervention_browse>
  <!-- Results have not yet been posted for this study                                -->
</clinical_study>
