<?xml version="1.0" encoding="UTF-8"?>
<clinical_study rank="105">
  <!-- This xml conforms to an XML Schema at:
    https://clinicaltrials.gov/ct2/html/images/info/public.xsd
 and an XML DTD at:
    https://clinicaltrials.gov/ct2/html/images/info/public.dtd -->
  <required_header>
    <download_date>ClinicalTrials.gov processed this data on July 08, 2015</download_date>
    <link_text>Link to the current ClinicalTrials.gov record.</link_text>
    <url>https://clinicaltrials.gov/show/NCT00624676</url>
  </required_header>
  <id_info>
    <org_study_id>LRP05021</org_study_id>
    <nct_id>NCT00624676</nct_id>
  </id_info>
  <brief_title>Efficacy and Tolerance of a Derivative of Salicylic Acid and 5% Benzoyl Peroxide in Facial Acne Vulgaris</brief_title>
  <official_title>Randomized Study Comparing the Efficacy and Tolerance of a Lipophilic Hydroxy Acid Derivative of Salicylic Acid and 5% Benzoyl Peroxide in the Treatment of Facial Acne Vulgaris</official_title>
  <sponsors>
    <lead_sponsor>
      <agency>Cosmetique Active International</agency>
      <agency_class>Industry</agency_class>
    </lead_sponsor>
    <collaborator>
      <agency>Innovaderm Research Inc.</agency>
      <agency_class>Other</agency_class>
    </collaborator>
  </sponsors>
  <source>Cosmetique Active International</source>
  <oversight_info>
    <authority>Canada: Ethics Review Committee</authority>
    <has_dmc>No</has_dmc>
  </oversight_info>
  <brief_summary>
    <textblock>
      Acne vulgaris is a frequent inflammatory skin condition involving the pilosebaceous unit and
      affecting more than 80% of teenagers. Mild to moderate acne vulgaris is usually treated with
      topical agents such as benzoyl peroxide, retinoids and antibiotics. These treatments can be
      associated with local tolerance problems and/or antibiotic resistance. Salicylic acid has
      been shown to be an effective treatment for acne. LHA is a lipophilic hydroxy acid
      derivative of salicylic acid that has comedolytic and antibacterial properties.

      The objective of this trial was to compare the efficacy and tolerance of a cream formulation
      containing 0.3% LHA (LHA formulation) to a 5% benzoyl peroxide gel.
    </textblock>
  </brief_summary>
  <detailed_description>
    <textblock>
      This was a randomized clinical trial performed at two centers (Montreal and Laval, Quebec,
      Canada) under the direction of the same principal investigator. Eighty (80) subjects were
      enrolled in the study. Subjects were asked to report to the clinic for four visits (D0, D28,
      D56, D87). The LHA formulation was applied twice a day (morning and evening) and benzoyl
      peroxide was applied daily (evening) on a clean face for a total of 12 weeks.

      Efficacy was evaluated at day 28, 56 and 87. The number of papules, pustules, opened and
      closed comedones were counted at each visit by a blinded assessor. The overall efficacy was
      evaluated with a 4-point scale (no improvement, moderate, good and excellent) by the subject
      and the blinded assessor. Clinical examination included evaluation of sensitivity of the
      skin (presence of erythema and desquamation) by the investigator and of pruritus, tingling
      and burning sensation by subjects on a 4-point scale. Finally, the subject and the skin
      assessor both evaluated overall tolerance on a 4-point scale.
    </textblock>
  </detailed_description>
  <overall_status>Completed</overall_status>
  <start_date>January 2006</start_date>
  <completion_date type="Actual">August 2006</completion_date>
  <primary_completion_date type="Actual">August 2006</primary_completion_date>
  <phase>N/A</phase>
  <study_type>Interventional</study_type>
  <study_design>Allocation: Randomized, Endpoint Classification: Safety/Efficacy Study, Intervention Model: Parallel Assignment, Masking: Single Blind (Outcomes Assessor), Primary Purpose: Treatment</study_design>
  <primary_outcome>
    <measure>Reduction in inflammatory lesions</measure>
    <time_frame>Days 28, 56 and 87</time_frame>
    <safety_issue>No</safety_issue>
  </primary_outcome>
  <secondary_outcome>
    <measure>Reduction in non-inflammatory lesions</measure>
    <time_frame>Days 28, 56 and 87</time_frame>
    <safety_issue>No</safety_issue>
  </secondary_outcome>
  <secondary_outcome>
    <measure>Overall efficacy</measure>
    <time_frame>Days 28, 56 and 87</time_frame>
    <safety_issue>No</safety_issue>
  </secondary_outcome>
  <secondary_outcome>
    <measure>Overall tolerance</measure>
    <time_frame>Days 28, 56 and 87</time_frame>
    <safety_issue>Yes</safety_issue>
  </secondary_outcome>
  <secondary_outcome>
    <measure>Evaluation of pruritus, burning and tingling by the subject</measure>
    <time_frame>Days 28, 56 and 87</time_frame>
    <safety_issue>Yes</safety_issue>
  </secondary_outcome>
  <secondary_outcome>
    <measure>Evaluation of erythema and desquamation by the blind assessor</measure>
    <time_frame>Days 28, 56 and 87</time_frame>
    <safety_issue>Yes</safety_issue>
  </secondary_outcome>
  <number_of_arms>2</number_of_arms>
  <enrollment type="Actual">80</enrollment>
  <condition>Acne Vulgaris</condition>
  <arm_group>
    <arm_group_label>A</arm_group_label>
    <arm_group_type>Experimental</arm_group_type>
    <description>LHA formulation</description>
  </arm_group>
  <arm_group>
    <arm_group_label>B</arm_group_label>
    <arm_group_type>Active Comparator</arm_group_type>
    <description>5% benzoyl peroxide</description>
  </arm_group>
  <intervention>
    <intervention_type>Drug</intervention_type>
    <intervention_name>Lipo Hydroxy Acid</intervention_name>
    <description>Twice a day</description>
    <arm_group_label>A</arm_group_label>
    <other_name>Effaclar AI</other_name>
    <other_name>2-hydroxy 5-octanoyl benzoic acid</other_name>
    <other_name>LHA</other_name>
    <other_name>C8-LHA</other_name>
    <other_name>capryloyl salicylic acid</other_name>
  </intervention>
  <intervention>
    <intervention_type>Drug</intervention_type>
    <intervention_name>5% benzoyl peroxide gel</intervention_name>
    <description>Once a day</description>
    <arm_group_label>B</arm_group_label>
    <other_name>PanOxyl 5</other_name>
  </intervention>
  <eligibility>
    <criteria>
      <textblock>
        Inclusion Criteria:

          -  18 years old or older

          -  Phototype greater than I

          -  Facial inflammatory acne with 15-50 inflammatory lesions and less than 50
             non-inflammatory lesions (excluding the nasal pyramid)

          -  Did not receive a topical acne treatment in the last 15 days

          -  Did not receive cyclins or zinc-based treatment in the last month

          -  Did not take Diane-35 in the last 2 months. Current use of oral contraceptives is
             acceptable if the subject is on a stable dose for at least six months prior Day 0.

          -  Did not take oral isotretinoin for the last 12 months

          -  Did not change their cosmetic habits in the last 15 days (ex: shaving cream)

          -  Agree to participate to the entire study

        Exclusion Criteria:

          -  Less than 18 years old

          -  Phototype I

          -  With less than 15 or more than 50 inflammatory lesions on the face (excluding the
             nasal pyramid)

          -  With more than 50 non-inflammatory lesions on the face (excluding the nasal pyramid)

          -  Have taken 1) A topical acne treatment in the last 15 days, or 2) Cyclins or
             zinc-based treatment in the last month or 3) Oral isotretinoin in the last 12 months

          -  Woman: 1) Taking Diane-35, or 2) Taking an oral contraceptive for less than 6 months
             or 3) That are pregnant or 4) That are nursing or 5) Not using any efficient
             contraception method (if necessary)

          -  With a history of allergic reaction or hypersensitivity to one of the constituents of
             the study product

          -  With peroxide sensitivity

          -  With history of photosensitivity

          -  With history of major medical or psychiatric condition or surgical interventions
             that, in the opinion of the investigator, might put the subject at risk

          -  With an acute or chronic disease that could interfere with study results

          -  Susceptible to take a corticosteroid treatment during the study except inhaled or
             topic when needed to treat a condition outside the face

          -  With a dermatologic condition on the face other than acne that might put the subject
             at risk or interfere with study evaluations

          -  Using another cosmetic product than the one received for this study. Sunscreens are
             allowed occasionally.

          -  Subject who must have extensive sun or ultra-violet exposure
      </textblock>
    </criteria>
    <gender>Both</gender>
    <minimum_age>18 Years</minimum_age>
    <maximum_age>N/A</maximum_age>
    <healthy_volunteers>No</healthy_volunteers>
  </eligibility>
  <overall_official>
    <last_name>Robert Bissonnette, MD</last_name>
    <role>Principal Investigator</role>
    <affiliation>Innovaderm Research</affiliation>
  </overall_official>
  <location>
    <facility>
      <name>Innovaderm Research</name>
      <address>
        <city>Laval</city>
        <state>Quebec</state>
        <country>Canada</country>
      </address>
    </facility>
  </location>
  <location>
    <facility>
      <name>Innovaderm Research</name>
      <address>
        <city>Montreal</city>
        <state>Quebec</state>
        <country>Canada</country>
      </address>
    </facility>
  </location>
  <location_countries>
    <country>Canada</country>
  </location_countries>
  <verification_date>September 2011</verification_date>
  <lastchanged_date>September 18, 2011</lastchanged_date>
  <firstreceived_date>February 19, 2008</firstreceived_date>
  <responsible_party>
    <responsible_party_type>Principal Investigator</responsible_party_type>
    <investigator_affiliation>Cosmetique Active International</investigator_affiliation>
    <investigator_full_name>Robert BISSONNETTE</investigator_full_name>
    <investigator_title>President and Dermatologist</investigator_title>
  </responsible_party>
  <keyword>Acne</keyword>
  <keyword>lipophilic hydroxy acid</keyword>
  <keyword>benzoyl peroxide</keyword>
  <is_fda_regulated>No</is_fda_regulated>
  <has_expanded_access>No</has_expanded_access>
  <condition_browse>
    <!-- CAUTION:  The following MeSH terms are assigned with an imperfect algorithm  -->
    <mesh_term>Acne Vulgaris</mesh_term>
  </condition_browse>
  <intervention_browse>
    <!-- CAUTION:  The following MeSH terms are assigned with an imperfect algorithm  -->
    <mesh_term>Benzoyl Peroxide</mesh_term>
    <mesh_term>Salicylic Acid</mesh_term>
  </intervention_browse>
  <!-- Results have not yet been posted for this study                                -->
</clinical_study>
