<?xml version="1.0" encoding="UTF-8"?>
<clinical_study rank="32">
  <!-- This xml conforms to an XML Schema at:
    https://clinicaltrials.gov/ct2/html/images/info/public.xsd
 and an XML DTD at:
    https://clinicaltrials.gov/ct2/html/images/info/public.dtd -->
  <required_header>
    <download_date>ClinicalTrials.gov processed this data on July 08, 2015</download_date>
    <link_text>Link to the current ClinicalTrials.gov record.</link_text>
    <url>https://clinicaltrials.gov/show/NCT01930565</url>
  </required_header>
  <id_info>
    <org_study_id>H-1209-069-427</org_study_id>
    <nct_id>NCT01930565</nct_id>
  </id_info>
  <brief_title>Effectiveness and Safety of New Botanical Component-LFCO- Compared With Existing TTO in Clinical Study</brief_title>
  <official_title>Comparison of Clinical and Histological Effects Between Lactobacillus Fermented Chamaecypris Obtusa and Tea Tree Oil for the Treatment of Mild to Moderate Acne: an 8-week Double Blind, Randomized Controlled, Split-face Study</official_title>
  <sponsors>
    <lead_sponsor>
      <agency>Seoul National University Hospital</agency>
      <agency_class>Other</agency_class>
    </lead_sponsor>
  </sponsors>
  <source>Seoul National University Hospital</source>
  <oversight_info>
    <authority>Korea: Institutional Review Board</authority>
    <has_dmc>Yes</has_dmc>
  </oversight_info>
  <brief_summary>
    <textblock>
      In an 8 week double blind randomized controlled split-face studies, we tried to compare the
      clinical efficacy, safety and histopathological changes between Lactobacillus fermented
      Chamaecypris obtusa (LFCO) and existing tea tree oil (TTO)

      Basically, this is a split face study - one side of face randomly assigned was applied with
      LFCO and the other side with TTO in same patients.
    </textblock>
  </brief_summary>
  <detailed_description>
    <textblock>
      Screening of natural compounds for the development of anti-acne therapeutic agents has been
      steadily required considering various side effects of acne medications.However, previous
      studies have mainly focused on experimental tests without clinical trials and
      histopathological analysis.

      To compare the clinical efficacy, safety and histopathological changes between Lactobacillus
      fermented Chamaecypris obtusa (LFCO) and existing tea tree oil (TTO)

      Total thirty four patients were instructed to apply 5 % LFCO to the involved areas of
      randomly allocated side and 5 % TTO extract to the other side for 8 weeks in a double blind
      split-face clinical trial.
    </textblock>
  </detailed_description>
  <overall_status>Completed</overall_status>
  <start_date>January 2013</start_date>
  <completion_date type="Actual">July 2013</completion_date>
  <primary_completion_date type="Actual">July 2013</primary_completion_date>
  <phase>N/A</phase>
  <study_type>Interventional</study_type>
  <study_design>Allocation: Randomized, Endpoint Classification: Safety/Efficacy Study, Intervention Model: Single Group Assignment, Masking: Double Blind (Subject, Investigator, Outcomes Assessor), Primary Purpose: Treatment</study_design>
  <primary_outcome>
    <measure>Number of inflammatory and non-inflammatory acne lesions</measure>
    <time_frame>total 8 weeks after baseline</time_frame>
    <safety_issue>No</safety_issue>
    <description>Compared to baseline, number inflammatory and non-inflammatory acne lesions were counted to check out the effectiveness &amp; safety of two botanical compounds</description>
  </primary_outcome>
  <secondary_outcome>
    <measure>Patient's subjective assessments for comfortableness &amp; efficacy</measure>
    <time_frame>8 weeks after baseline</time_frame>
    <safety_issue>Yes</safety_issue>
    <description>Patients are required to report subjective assessments for comfortableness &amp; efficacy for two creams they used</description>
  </secondary_outcome>
  <secondary_outcome>
    <measure>Sebum secretion assessment</measure>
    <time_frame>8 weeks after baseline</time_frame>
    <safety_issue>No</safety_issue>
    <description>Patients' sebum secretion from face was measured by sebumeter to detect sebum secretion changes after applying two components.</description>
  </secondary_outcome>
  <secondary_outcome>
    <measure>Histopathologic analysis</measure>
    <time_frame>8 weeks after baseline</time_frame>
    <safety_issue>No</safety_issue>
    <description>changes of tissue after application of two creams</description>
  </secondary_outcome>
  <secondary_outcome>
    <measure>Adverse effects</measure>
    <time_frame>8 weeks after baseline</time_frame>
    <safety_issue>Yes</safety_issue>
    <description>patients' reportings for severe side effects after application of two creams was monitored.</description>
  </secondary_outcome>
  <number_of_arms>2</number_of_arms>
  <enrollment type="Actual">34</enrollment>
  <condition>Acne Vulgaris</condition>
  <arm_group>
    <arm_group_label>LFCO application</arm_group_label>
    <arm_group_type>Experimental</arm_group_type>
    <description>We made LFCO application(Lactobacillus Fermented Chamaecypris obtusa) containing cream to one side of patients' face to monitor effectiveness and safety in acne treatment.</description>
  </arm_group>
  <arm_group>
    <arm_group_label>TTO application</arm_group_label>
    <arm_group_type>Active Comparator</arm_group_type>
    <description>To compare effectiveness and safety of new LFCO, we applied existing TTO containing cream to the other side of face in the same patients</description>
  </arm_group>
  <intervention>
    <intervention_type>Other</intervention_type>
    <intervention_name>LFCO application</intervention_name>
    <description>Application of LFCO (Lactobacillus fermented Chamaecypris obtusa ) containing creams to one randomly selected face of patients to monitor its effectiveness and safety of acne treatments.</description>
    <arm_group_label>LFCO application</arm_group_label>
    <other_name>LFCO containg creams applied to acne lesions</other_name>
  </intervention>
  <intervention>
    <intervention_type>Other</intervention_type>
    <intervention_name>TTO application</intervention_name>
    <description>Application of TTO (Tea tree oil) containing creams to the other side of face of patients to monitor its effectiveness and safe compared with LFCO.</description>
    <arm_group_label>TTO application</arm_group_label>
    <other_name>TTO containg creams applied to acne lesions</other_name>
  </intervention>
  <eligibility>
    <criteria>
      <textblock>
        Inclusion Criteria:

          -  age 19-45

          -  active acne lesions in both sides of face

          -  available during study periods

        Exclusion Criteria:

          -  pregnancy, mental illness, intake of oral isotretinoin within 6 months, application
             of the other oral or topical acne medications, chemical peeling or light based
             treatments within 6 weeks.
      </textblock>
    </criteria>
    <gender>Both</gender>
    <minimum_age>19 Years</minimum_age>
    <maximum_age>45 Years</maximum_age>
    <healthy_volunteers>Accepts Healthy Volunteers</healthy_volunteers>
  </eligibility>
  <overall_official>
    <last_name>Dae Hun Sun, MD</last_name>
    <role>Study Chair</role>
    <affiliation>Seoul National University Hospital</affiliation>
  </overall_official>
  <location>
    <facility>
      <name>Department of Dermatology, Seoul National University College of Medicine</name>
      <address>
        <city>Seoul</city>
        <zip>110-744</zip>
        <country>Korea, Republic of</country>
      </address>
    </facility>
  </location>
  <location_countries>
    <country>Korea, Republic of</country>
  </location_countries>
  <link>
    <url>http://www.accessdata.fda.gov/scripts/cder/drugsatfda</url>
  </link>
  <results_reference>
    <citation>Hayashi N, Kawashima M. Multicenter randomized controlled trial on combination therapy with 0.1% adapalene gel and oral antibiotics for acne vulgaris: comparison of the efficacy of adapalene gel alone and in combination with oral faropenem. J Dermatol. 2012 Jun;39(6):511-5. doi: 10.1111/j.1346-8138.2011.01450.x. Epub 2011 Dec 14.</citation>
    <PMID>22168326</PMID>
  </results_reference>
  <results_reference>
    <citation>Enshaieh S, Jooya A, Siadat AH, Iraji F. The efficacy of 5% topical tea tree oil gel in mild to moderate acne vulgaris: a randomized, double-blind placebo-controlled study. Indian J Dermatol Venereol Leprol. 2007 Jan-Feb;73(1):22-5.</citation>
    <PMID>17314442</PMID>
  </results_reference>
  <verification_date>August 2013</verification_date>
  <lastchanged_date>August 22, 2013</lastchanged_date>
  <firstreceived_date>August 20, 2013</firstreceived_date>
  <responsible_party>
    <responsible_party_type>Principal Investigator</responsible_party_type>
    <investigator_affiliation>Seoul National University Hospital</investigator_affiliation>
    <investigator_full_name>Dae Hun Suh</investigator_full_name>
    <investigator_title>Professor</investigator_title>
  </responsible_party>
  <keyword>acne</keyword>
  <keyword>therapeutics</keyword>
  <keyword>clinical trial</keyword>
  <keyword>natural compound</keyword>
  <keyword>Lactobacillus fermented Chamaecypris obtuse</keyword>
  <keyword>tea tree oil</keyword>
  <is_fda_regulated>No</is_fda_regulated>
  <has_expanded_access>No</has_expanded_access>
  <condition_browse>
    <!-- CAUTION:  The following MeSH terms are assigned with an imperfect algorithm  -->
    <mesh_term>Acne Vulgaris</mesh_term>
  </condition_browse>
  <intervention_browse>
    <!-- CAUTION:  The following MeSH terms are assigned with an imperfect algorithm  -->
    <mesh_term>Tea Tree Oil</mesh_term>
  </intervention_browse>
  <!-- Results have not yet been posted for this study                                -->
</clinical_study>
