<?xml version="1.0" encoding="UTF-8"?>
<clinical_study rank="276">
  <!-- This xml conforms to an XML Schema at:
    https://clinicaltrials.gov/ct2/html/images/info/public.xsd
 and an XML DTD at:
    https://clinicaltrials.gov/ct2/html/images/info/public.dtd -->
  <required_header>
    <download_date>ClinicalTrials.gov processed this data on July 08, 2015</download_date>
    <link_text>Link to the current ClinicalTrials.gov record.</link_text>
    <url>https://clinicaltrials.gov/show/NCT00469755</url>
  </required_header>
  <id_info>
    <org_study_id>US10026</org_study_id>
    <nct_id>NCT00469755</nct_id>
  </id_info>
  <brief_title>Differin® Gel x12 Wks vs Tazorac® Cream x12 Wks vs Differin® x6 Wks Switched to Tazorac® x6 Wks for Treatment of Acne</brief_title>
  <official_title>A Comparison of Differin® Gel, 0.1% vs. Tazorac® Cream, 0.1% vs. Differin® Gel, 0.1% 6-Week Treatment Switched to Tazorac® Cream, 0.1% 6-Week Treatment in Patients With Acne Vulgaris</official_title>
  <sponsors>
    <lead_sponsor>
      <agency>Galderma Laboratories, L.P.</agency>
      <agency_class>Industry</agency_class>
    </lead_sponsor>
  </sponsors>
  <source>Galderma Laboratories, L.P.</source>
  <oversight_info>
    <authority>United States: Institutional Review Board</authority>
    <has_dmc>No</has_dmc>
  </oversight_info>
  <brief_summary>
    <textblock>
      To determine the efficacy and safety of 12 weeks of treatment with Differin Gel, 0.1%
      compared to 12 weeks of treatment with Tazorac Cream, 0.1% and compared to 6 weeks treatment
      with Differin Gel, 0.1% followed by 6 weeks of  treatment with Tazorac Cream
    </textblock>
  </brief_summary>
  <detailed_description>
    <textblock>
      Same as above.
    </textblock>
  </detailed_description>
  <overall_status>Completed</overall_status>
  <start_date>February 2006</start_date>
  <completion_date type="Actual">September 2006</completion_date>
  <primary_completion_date type="Actual">September 2006</primary_completion_date>
  <phase>Phase 4</phase>
  <study_type>Interventional</study_type>
  <study_design>Allocation: Randomized, Endpoint Classification: Safety/Efficacy Study, Intervention Model: Factorial Assignment, Masking: Single Blind (Outcomes Assessor), Primary Purpose: Treatment</study_design>
  <primary_outcome>
    <measure>Efficacy - total lesion counts</measure>
    <time_frame>12 weeks</time_frame>
    <safety_issue>No</safety_issue>
  </primary_outcome>
  <secondary_outcome>
    <measure>Safety - tolerability assessments and adverse event reporting</measure>
    <time_frame>12 weeks</time_frame>
    <safety_issue>Yes</safety_issue>
  </secondary_outcome>
  <number_of_arms>3</number_of_arms>
  <enrollment type="Actual">302</enrollment>
  <condition>Acne Vulgaris</condition>
  <arm_group>
    <arm_group_label>1</arm_group_label>
    <arm_group_type>Active Comparator</arm_group_type>
    <description>Differin® Gel, 0.1% for 12 weeks</description>
  </arm_group>
  <arm_group>
    <arm_group_label>2</arm_group_label>
    <arm_group_type>Active Comparator</arm_group_type>
    <description>Tazorac® Cream, 0.1% for 12 weeks</description>
  </arm_group>
  <arm_group>
    <arm_group_label>3</arm_group_label>
    <arm_group_type>Active Comparator</arm_group_type>
    <description>Differin® Gel, 0.1% for 6 weeks switched to Tazorac® Cream, 0.1% for 6 weeks</description>
  </arm_group>
  <intervention>
    <intervention_type>Drug</intervention_type>
    <intervention_name>Adapalene Gel, 0.1%</intervention_name>
    <description>Apply once daily in the evening for 12 weeks</description>
    <arm_group_label>1</arm_group_label>
    <other_name>Differin® Gel, 0.1%</other_name>
  </intervention>
  <intervention>
    <intervention_type>Drug</intervention_type>
    <intervention_name>Tazarotene Cream, 0.1%</intervention_name>
    <description>Apply once daily in the evening for 12 weeks</description>
    <arm_group_label>2</arm_group_label>
    <other_name>Tazorac® Cream, 0.1%</other_name>
  </intervention>
  <intervention>
    <intervention_type>Drug</intervention_type>
    <intervention_name>Adapalene Gel, 0.1% + Tazarotene Cream, 0.1%</intervention_name>
    <description>Apply adapalene Gel, 0.1% once daily in the evening for 6 weeks and Tazarotene Cream, 0.1% once daily in the evening for 6 weeks</description>
    <arm_group_label>3</arm_group_label>
    <other_name>Differin® Gel, 0.1% and Tazorac® Cream, 0.1%</other_name>
  </intervention>
  <eligibility>
    <criteria>
      <textblock>
        Inclusion Criteria:

          -  Subjects with a minimum of 20 inflammatory lesions (papules and pustules) on the face

          -  Subjects with a minimum of 15 and a maximum of 100 non-inflammatory lesions (open
             comedones and closed comedones) on the face, excluding the nose

        Exclusion Criteria:

          -  Subjects with more than 3 nodulo-cystic lesions
      </textblock>
    </criteria>
    <gender>Both</gender>
    <minimum_age>12 Years</minimum_age>
    <maximum_age>35 Years</maximum_age>
    <healthy_volunteers>No</healthy_volunteers>
  </eligibility>
  <overall_official>
    <last_name>Ronald W Gottschalk, MD</last_name>
    <role>Study Director</role>
    <affiliation>Galderma Laboratories, L.P.</affiliation>
  </overall_official>
  <location>
    <facility>
      <name>Therapeutics Clinical Research</name>
      <address>
        <city>San Diego</city>
        <state>California</state>
        <zip>92123</zip>
        <country>United States</country>
      </address>
    </facility>
  </location>
  <location>
    <facility>
      <name>Henry Ford Medical Center-Dept. of Dermatology</name>
      <address>
        <city>Detroit</city>
        <state>Michigan</state>
        <zip>48202</zip>
        <country>United States</country>
      </address>
    </facility>
  </location>
  <location>
    <facility>
      <name>Minnesota Clinical Study Center</name>
      <address>
        <city>Fridley</city>
        <state>Minnesota</state>
        <zip>55432</zip>
        <country>United States</country>
      </address>
    </facility>
  </location>
  <location>
    <facility>
      <name>State University of New York Downstate Medical Center-Dept. of Dermatology</name>
      <address>
        <city>Brooklyn</city>
        <state>New York</state>
        <zip>11203</zip>
        <country>United States</country>
      </address>
    </facility>
  </location>
  <location>
    <facility>
      <name>Dermatology Research Associates</name>
      <address>
        <city>Cincinnati</city>
        <state>Ohio</state>
        <zip>45230</zip>
        <country>United States</country>
      </address>
    </facility>
  </location>
  <location>
    <facility>
      <name>Phoebe Rich, MD &amp; Associates</name>
      <address>
        <city>Portland</city>
        <state>Oregon</state>
        <zip>97210</zip>
        <country>United States</country>
      </address>
    </facility>
  </location>
  <location>
    <facility>
      <name>Milton S. Hershey Medical Center Center-Div. of Dermatology</name>
      <address>
        <city>Hershey</city>
        <state>Pennsylvania</state>
        <zip>17033-0850</zip>
        <country>United States</country>
      </address>
    </facility>
  </location>
  <location>
    <facility>
      <name>DermResearch, Inc.</name>
      <address>
        <city>Austin</city>
        <state>Texas</state>
        <zip>78759</zip>
        <country>United States</country>
      </address>
    </facility>
  </location>
  <location>
    <facility>
      <name>J &amp; S Studies, Inc.</name>
      <address>
        <city>Bryan</city>
        <state>Texas</state>
        <zip>77802</zip>
        <country>United States</country>
      </address>
    </facility>
  </location>
  <location>
    <facility>
      <name>Stephens &amp; Associates</name>
      <address>
        <city>Carrollton</city>
        <state>Texas</state>
        <zip>75006</zip>
        <country>United States</country>
      </address>
    </facility>
  </location>
  <location>
    <facility>
      <name>Dermatology Research Center</name>
      <address>
        <city>Salt Lake City</city>
        <state>Utah</state>
        <zip>84124</zip>
        <country>United States</country>
      </address>
    </facility>
  </location>
  <location>
    <facility>
      <name>Virginia Clinical Research, Inc.</name>
      <address>
        <city>Norfolk</city>
        <state>Virginia</state>
        <zip>23507</zip>
        <country>United States</country>
      </address>
    </facility>
  </location>
  <location_countries>
    <country>United States</country>
  </location_countries>
  <verification_date>March 2008</verification_date>
  <lastchanged_date>March 28, 2008</lastchanged_date>
  <firstreceived_date>May 2, 2007</firstreceived_date>
  <responsible_party>
    <name_title>Ronald W. Gottschalk, MD / Medical Director</name_title>
    <organization>Galderma Laboratories, L.P.</organization>
  </responsible_party>
  <is_fda_regulated>No</is_fda_regulated>
  <has_expanded_access>No</has_expanded_access>
  <condition_browse>
    <!-- CAUTION:  The following MeSH terms are assigned with an imperfect algorithm  -->
    <mesh_term>Acne Vulgaris</mesh_term>
  </condition_browse>
  <intervention_browse>
    <!-- CAUTION:  The following MeSH terms are assigned with an imperfect algorithm  -->
    <mesh_term>Adapalene</mesh_term>
    <mesh_term>Tazarotene</mesh_term>
  </intervention_browse>
  <!-- Results have not yet been posted for this study                                -->
</clinical_study>
