<?xml version="1.0" encoding="UTF-8"?>
<clinical_study rank="379">
  <!-- This xml conforms to an XML Schema at:
    https://clinicaltrials.gov/ct2/html/images/info/public.xsd
 and an XML DTD at:
    https://clinicaltrials.gov/ct2/html/images/info/public.dtd -->
  <required_header>
    <download_date>ClinicalTrials.gov processed this data on July 08, 2015</download_date>
    <link_text>Link to the current ClinicalTrials.gov record.</link_text>
    <url>https://clinicaltrials.gov/show/NCT01615848</url>
  </required_header>
  <id_info>
    <org_study_id>MMC12043-20kCTIL</org_study_id>
    <nct_id>NCT01615848</nct_id>
  </id_info>
  <brief_title>Comparison Between Mediterranean Diet and High Protein Diet in Women With Polycystic Ovary Syndrome (PCOS)</brief_title>
  <official_title>Comparison Between Mediterranean Diet and High Protein Diet in Women With Pcos: Randomized Controlled Trial</official_title>
  <sponsors>
    <lead_sponsor>
      <agency>Meir Medical Center</agency>
      <agency_class>Other</agency_class>
    </lead_sponsor>
  </sponsors>
  <source>Meir Medical Center</source>
  <oversight_info>
    <authority>Israel: Clalit Health Services</authority>
    <has_dmc>Yes</has_dmc>
  </oversight_info>
  <brief_summary>
    <textblock>
      Polycystic ovary syndrome (PCOS) affects 5-10% of women and is the most common endocrine
      syndrome.PCOS is associated with infertility, risk for obesity and type 2 diabetes. The
      elevated insulin characteristic of PCOS is likely to play a major role in its symptoms.
      restricted calorie High protein diet and mediterranean diet may improve insulin sensitivity
      and therefore lower androgen production  in women with pcos women.the purpose of this study
      is to determine which diet is more effective in improving metabolic and reproductive
      outcomes.
    </textblock>
  </brief_summary>
  <detailed_description>
    <textblock>
      Polycystic ovary syndrome (PCOS) is a heterogeneous syndrome affecting 5-10% of women of
      reproductive age. It is characterized by elevated circulating insulin, reduced insulin
      sensitivity, infertility, hyperandrogenism, and a multitude of symptoms that result in a
      decreased quality of life. The elevated insulin characteristic of PCOS is likely to play a
      major role in its pathogenesis by reducing insulin sensitivity and stimulating excess
      androgen production hence causing an hormonal imbalance.

      Low calories diets have shown to improve pcos symptoms but the optimal diet for all pcos
      women is still unknown.

      In this study, our purpose is to compare two lowering insulin restricted calories  diets in
      order to find the optimal diet for improving  metabolic and endocrin outcomes in pcos women
      we will also investigate which diet has the best long lasting compliance.
    </textblock>
  </detailed_description>
  <overall_status>Not yet recruiting</overall_status>
  <start_date>April 2013</start_date>
  <completion_date type="Anticipated">November 2013</completion_date>
  <primary_completion_date type="Anticipated">November 2013</primary_completion_date>
  <phase>N/A</phase>
  <study_type>Interventional</study_type>
  <study_design>Allocation: Randomized, Endpoint Classification: Efficacy Study, Intervention Model: Parallel Assignment, Masking: Open Label, Primary Purpose: Treatment</study_design>
  <primary_outcome>
    <measure>improvement in metabolic outcomes of women with pcos</measure>
    <time_frame>18 months</time_frame>
    <safety_issue>No</safety_issue>
  </primary_outcome>
  <secondary_outcome>
    <measure>improvement in clinical symptoms: acne, hirsutism and menstrual regularity</measure>
    <time_frame>18 months</time_frame>
    <safety_issue>No</safety_issue>
  </secondary_outcome>
  <number_of_arms>2</number_of_arms>
  <enrollment type="Anticipated">100</enrollment>
  <condition>Polycystic Ovary Syndrome</condition>
  <arm_group>
    <arm_group_label>mediterranean diet restricted calorie</arm_group_label>
    <arm_group_type>Experimental</arm_group_type>
    <description>1500 k/calories 47-51% carbohydrate 14-17% protein 33-36% fat: 7-7.6% saturated fat 22-30% monounsaturated &amp; polyunsaturated fat</description>
  </arm_group>
  <arm_group>
    <arm_group_label>high protein diet, restricted calorie</arm_group_label>
    <arm_group_type>Experimental</arm_group_type>
    <description>1500 k/calories 40 % carbohydrate 30% protein 30% fat</description>
  </arm_group>
  <intervention>
    <intervention_type>Other</intervention_type>
    <intervention_name>mediterranean diet restricted calorie</intervention_name>
    <description>1500 k/cal 30% fat</description>
    <arm_group_label>mediterranean diet restricted calorie</arm_group_label>
  </intervention>
  <intervention>
    <intervention_type>Other</intervention_type>
    <intervention_name>high protein diet</intervention_name>
    <description>50 pcos diagnosed women will be assigned to high protein diet for 18 month</description>
    <arm_group_label>high protein diet, restricted calorie</arm_group_label>
  </intervention>
  <intervention>
    <intervention_type>Other</intervention_type>
    <intervention_name>mediterranean diet restricted calorie</intervention_name>
    <description>50 pcos women will be assigned to 1500 k/cal diet for 18 month</description>
    <arm_group_label>mediterranean diet restricted calorie</arm_group_label>
  </intervention>
  <eligibility>
    <criteria>
      <textblock>
        Inclusion Criteria:

          -  Polycystic ovary syndrome

        Exclusion Criteria:

          -  Pregnancy

          -  Lactation 6 month prior to study

          -  Known hyperandrogenism

          -  More then 5 kg weight loss 6 month prior to study

          -  Imbalance pituitary hormones

          -  Alcohol or drug abuse

          -  Chronic disease - kidney/heart/diabetes/lung

          -  Psychiatric disease

          -  Drug use accept contraceptive pills
      </textblock>
    </criteria>
    <gender>Female</gender>
    <minimum_age>18 Years</minimum_age>
    <maximum_age>35 Years</maximum_age>
    <healthy_volunteers>No</healthy_volunteers>
  </eligibility>
  <overall_official>
    <last_name>Adam Geva, MD</last_name>
    <role>Principal Investigator</role>
    <affiliation>Clalit Health Services</affiliation>
  </overall_official>
  <location>
    <facility>
      <name>Clalit Health Services</name>
      <address>
        <city>Haifa</city>
        <country>Israel</country>
      </address>
    </facility>
    <status>Not yet recruiting</status>
    <contact>
      <last_name>Adam Geva, MD</last_name>
      <phone>052-3562580</phone>
      <email>hadasha@clalit.org.il</email>
    </contact>
    <investigator>
      <last_name>Hadas Hardoon, B.Sc.Nutr</last_name>
      <role>Sub-Investigator</role>
    </investigator>
  </location>
  <location_countries>
    <country>Israel</country>
  </location_countries>
  <verification_date>February 2013</verification_date>
  <lastchanged_date>February 19, 2013</lastchanged_date>
  <firstreceived_date>June 7, 2012</firstreceived_date>
  <responsible_party>
    <responsible_party_type>Sponsor</responsible_party_type>
  </responsible_party>
  <keyword>polycystic Ovary syndrome (PCOS)</keyword>
  <keyword>diet</keyword>
  <keyword>mediterranean diet</keyword>
  <keyword>high protein diet</keyword>
  <is_fda_regulated>No</is_fda_regulated>
  <has_expanded_access>No</has_expanded_access>
  <condition_browse>
    <!-- CAUTION:  The following MeSH terms are assigned with an imperfect algorithm  -->
    <mesh_term>Polycystic Ovary Syndrome</mesh_term>
  </condition_browse>
  <!-- Results have not yet been posted for this study                                -->
</clinical_study>
