<?xml version="1.0" encoding="UTF-8"?>
<clinical_study rank="97">
  <!-- This xml conforms to an XML Schema at:
    https://clinicaltrials.gov/ct2/html/images/info/public.xsd
 and an XML DTD at:
    https://clinicaltrials.gov/ct2/html/images/info/public.dtd -->
  <required_header>
    <download_date>ClinicalTrials.gov processed this data on July 08, 2015</download_date>
    <link_text>Link to the current ClinicalTrials.gov record.</link_text>
    <url>https://clinicaltrials.gov/show/NCT01498874</url>
  </required_header>
  <id_info>
    <org_study_id>X052120</org_study_id>
    <nct_id>NCT01498874</nct_id>
  </id_info>
  <brief_title>Efficacy and Safety Study of Gevokizumab to Treat Moderate to Severe Acne Vulgaris</brief_title>
  <official_title>A Randomized, Double-blind, Placebo-controlled Study to Evaluate the Efficacy and Safety of Gevokizumab in Subjects With Moderate to Severe Acne Vulgaris</official_title>
  <sponsors>
    <lead_sponsor>
      <agency>XOMA (US) LLC</agency>
      <agency_class>Industry</agency_class>
    </lead_sponsor>
  </sponsors>
  <source>XOMA (US) LLC</source>
  <oversight_info>
    <authority>United States: Food and Drug Administration</authority>
    <has_dmc>No</has_dmc>
  </oversight_info>
  <brief_summary>
    <textblock>
      The purpose of this study is to determine whether gevokizumab is effective in the treatment
      of moderate to severe acne vulgaris.
    </textblock>
  </brief_summary>
  <overall_status>Completed</overall_status>
  <start_date>December 2011</start_date>
  <completion_date type="Actual">June 2013</completion_date>
  <primary_completion_date type="Actual">April 2013</primary_completion_date>
  <phase>Phase 2</phase>
  <study_type>Interventional</study_type>
  <study_design>Allocation: Randomized, Endpoint Classification: Safety/Efficacy Study, Intervention Model: Parallel Assignment, Masking: Double Blind (Subject, Caregiver, Investigator, Outcomes Assessor), Primary Purpose: Treatment</study_design>
  <primary_outcome>
    <measure>The mean absolute change from baseline in inflammatory facial lesion count at Day 84</measure>
    <time_frame>Baseline and Day 84</time_frame>
    <safety_issue>No</safety_issue>
  </primary_outcome>
  <secondary_outcome>
    <measure>The proportion of subjects with a successful treatment outcome at Day 84</measure>
    <time_frame>Baseline and Day 84</time_frame>
    <safety_issue>No</safety_issue>
    <description>Successful treatment outcome is defined as an improvement of &gt;= 2 grades from the baseline grade on the dichotomized facial Investigator's Global Assessment scale.</description>
  </secondary_outcome>
  <number_of_arms>3</number_of_arms>
  <enrollment type="Actual">127</enrollment>
  <condition>Acne Vulgaris</condition>
  <arm_group>
    <arm_group_label>Placebo</arm_group_label>
    <arm_group_type>Placebo Comparator</arm_group_type>
  </arm_group>
  <arm_group>
    <arm_group_label>low dose gevokizumab</arm_group_label>
    <arm_group_type>Experimental</arm_group_type>
  </arm_group>
  <arm_group>
    <arm_group_label>high dose gevokizumab</arm_group_label>
    <arm_group_type>Experimental</arm_group_type>
  </arm_group>
  <intervention>
    <intervention_type>Drug</intervention_type>
    <intervention_name>Placebo</intervention_name>
    <description>Sterile solution administered subcutaneously on Day 0, Day 28, and Day 56</description>
    <arm_group_label>Placebo</arm_group_label>
  </intervention>
  <intervention>
    <intervention_type>Drug</intervention_type>
    <intervention_name>gevokizumab</intervention_name>
    <description>Sterile solution administered subcutaneously on Day 0, Day 28, and Day 56</description>
    <arm_group_label>low dose gevokizumab</arm_group_label>
  </intervention>
  <intervention>
    <intervention_type>Drug</intervention_type>
    <intervention_name>gevokizumab</intervention_name>
    <description>Sterile solution administered subcutaneously on Day 0, Day 28, and Day 56</description>
    <arm_group_label>high dose gevokizumab</arm_group_label>
  </intervention>
  <eligibility>
    <criteria>
      <textblock>
        Inclusion Criteria:

          -  Diagnosis of moderate to severe acne vulgaris

          -  Acne vulgaris unresponsive to oral antibiotics

          -  Willingness to maintain current habits for facial cleaning, shaving, and
             application of cosmetics through the end of the study

        Exclusion Criteria:

          -  Use of medications or treatments from specified pre-treatment time periods through
             the end of the study

          -  Beard, moustache, sideburns or other facial hair that may interfere with evaluation

          -  Other forms of acne

          -  History of malignancy within 5 years

          -  History of allergic or anaphylactic reactions to monoclonal antibodies

          -  History of tuberculosis

          -  History of chronic systemic infections

          -  Female subjects who are pregnant, planning to become pregnant

        Other protocol-defined inclusion/exclusion criteria may apply
      </textblock>
    </criteria>
    <gender>Both</gender>
    <minimum_age>17 Years</minimum_age>
    <maximum_age>N/A</maximum_age>
    <healthy_volunteers>No</healthy_volunteers>
  </eligibility>
  <location>
    <facility>
      <address>
        <city>Hot Springs</city>
        <state>Arkansas</state>
        <country>United States</country>
      </address>
    </facility>
  </location>
  <location>
    <facility>
      <address>
        <city>Riverside</city>
        <state>California</state>
        <country>United States</country>
      </address>
    </facility>
  </location>
  <location>
    <facility>
      <address>
        <city>San Diego</city>
        <state>California</state>
        <country>United States</country>
      </address>
    </facility>
  </location>
  <location>
    <facility>
      <address>
        <city>Denver</city>
        <state>Colorado</state>
        <country>United States</country>
      </address>
    </facility>
  </location>
  <location>
    <facility>
      <address>
        <city>New Haven</city>
        <state>Connecticut</state>
        <country>United States</country>
      </address>
    </facility>
  </location>
  <location>
    <facility>
      <address>
        <city>Bay City</city>
        <state>Michigan</state>
        <country>United States</country>
      </address>
    </facility>
  </location>
  <location>
    <facility>
      <address>
        <city>Fridley</city>
        <state>Minnesota</state>
        <country>United States</country>
      </address>
    </facility>
  </location>
  <location>
    <facility>
      <address>
        <city>Las Vegas</city>
        <state>Nevada</state>
        <country>United States</country>
      </address>
    </facility>
  </location>
  <location>
    <facility>
      <address>
        <city>Albuquerque</city>
        <state>New Mexico</state>
        <country>United States</country>
      </address>
    </facility>
  </location>
  <location>
    <facility>
      <address>
        <city>Charlotte</city>
        <state>North Carolina</state>
        <country>United States</country>
      </address>
    </facility>
  </location>
  <location>
    <facility>
      <address>
        <city>High Point</city>
        <state>North Carolina</state>
        <country>United States</country>
      </address>
    </facility>
  </location>
  <location>
    <facility>
      <address>
        <city>Raleigh</city>
        <state>North Carolina</state>
        <country>United States</country>
      </address>
    </facility>
  </location>
  <location>
    <facility>
      <address>
        <city>South Euclid</city>
        <state>Ohio</state>
        <country>United States</country>
      </address>
    </facility>
  </location>
  <location>
    <facility>
      <address>
        <city>Portland</city>
        <state>Oregon</state>
        <country>United States</country>
      </address>
    </facility>
  </location>
  <location>
    <facility>
      <address>
        <city>Arlington</city>
        <state>Texas</state>
        <country>United States</country>
      </address>
    </facility>
  </location>
  <location>
    <facility>
      <address>
        <city>Austin</city>
        <state>Texas</state>
        <country>United States</country>
      </address>
    </facility>
  </location>
  <location>
    <facility>
      <address>
        <city>Houston</city>
        <state>Texas</state>
        <country>United States</country>
      </address>
    </facility>
  </location>
  <location>
    <facility>
      <address>
        <city>Salt Lake City</city>
        <state>Utah</state>
        <country>United States</country>
      </address>
    </facility>
  </location>
  <location>
    <facility>
      <address>
        <city>Richmond</city>
        <state>Virginia</state>
        <country>United States</country>
      </address>
    </facility>
  </location>
  <location_countries>
    <country>United States</country>
  </location_countries>
  <verification_date>March 2014</verification_date>
  <lastchanged_date>March 3, 2014</lastchanged_date>
  <firstreceived_date>December 21, 2011</firstreceived_date>
  <responsible_party>
    <responsible_party_type>Sponsor</responsible_party_type>
  </responsible_party>
  <keyword>Acne</keyword>
  <keyword>Acne Vulgaris</keyword>
  <is_fda_regulated>Yes</is_fda_regulated>
  <is_section_801>Yes</is_section_801>
  <has_expanded_access>No</has_expanded_access>
  <condition_browse>
    <!-- CAUTION:  The following MeSH terms are assigned with an imperfect algorithm  -->
    <mesh_term>Acne Vulgaris</mesh_term>
  </condition_browse>
  <!-- Results have not yet been posted for this study                                -->
</clinical_study>
