<?xml version="1.0" encoding="UTF-8"?>
<clinical_study rank="29">
  <!-- This xml conforms to an XML Schema at:
    https://clinicaltrials.gov/ct2/html/images/info/public.xsd
 and an XML DTD at:
    https://clinicaltrials.gov/ct2/html/images/info/public.dtd -->
  <required_header>
    <download_date>ClinicalTrials.gov processed this data on July 08, 2015</download_date>
    <link_text>Link to the current ClinicalTrials.gov record.</link_text>
    <url>https://clinicaltrials.gov/show/NCT01422785</url>
  </required_header>
  <id_info>
    <org_study_id>GCO 10-1602</org_study_id>
    <nct_id>NCT01422785</nct_id>
  </id_info>
  <brief_title>A Study Comparing Combination Clindamycin Phosphate/Tretinoin Gel Alone Versus With Benzoyl Peroxide Foaming Cloths for Facial Acne</brief_title>
  <official_title>A Pilot Study to Evaluate the Efficacy of Fixed Dose Combination Clindamycin Phosphate 1.2%/Tretinoin 0.025% Gel Alone Versus Fixed Dose Combination Clindamycin Phosphate 1.2%/Tretinoin 0.025% Gel Plus Benzoyl Peroxide 6% Foaming Cloths in the Treatment of Facial Acne Vulgaris</official_title>
  <sponsors>
    <lead_sponsor>
      <agency>Zeichner, Joshua, M.D.</agency>
      <agency_class>Other</agency_class>
    </lead_sponsor>
  </sponsors>
  <source>Zeichner, Joshua, M.D.</source>
  <oversight_info>
    <authority>United States: Institutional Review Board</authority>
    <has_dmc>Yes</has_dmc>
  </oversight_info>
  <brief_summary>
    <textblock>
      There are many different factors that cause acne.  So combination treatment using different
      medications that can address these different factors is commonly used to treat acne.
      Fixed-dose combination clindamycin phosphate 1.2% and tretinoin 0.025% gel and benzoyl
      peroxide 6% foaming cloths are both used to treat acne.  This study will evaluate the use of
      the medications when used together.
    </textblock>
  </brief_summary>
  <overall_status>Recruiting</overall_status>
  <start_date>July 2011</start_date>
  <primary_completion_date type="Anticipated">December 2011</primary_completion_date>
  <phase>Phase 4</phase>
  <study_type>Interventional</study_type>
  <study_design>Allocation: Randomized, Intervention Model: Parallel Assignment, Masking: Single Blind (Investigator), Primary Purpose: Treatment</study_design>
  <primary_outcome>
    <measure>Change in PGA scores of patients using combination clindamycin phosphate 1.2%/tretinoin 0.025% gel with or without benzoyl peroxide 6% foaming cloths for facial acne</measure>
    <time_frame>Weeks 2, 4, 8, 12</time_frame>
    <safety_issue>No</safety_issue>
    <description>The primary efficacy endpoint will be &quot;Treatment Success&quot;, a static endpoint defined as a score of 0 (clear) to 1 (almost clear) at Week 12 (final study visit) by PGA scoring system.</description>
  </primary_outcome>
  <secondary_outcome>
    <measure>Change in Postinflammatory hyperpigmentation score at each study visit and from baseline to final visit.</measure>
    <time_frame>Weeks 2, 4, 8, 12</time_frame>
    <safety_issue>No</safety_issue>
    <description>Change in PIH score from baseline will be assessed. (based on a 6 point scale)</description>
  </secondary_outcome>
  <secondary_outcome>
    <measure>Total number of adverse events.</measure>
    <time_frame>Weeks 2, 4, 8, 12</time_frame>
    <safety_issue>Yes</safety_issue>
    <description>Safety/drug-tolerance evaluated at each visit (total number of adverse events)</description>
  </secondary_outcome>
  <secondary_outcome>
    <measure>Change in Subject Self Assessment Scoring Scale</measure>
    <time_frame>Weeks 2, 4, 8, 12</time_frame>
    <safety_issue>No</safety_issue>
    <description>Patient rates current severity of their acne.</description>
  </secondary_outcome>
  <secondary_outcome>
    <measure>Change in Acne-Specific Quality of Life Questionnaire (Acne-QoL)</measure>
    <time_frame>Weeks 2, 4, 8, 12</time_frame>
    <safety_issue>No</safety_issue>
    <description>Acne-QoL as completed by patient.</description>
  </secondary_outcome>
  <number_of_arms>2</number_of_arms>
  <enrollment type="Anticipated">40</enrollment>
  <condition>Acne Vulgaris</condition>
  <arm_group>
    <arm_group_label>clindamycin phosphate 1.2%/tretinoin 0.025% gel alone</arm_group_label>
    <arm_group_type>Active Comparator</arm_group_type>
  </arm_group>
  <arm_group>
    <arm_group_label>clindamycin / tretinoin gel plus benzoyl peroxide</arm_group_label>
    <arm_group_type>Active Comparator</arm_group_type>
  </arm_group>
  <intervention>
    <intervention_type>Drug</intervention_type>
    <intervention_name>clindamycin phosphate 1.2%/tretinoin 0.025% gel alone</intervention_name>
    <description>Once daily application of the clindamycin phosphate 1.2%/tretinoin 0.025% gel in the evening</description>
    <arm_group_label>clindamycin phosphate 1.2%/tretinoin 0.025% gel alone</arm_group_label>
  </intervention>
  <intervention>
    <intervention_type>Drug</intervention_type>
    <intervention_name>clindamycin phosphate 1.2%/tretinoin 0.025% gel plus benzoyl peroxide 6% foaming cloths</intervention_name>
    <description>wash face with the benzoyl peroxide foaming cloth then rinse.  then apply clindamycin phosphate 1.2%/tretinoin 0.025% gel.  both done in the evening.</description>
    <arm_group_label>clindamycin / tretinoin gel plus benzoyl peroxide</arm_group_label>
  </intervention>
  <eligibility>
    <criteria>
      <textblock>
        Inclusion Criteria:

          -  Males and females ≥ 12 years old.

          -  Subjects must be in good general health as confirmed by medical history and physical
             examination.

          -  Females of child-bearing potential must have a negative urine pregnancy test at the
             baseline visit and agree to use adequate birth control during the study (barrier,
             oral, injection, intrauterine or abstinence).

          -  Clear diagnosis of facial acne vulgaris for at least 3 months.

          -  Subject must have a static Physician's Global Assessment (PGA) of at least 2 (mild
             severity), but no more than 4.

          -  Disease must be stable or slowly worsening for more than one week prior to entering
             the study.

          -  Subjects or their guardians must be able to read, sign, and date the informed
             consent, and abide by study restrictions for its duration.

        Exclusion Criteria:

          -  Females who are pregnant, attempting to conceive, or breastfeeding.

          -  Subjects with known hypersensitivity to study drug.

          -  Subjects with very severe acne (PGA score of 5)

          -  Subjects with overt signs of skin atrophy, telangiectasias or other skin findings
             that would affect efficacy evaluation.

          -  Subjects with a current active skin malignancy or infection.

          -  Subjects requiring the use of medications known to alter the course of acne vulgaris
             during the study treatment.

          -  Subjects who have received systemic antibiotics within 2 weeks.

          -  Subjects using systemic corticosteroids or immunosuppressants within 28 days of
             entering the study.

          -  Subjects who have received any topical therapies for acne vulgaris within 2 weeks of
             entering the study.

          -  Subjects taking birth control pills for less than 3 months or solely for the
             prevention of acne.

          -  Subjects who are currently participating in or, within the previous 28 days, have
             participated in another study for the treatment of acne vulgaris.

          -  Subjects with clinical conditions that may post a health risk to the subject by being
             involved in the study or detrimentally affect regular follow-up of the subject.
      </textblock>
    </criteria>
    <gender>Both</gender>
    <minimum_age>12 Years</minimum_age>
    <maximum_age>N/A</maximum_age>
    <healthy_volunteers>No</healthy_volunteers>
  </eligibility>
  <overall_contact>
    <last_name>Vicky Wong</last_name>
    <phone>212-241-3288</phone>
  </overall_contact>
  <location>
    <facility>
      <name>Mt Sinai Hospital - Dept of Dermatology</name>
      <address>
        <city>New York</city>
        <state>New York</state>
        <zip>10029</zip>
        <country>United States</country>
      </address>
    </facility>
    <status>Recruiting</status>
    <contact>
      <last_name>Vicky Wong</last_name>
      <phone>212-241-3288</phone>
    </contact>
    <investigator>
      <last_name>Joshua Zeichner, MD</last_name>
      <role>Principal Investigator</role>
    </investigator>
  </location>
  <location_countries>
    <country>United States</country>
  </location_countries>
  <verification_date>August 2011</verification_date>
  <lastchanged_date>August 22, 2011</lastchanged_date>
  <firstreceived_date>August 12, 2011</firstreceived_date>
  <responsible_party>
    <responsible_party_type>Principal Investigator</responsible_party_type>
    <investigator_affiliation>Mount Sinai School of Medicine</investigator_affiliation>
    <investigator_full_name>Joshua Zeichner</investigator_full_name>
    <investigator_title>Zeichner, Joshua, M.D.</investigator_title>
  </responsible_party>
  <keyword>Acne Vulgaris</keyword>
  <is_fda_regulated>No</is_fda_regulated>
  <has_expanded_access>No</has_expanded_access>
  <condition_browse>
    <!-- CAUTION:  The following MeSH terms are assigned with an imperfect algorithm  -->
    <mesh_term>Acne Vulgaris</mesh_term>
  </condition_browse>
  <intervention_browse>
    <!-- CAUTION:  The following MeSH terms are assigned with an imperfect algorithm  -->
    <mesh_term>Benzoyl Peroxide</mesh_term>
    <mesh_term>Clindamycin</mesh_term>
    <mesh_term>Clindamycin palmitate</mesh_term>
    <mesh_term>Clindamycin phosphate</mesh_term>
    <mesh_term>Tretinoin</mesh_term>
  </intervention_browse>
  <!-- Results have not yet been posted for this study                                -->
</clinical_study>
