<?xml version="1.0" encoding="UTF-8"?>
<clinical_study rank="6">
  <!-- This xml conforms to an XML Schema at:
    https://clinicaltrials.gov/ct2/html/images/info/public.xsd
 and an XML DTD at:
    https://clinicaltrials.gov/ct2/html/images/info/public.dtd -->
  <required_header>
    <download_date>ClinicalTrials.gov processed this data on July 08, 2015</download_date>
    <link_text>Link to the current ClinicalTrials.gov record.</link_text>
    <url>https://clinicaltrials.gov/show/NCT02404285</url>
  </required_header>
  <id_info>
    <org_study_id>CSP-003</org_study_id>
    <nct_id>NCT02404285</nct_id>
  </id_info>
  <brief_title>A Study to Evaluate the Clinical Effect of Daily Next Science™ Acne Gel (NAG) on Mild to Moderate Facial Acne</brief_title>
  <official_title>A Multi-center, Double-blind, Vehicle-controlled Study to Evaluate the Clinical Effect of Daily Next Science™ Acne Gel (NAG) on Mild to Moderate Facial Acne</official_title>
  <sponsors>
    <lead_sponsor>
      <agency>Next Science TM</agency>
      <agency_class>Industry</agency_class>
    </lead_sponsor>
    <collaborator>
      <agency>Jacksonville Center for Clinical Research</agency>
      <agency_class>Other</agency_class>
    </collaborator>
    <collaborator>
      <agency>St. Johns Center for Clinical Research</agency>
      <agency_class>Other</agency_class>
    </collaborator>
    <collaborator>
      <agency>Fleming Island Center for Clinical Research</agency>
      <agency_class>Other</agency_class>
    </collaborator>
  </sponsors>
  <source>Next Science TM</source>
  <oversight_info>
    <authority>United States: Institutional Review Board</authority>
    <has_dmc>No</has_dmc>
  </oversight_info>
  <brief_summary>
    <textblock>
      This is a 12 week, multi-site, double-blind, vehicle-controlled study in subjects with mild
      to moderate facial acne.  Subjects will be randomized 1:1 to apply either topical NAG or
      vehicle gel daily.  Subjects will be evaluated for clinical acne and quality of life
      outcomes at baseline, 2 weeks, 4 weeks, 8 weeks and 12 weeks.
    </textblock>
  </brief_summary>
  <detailed_description>
    <textblock>
      Sample Size: N= 60 completed subjects Male and female subjects 12 years or older diagnosed
      with mild to moderate inflammatory facial acne vulgaris.

      Subjects will be treated with once daily topical NAG or matching vehicle and will attend
      screening, randomization, 2,4,8 and 12 week visits.  The following will be assessed:

        1. Lesion counts with photography

        2. Investigator Global Assessment

        3. Acne Quality of Life Questionnaire

        4. Treatment Area Assessment by Investigator

      Subjects will discontinue all baseline topical acne treatments with a 2 week washout and/or
      all systemic acne treatments with a 3 week washout.  All subjects will be provided open
      label Cetaphil facial cleanser and double-blind NAG or vehicle product.
    </textblock>
  </detailed_description>
  <overall_status>Active, not recruiting</overall_status>
  <start_date>March 2015</start_date>
  <completion_date type="Anticipated">September 2015</completion_date>
  <primary_completion_date type="Anticipated">September 2015</primary_completion_date>
  <phase>Phase 1/Phase 2</phase>
  <study_type>Interventional</study_type>
  <study_design>Allocation: Randomized, Endpoint Classification: Efficacy Study, Intervention Model: Parallel Assignment, Masking: Double Blind (Subject, Caregiver, Investigator, Outcomes Assessor), Primary Purpose: Treatment</study_design>
  <primary_outcome>
    <measure>Inflammatory lesions</measure>
    <time_frame>12 weeks</time_frame>
    <safety_issue>No</safety_issue>
    <description>Number of inflammatory lesions (papules and pustules) with daily use of NAG compared with vehicle over 12-weeks of use.</description>
  </primary_outcome>
  <secondary_outcome>
    <measure>Non-inflammatory lesions</measure>
    <time_frame>12 weeks</time_frame>
    <safety_issue>No</safety_issue>
    <description>Number of non-inflammatory lesions with daily use of NAG compared with vehicle over 12-weeks of use.</description>
  </secondary_outcome>
  <secondary_outcome>
    <measure>Investigator Global Assessment</measure>
    <time_frame>12 weeks</time_frame>
    <safety_issue>No</safety_issue>
    <description>IGA grade (0-5) with daily use of NAG compared with vehicle over 12-weeks of use.</description>
  </secondary_outcome>
  <secondary_outcome>
    <measure>Treatment Areas</measure>
    <time_frame>12 weeks</time_frame>
    <safety_issue>No</safety_issue>
    <description>Erythema will be scored per below:
Score Assessment Description 0 Absent None
Mild Slight, barely perceptible
Moderate Notable, distinct presence
Severe Intense, marked presence</description>
  </secondary_outcome>
  <secondary_outcome>
    <measure>Treatment Areas</measure>
    <time_frame>12 weeks</time_frame>
    <safety_issue>No</safety_issue>
    <description>Dryness will be scored per below:
Score Assessment Description 0 Absent None
Mild Slight, barely perceptible
Moderate Notable, distinct presence
Severe Intense, marked presence</description>
  </secondary_outcome>
  <secondary_outcome>
    <measure>Treatment Areas</measure>
    <time_frame>12 weeks</time_frame>
    <safety_issue>No</safety_issue>
    <description>Burning or Stinging will be scored per below:
Score Assessment Description 0 Absent None
Mild Slight, barely perceptible
Moderate Notable, distinct presence
Severe Intense, marked presence</description>
  </secondary_outcome>
  <secondary_outcome>
    <measure>Treatment Areas</measure>
    <time_frame>12 weeks</time_frame>
    <safety_issue>No</safety_issue>
    <description>Erosion will be scored per below:
Score Assessment Description 0 Absent None
Mild Slight, barely perceptible
Moderate Notable, distinct presence
Severe Intense, marked presence</description>
  </secondary_outcome>
  <secondary_outcome>
    <measure>Treatment Areas</measure>
    <time_frame>12 weeks</time_frame>
    <safety_issue>No</safety_issue>
    <description>Edema will be scored per below:
Score Assessment Description 0 Absent None
Mild Slight, barely perceptible
Moderate Notable, distinct presence
Severe Intense, marked presence</description>
  </secondary_outcome>
  <secondary_outcome>
    <measure>Treatment Areas</measure>
    <time_frame>12 weeks</time_frame>
    <safety_issue>No</safety_issue>
    <description>Pain will be scored per below:
Score Assessment Description 0 Absent None
Mild Slight, barely perceptible
Moderate Notable, distinct presence
Severe Intense, marked presence</description>
  </secondary_outcome>
  <secondary_outcome>
    <measure>Treatment Areas</measure>
    <time_frame>12 weeks</time_frame>
    <safety_issue>No</safety_issue>
    <description>Itching will be scored per below:
Score Assessment Description 0 Absent None
Mild Slight, barely perceptible
Moderate Notable, distinct presence
Severe Intense, marked presence</description>
  </secondary_outcome>
  <secondary_outcome>
    <measure>Quality of Life assessed by  patient-reported Acne Quality of Life questionnaires</measure>
    <time_frame>12 weeks</time_frame>
    <safety_issue>No</safety_issue>
    <description>Subjects will complete the Acne-QoL form at each visit. The Acne-QoL is a validated measure that contains 19 questions referring to the past week, organized into four areas: self-perception, role-social, role-emotional, and acne symptoms.  Domain scores are calculated by adding the item scores within each domain, with higher scores reflecting better QoL determination.</description>
  </secondary_outcome>
  <number_of_arms>2</number_of_arms>
  <enrollment type="Anticipated">72</enrollment>
  <condition>Acne Vulgaris</condition>
  <arm_group>
    <arm_group_label>Vehicle</arm_group_label>
    <arm_group_type>Placebo Comparator</arm_group_type>
    <description>Subjects will be treated with once daily vehicle and will attend screening, randomization, 2,4,8 and 12 week visits.  The following will be assessed:
Lesions will be counted and right, left and forward facing photographs will be taken
Investigator Global Assessment
Acne Quality of Life Questionnaire
Treatment Area Assessment by Investigator</description>
  </arm_group>
  <arm_group>
    <arm_group_label>NAG (Next Science Acne Gel)</arm_group_label>
    <arm_group_type>Active Comparator</arm_group_type>
    <description>Subjects will be treated with once daily NAG and will attend screening, randomization, 2,4,8 and 12 week visits.  The following will be assessed:
Lesions will be counted and right, left and forward facing photographs will be taken
Investigator Global Assessment
Acne Quality of Life Questionnaire
Treatment Area Assessment by Investigator</description>
  </arm_group>
  <intervention>
    <intervention_type>Drug</intervention_type>
    <intervention_name>Next Science Acne Gel</intervention_name>
    <description>Subjects will be instructed to apply a thin layer of the product to the entire face every evening after washing with Cetaphil cleanser and gently patting the skin dry. Product should not be applied around the eyes or near the mucous membranes.  No other acne treatments will be applied to the face during study participation.  Hands should be washed following application of study gel.</description>
    <arm_group_label>NAG (Next Science Acne Gel)</arm_group_label>
    <other_name>NAG</other_name>
  </intervention>
  <intervention>
    <intervention_type>Drug</intervention_type>
    <intervention_name>Vehicle</intervention_name>
    <description>Subjects will be instructed to apply a thin layer of the product to the entire face every evening after washing with Cetaphil cleanser and gently patting the skin dry. Product should not be applied around the eyes or near the mucous membranes.  No other acne treatments will be applied to the face during study participation.  Hands should be washed following application of study gel.</description>
    <arm_group_label>Vehicle</arm_group_label>
  </intervention>
  <eligibility>
    <criteria>
      <textblock>
        Inclusion Criteria:

          1. Male or female ages 12 and above

          2. Has 10 or more inflammatory lesions on the face (papules and pustules) as determined
             by qualified examiner at Start of Treatment.

          3. In the area to be treated, has no significant facial dermatological conditions other
             than acne (as determined by the investigator) that would interfere with any study
             treatment or procedure

          4. Is willing and able to discontinue use of all baseline acne treatments for the
             duration of their trial participation

          5. Agrees to refrain from professional facial treatments during their trial
             participation.

          6. Agrees to avoid tanning booth use and minimize sun exposure during their trial
             participation.

          7. Is willing and able to follow instructions and procedures including attending
             scheduled study visits, which will require adequate transportation to the study site

          8. Is able to read, understand and sign the informed consent document and communicate
             with study staff and investigator.  If the subject is a minor, the parent or
             documented legal guardian must meet these consent requirements and the subject must
             be able to understand, agree to, and sign the assent form.

        Exclusion Criteria:

          1. Has more than 2 nodules/cystic acne lesions on the face

          2. Has a history of significant reactions to topical acne treatments, or a known allergy
             or hypersensitivity to any listed ingredients

          3. Has any history of skin malignancy

          4. Has significant facial hair that would interfere with evaluation of acne lesions or
             global assessment.

          5. Has used any systemic medications (including antibiotics, estrogens, retinoids)
             primarily for treatment of acne in the 21 days prior to randomization.

          6. Has used estrogens primarily as treatment for acne in the 21 days prior to
             randomization (estrogens prescribed for other reasons will be allowed if stable for
             at least 30 days prior to randomization).

          7. Has had any professional facial treatments in the 14 days prior to randomization.

          8. Has received any investigational treatment in the 30 days prior to randomization.

          9. Have any significant medical problems or other issues that would, in the
             investigator's judgment, affect their suitability for participation in this trial.
      </textblock>
    </criteria>
    <gender>Both</gender>
    <minimum_age>12 Years</minimum_age>
    <maximum_age>N/A</maximum_age>
    <healthy_volunteers>No</healthy_volunteers>
  </eligibility>
  <overall_official>
    <last_name>Susan Greco, MD</last_name>
    <role>Study Director</role>
    <affiliation>Jacksonville Center for Clinical Research</affiliation>
  </overall_official>
  <overall_official>
    <last_name>Annabelle Matias, MD</last_name>
    <role>Principal Investigator</role>
    <affiliation>Fleming Island Center for Clinical Research</affiliation>
  </overall_official>
  <overall_official>
    <last_name>Lara Church, MD</last_name>
    <role>Principal Investigator</role>
    <affiliation>St John's Center for Clinical Research</affiliation>
  </overall_official>
  <location>
    <facility>
      <name>Fleming Island Center for Clinical Research</name>
      <address>
        <city>Jacksonville</city>
        <state>Florida</state>
        <zip>32203</zip>
        <country>United States</country>
      </address>
    </facility>
  </location>
  <location>
    <facility>
      <name>Jacksonville Center for Clinical Research</name>
      <address>
        <city>Jacksonville</city>
        <state>Florida</state>
        <zip>32216</zip>
        <country>United States</country>
      </address>
    </facility>
  </location>
  <location>
    <facility>
      <name>St. Johns Center for Clinical Research</name>
      <address>
        <city>Ponte Vedra</city>
        <state>Florida</state>
        <zip>32081</zip>
        <country>United States</country>
      </address>
    </facility>
  </location>
  <location_countries>
    <country>United States</country>
  </location_countries>
  <verification_date>April 2015</verification_date>
  <lastchanged_date>April 23, 2015</lastchanged_date>
  <firstreceived_date>March 13, 2015</firstreceived_date>
  <responsible_party>
    <responsible_party_type>Sponsor</responsible_party_type>
  </responsible_party>
  <is_fda_regulated>Yes</is_fda_regulated>
  <is_section_801>Yes</is_section_801>
  <has_expanded_access>No</has_expanded_access>
  <condition_browse>
    <!-- CAUTION:  The following MeSH terms are assigned with an imperfect algorithm  -->
    <mesh_term>Acne Vulgaris</mesh_term>
  </condition_browse>
  <!-- Results have not yet been posted for this study                                -->
</clinical_study>
