<?xml version="1.0" encoding="UTF-8"?>
<clinical_study rank="256">
  <!-- This xml conforms to an XML Schema at:
    https://clinicaltrials.gov/ct2/html/images/info/public.xsd
 and an XML DTD at:
    https://clinicaltrials.gov/ct2/html/images/info/public.dtd -->
  <required_header>
    <download_date>ClinicalTrials.gov processed this data on July 08, 2015</download_date>
    <link_text>Link to the current ClinicalTrials.gov record.</link_text>
    <url>https://clinicaltrials.gov/show/NCT00598832</url>
  </required_header>
  <id_info>
    <org_study_id>RD.06.SPR.18113</org_study_id>
    <secondary_id>IND 076057</secondary_id>
    <nct_id>NCT00598832</nct_id>
  </id_info>
  <brief_title>Clinical Study to Test the Efficacy and Safety of Adapalene, 0.1%</brief_title>
  <official_title>A Multi-Center, Randomized, Double-Blind, Parallel Group Study to Demonstrate the Efficacy and Safety of Adapalene Lotion, 0.1% Compared With Vehicle Lotion in Subjects With Acne Vulgaris</official_title>
  <sponsors>
    <lead_sponsor>
      <agency>Galderma</agency>
      <agency_class>Industry</agency_class>
    </lead_sponsor>
  </sponsors>
  <source>Galderma</source>
  <oversight_info>
    <authority>United States: Food and Drug Administration</authority>
    <authority>Canada: Health Canada</authority>
    <has_dmc>No</has_dmc>
  </oversight_info>
  <brief_summary>
    <textblock>
      The purpose of this study is to determine whether Adapalene, 0.1% is safe and effective in
      the treatment of Acne Vulgaris.
    </textblock>
  </brief_summary>
  <detailed_description>
    <textblock>
      This study will compare the efficacy and safety of Adapalene, 0.1% and vehicle in the
      treatment of subjects with Acne Vulgaris. This is a multi-center, randomized, double-blind,
      parallel, vehicle controlled study involving subjects with acne vulgaris meeting
      pre-specified inclusion/exclusion criteria. Male and female subjects, 12 years of age or
      older, with 20-50 papules and pustules and 30 to 100 non-inflammatory lesions and have an
      Investigator's Global Assessment (IGA) score of 3 (Moderate) or 4 (Severe) are eligible for
      enrollment.  One nodule may be present at inclusion. Acne lesions are evaluated on the face
      only.  Subjects presenting with facial and truncal acne vulgaris can participate in this
      study.  Subjects will be randomized in a 1:1 ratio to Adapalene, 0.1% or Vehicle.
    </textblock>
  </detailed_description>
  <overall_status>Completed</overall_status>
  <start_date>November 2007</start_date>
  <completion_date type="Actual">November 2008</completion_date>
  <primary_completion_date type="Actual">October 2008</primary_completion_date>
  <phase>Phase 3</phase>
  <study_type>Interventional</study_type>
  <study_design>Allocation: Randomized, Endpoint Classification: Safety/Efficacy Study, Intervention Model: Parallel Assignment, Masking: Double Blind (Subject, Caregiver, Investigator, Outcomes Assessor), Primary Purpose: Treatment</study_design>
  <primary_outcome>
    <measure>Co-Primary Endpoint: Success Rate on Investigator's Global Assessment (IGA) From Baseline to Week 12</measure>
    <time_frame>From Baseline to Week 12</time_frame>
    <safety_issue>No</safety_issue>
    <description>Success defined as percentage of subjects who achieved at least a two-grade reduction in IGA scale (e.g from moderate to clear or almost clear)at week 12 from baseline, Last Observation Carried Forward, Intent to treat population. The IGA (Investigator Global Assessment) is defined as a 5 point scale (0 to 4).  &quot;0&quot; = clear , &quot;1&quot;= almost clear, &quot;2&quot;= mild, &quot;3&quot;= moderate, &quot;4&quot;=severe.</description>
  </primary_outcome>
  <primary_outcome>
    <measure>Co-Primary Endpoint: Absolute Change in Total Lesion Count From Baseline to Week 12</measure>
    <time_frame>Baseline to Week 12</time_frame>
    <safety_issue>No</safety_issue>
  </primary_outcome>
  <primary_outcome>
    <measure>Co-Primary Endpoint: Absolute Change in Inflammatory Lesion Count From Baseline to Week 12</measure>
    <time_frame>Baseline to Week 12</time_frame>
    <safety_issue>No</safety_issue>
  </primary_outcome>
  <primary_outcome>
    <measure>Co-Primary Endpoint: Absolute Change in NonInflammatory Lesion Counts From Baseline to Week 12</measure>
    <time_frame>Baseline to Week 12</time_frame>
    <safety_issue>No</safety_issue>
  </primary_outcome>
  <secondary_outcome>
    <measure>Mean Percent Change in Total Lesion Count From Baseline to Week 12</measure>
    <time_frame>From Baseline to Week 12</time_frame>
    <safety_issue>No</safety_issue>
    <description>Percent change in lesion count from baseline to week 12</description>
  </secondary_outcome>
  <number_of_arms>2</number_of_arms>
  <enrollment type="Actual">1075</enrollment>
  <condition>Acne Vulgaris</condition>
  <arm_group>
    <arm_group_label>Adapalene lotion 0.1%</arm_group_label>
    <arm_group_type>Experimental</arm_group_type>
  </arm_group>
  <arm_group>
    <arm_group_label>Adapalene Lotion vehicle</arm_group_label>
    <arm_group_type>Placebo Comparator</arm_group_type>
  </arm_group>
  <intervention>
    <intervention_type>Drug</intervention_type>
    <intervention_name>Adapalene lotion 0.1%</intervention_name>
    <description>Adapalene, 0.1% will be applied topically to the face, once a day, for 12 weeks</description>
    <arm_group_label>Adapalene lotion 0.1%</arm_group_label>
  </intervention>
  <intervention>
    <intervention_type>Drug</intervention_type>
    <intervention_name>Adapalene Lotion Vehicle</intervention_name>
    <description>Adapalene Lotion Vehicle will be applied topically to the face, once a day, for 12 weeks</description>
    <arm_group_label>Adapalene Lotion vehicle</arm_group_label>
  </intervention>
  <eligibility>
    <criteria>
      <textblock>
        Inclusion Criteria:

          -  Subjects with Moderate or Severe Acne Vulgaris,

          -  20-50 papules and pustules in total on the face excluding the nose

          -  30-100 non-inflammatory lesions on the face excluding the nose.

          -  Negative urine pregnancy test for all females.

        Exclusion Criteria:

          -  Subjects with more than one acne nodule.

          -  Subjects with any acne cyst on the face.

          -  Subjects with acne conglobata, acne fulminans, secondary acne (chloracne,
             drug-induced acne, etc.), or severe acne requiring systemic treatment.

          -  Subjects with underlying diseases or other dermatologic conditions that require the
             use of interfering topical or systemic therapy, such as, but not limited to, atopic
             dermatitis, perioral dermatitis or rosacea.

          -  Subjects who are pregnant, nursing, or planning a pregnancy.
      </textblock>
    </criteria>
    <gender>Both</gender>
    <minimum_age>12 Years</minimum_age>
    <maximum_age>N/A</maximum_age>
    <healthy_volunteers>No</healthy_volunteers>
  </eligibility>
  <location>
    <facility>
      <name>Burke Pharmaceutical Research</name>
      <address>
        <city>Hot Springs</city>
        <state>Arkansas</state>
        <zip>71913</zip>
        <country>United States</country>
      </address>
    </facility>
  </location>
  <location>
    <facility>
      <name>Scott Dinehart</name>
      <address>
        <city>Little Rock</city>
        <state>Arkansas</state>
        <zip>72205</zip>
        <country>United States</country>
      </address>
    </facility>
  </location>
  <location>
    <facility>
      <name>Dermatology and Laser Center</name>
      <address>
        <city>Marina Del Rey</city>
        <state>California</state>
        <zip>90292</zip>
        <country>United States</country>
      </address>
    </facility>
  </location>
  <location>
    <facility>
      <name>Therapeutics Clinical Research</name>
      <address>
        <city>San Diego</city>
        <state>California</state>
        <zip>92123</zip>
        <country>United States</country>
      </address>
    </facility>
  </location>
  <location>
    <facility>
      <name>Solano Clinical Research</name>
      <address>
        <city>Vallejo</city>
        <state>California</state>
        <zip>94589</zip>
        <country>United States</country>
      </address>
    </facility>
  </location>
  <location>
    <facility>
      <name>Colorado Medical Research Center</name>
      <address>
        <city>Denver</city>
        <state>Colorado</state>
        <zip>80210</zip>
        <country>United States</country>
      </address>
    </facility>
  </location>
  <location>
    <facility>
      <name>Longmont Clinic</name>
      <address>
        <city>Longmont</city>
        <state>Colorado</state>
        <zip>80501</zip>
        <country>United States</country>
      </address>
    </facility>
  </location>
  <location>
    <facility>
      <name>Advanced Dermatology</name>
      <address>
        <city>Clermont</city>
        <state>Florida</state>
        <zip>34711</zip>
        <country>United States</country>
      </address>
    </facility>
  </location>
  <location>
    <facility>
      <name>International Dermatology Research, Inc.</name>
      <address>
        <city>Miami</city>
        <state>Florida</state>
        <zip>33144</zip>
        <country>United States</country>
      </address>
    </facility>
  </location>
  <location>
    <facility>
      <name>Anne M. Loebl</name>
      <address>
        <city>Augusta</city>
        <state>Georgia</state>
        <zip>30904</zip>
        <country>United States</country>
      </address>
    </facility>
  </location>
  <location>
    <facility>
      <name>Scott Glazer</name>
      <address>
        <city>Buffalo Grove</city>
        <state>Illinois</state>
        <zip>60089</zip>
        <country>United States</country>
      </address>
    </facility>
  </location>
  <location>
    <facility>
      <name>Sound Bend Clinic</name>
      <address>
        <city>South Bend</city>
        <state>Indiana</state>
        <zip>46617</zip>
        <country>United States</country>
      </address>
    </facility>
  </location>
  <location>
    <facility>
      <name>Hamzavi Dermatology</name>
      <address>
        <city>Port Huron</city>
        <state>Michigan</state>
        <zip>48060</zip>
        <country>United States</country>
      </address>
    </facility>
  </location>
  <location>
    <facility>
      <name>Central Dermatology, PC</name>
      <address>
        <city>St. Louis</city>
        <state>Missouri</state>
        <zip>63117</zip>
        <country>United States</country>
      </address>
    </facility>
  </location>
  <location>
    <facility>
      <name>Darmouth-Hitchcock Medical Center Section of Dermatology</name>
      <address>
        <city>Lebanon</city>
        <state>New Hampshire</state>
        <zip>03756</zip>
        <country>United States</country>
      </address>
    </facility>
  </location>
  <location>
    <facility>
      <name>Academic Dermatology</name>
      <address>
        <city>Albuquerque</city>
        <state>New Mexico</state>
        <zip>87106</zip>
        <country>United States</country>
      </address>
    </facility>
  </location>
  <location>
    <facility>
      <name>Elizabeth Arthur</name>
      <address>
        <city>Rochester</city>
        <state>New York</state>
        <zip>14609</zip>
        <country>United States</country>
      </address>
    </facility>
  </location>
  <location>
    <facility>
      <name>Derm Research Center of New York</name>
      <address>
        <city>Stony Brook</city>
        <state>New York</state>
        <zip>11790</zip>
        <country>United States</country>
      </address>
    </facility>
  </location>
  <location>
    <facility>
      <name>Unifour Medical Research Associates</name>
      <address>
        <city>Hickory</city>
        <state>North Carolina</state>
        <zip>28601</zip>
        <country>United States</country>
      </address>
    </facility>
  </location>
  <location>
    <facility>
      <name>Haber Dermatology &amp; Cosmetic Research</name>
      <address>
        <city>South Euclid</city>
        <state>Ohio</state>
        <zip>44118</zip>
        <country>United States</country>
      </address>
    </facility>
  </location>
  <location>
    <facility>
      <name>OU Health Sciences Center-Dept. of Dermatology</name>
      <address>
        <city>Oklahoma City</city>
        <state>Oklahoma</state>
        <zip>73104</zip>
        <country>United States</country>
      </address>
    </facility>
  </location>
  <location>
    <facility>
      <name>Oregon Medical Center, PC</name>
      <address>
        <city>Portland</city>
        <state>Oregon</state>
        <zip>97223</zip>
        <country>United States</country>
      </address>
    </facility>
  </location>
  <location>
    <facility>
      <name>Rivergate Dermatology</name>
      <address>
        <city>Goodlettsville</city>
        <state>Tennessee</state>
        <zip>37072</zip>
        <country>United States</country>
      </address>
    </facility>
  </location>
  <location>
    <facility>
      <name>DermResearch, Inc.</name>
      <address>
        <city>Austin</city>
        <state>Texas</state>
        <zip>78759</zip>
        <country>United States</country>
      </address>
    </facility>
  </location>
  <location>
    <facility>
      <name>Center for Clinical Studies</name>
      <address>
        <city>Houston</city>
        <state>Texas</state>
        <zip>77058</zip>
        <country>United States</country>
      </address>
    </facility>
  </location>
  <location>
    <facility>
      <name>Progressive Clinical Research</name>
      <address>
        <city>San Antonio</city>
        <state>Texas</state>
        <zip>78229</zip>
        <country>United States</country>
      </address>
    </facility>
  </location>
  <location>
    <facility>
      <name>Virginia Clinical Research, Inc.</name>
      <address>
        <city>Norfolk</city>
        <state>Virginia</state>
        <zip>23507</zip>
        <country>United States</country>
      </address>
    </facility>
  </location>
  <location>
    <facility>
      <name>The Dermatology Centre</name>
      <address>
        <city>Calgary</city>
        <state>Alberta</state>
        <zip>T2S 3B3</zip>
        <country>Canada</country>
      </address>
    </facility>
  </location>
  <location>
    <facility>
      <name>Stratica Medical</name>
      <address>
        <city>Edmonton</city>
        <state>Alberta</state>
        <zip>T5K 1X3</zip>
        <country>Canada</country>
      </address>
    </facility>
  </location>
  <location>
    <facility>
      <name>Guildford Dermatology Specialists</name>
      <address>
        <city>Surrey</city>
        <state>British Columbia</state>
        <zip>T3A2N1</zip>
        <country>Canada</country>
      </address>
    </facility>
  </location>
  <location>
    <facility>
      <name>Dermadvance Research</name>
      <address>
        <city>Winnipeg</city>
        <state>Manitoba</state>
        <zip>R3C 1R4</zip>
        <country>Canada</country>
      </address>
    </facility>
  </location>
  <location>
    <facility>
      <name>Nexus Clinical Research</name>
      <address>
        <city>St. Johns</city>
        <state>Newfoundland and Labrador</state>
        <zip>A1B 3E1</zip>
        <country>Canada</country>
      </address>
    </facility>
  </location>
  <location>
    <facility>
      <name>Lynderm Research, Inc.</name>
      <address>
        <city>Markham</city>
        <state>Ontario</state>
        <zip>L3P 6L2</zip>
        <country>Canada</country>
      </address>
    </facility>
  </location>
  <location>
    <facility>
      <name>K. Papp Clinical Research, Inc.</name>
      <address>
        <city>Waterloo</city>
        <state>Ontario</state>
        <zip>N2J 1C4</zip>
        <country>Canada</country>
      </address>
    </facility>
  </location>
  <location_countries>
    <country>United States</country>
    <country>Canada</country>
  </location_countries>
  <verification_date>March 2011</verification_date>
  <lastchanged_date>March 21, 2011</lastchanged_date>
  <firstreceived_date>January 11, 2008</firstreceived_date>
  <firstreceived_results_date>April 16, 2010</firstreceived_results_date>
  <responsible_party>
    <name_title>Marie Ciardella  Clinical Trials.gov Administrator</name_title>
    <organization>Galderma</organization>
  </responsible_party>
  <keyword>Acne Vulgaris</keyword>
  <keyword>Adapalene</keyword>
  <is_fda_regulated>Yes</is_fda_regulated>
  <is_section_801>Yes</is_section_801>
  <has_expanded_access>No</has_expanded_access>
  <condition_browse>
    <!-- CAUTION:  The following MeSH terms are assigned with an imperfect algorithm  -->
    <mesh_term>Acne Vulgaris</mesh_term>
  </condition_browse>
  <intervention_browse>
    <!-- CAUTION:  The following MeSH terms are assigned with an imperfect algorithm  -->
    <mesh_term>Adapalene</mesh_term>
  </intervention_browse>
  <!-- Results are available for this study                                           -->
</clinical_study>
