<?xml version="1.0" encoding="UTF-8"?>
<clinical_study rank="416">
  <!-- This xml conforms to an XML Schema at:
    https://clinicaltrials.gov/ct2/html/images/info/public.xsd
 and an XML DTD at:
    https://clinicaltrials.gov/ct2/html/images/info/public.dtd -->
  <required_header>
    <download_date>ClinicalTrials.gov processed this data on July 08, 2015</download_date>
    <link_text>Link to the current ClinicalTrials.gov record.</link_text>
    <url>https://clinicaltrials.gov/show/NCT01079845</url>
  </required_header>
  <id_info>
    <org_study_id>10-02-0069</org_study_id>
    <nct_id>NCT01079845</nct_id>
  </id_info>
  <brief_title>A Cooking and Eating Study</brief_title>
  <acronym>ACES</acronym>
  <official_title>Low-glycemic Load vs. Low-fat Diet for Treating PCOS in Obese Adolescents and Young Adults</official_title>
  <sponsors>
    <lead_sponsor>
      <agency>Children's Hospital Boston</agency>
      <agency_class>Other</agency_class>
    </lead_sponsor>
    <collaborator>
      <agency>Thrasher Research Fund</agency>
      <agency_class>Other</agency_class>
    </collaborator>
  </sponsors>
  <source>Children's Hospital Boston</source>
  <oversight_info>
    <authority>United States: Institutional Review Board</authority>
    <has_dmc>No</has_dmc>
  </oversight_info>
  <brief_summary>
    <textblock>
      Background. The polycystic ovary syndrome (PCOS) is a complex hormonal disorder that
      presents in susceptible girls around the time of menarche. Females with PCOS have high
      levels of androgens (e.g., testosterone). While cosmetic appearance (excess facial hair and
      acne) and menstrual disturbances were once considered the primary concerns, emerging data
      indicate that many adolescents and young adults with PCOS are insulin resistant and at
      increased risk for metabolic syndrome and diabetes. The majority of females with PCOS are
      obese, and excess body fat amplifies the severity of the syndrome.

      Dietary intervention is considered an important component of treatment for PCOS. However, a
      consensus statement regarding optimal nutrient composition for treating adolescents and
      young adults with PCOS has not been published because data are lacking to provide a
      foundation for such a statement. Recognizing increased risk for diabetes in patients with
      PCOS, many practitioners employ a low-fat diet as prescribed in the Diabetes Prevention
      Program (DPP) for weight loss and control of symptoms.

      Objective and Hypothesis. The purpose of this research study is to compare different diets
      for treating PCOS.  We hypothesize that a low-glycemic load diet - designed to lower blood
      levels of glucose and insulin - will be more beneficial than a low-fat diet in obese
      adolescents and young adults with PCOS.

      Design. We propose a 6-month study in which 50 obese females with PCOS (ages 13 to 21 years)
      will be assigned to receive one of two dietary treatments, with the goal of retaining 40
      participants. Group assignment will be at random. One of the treatments will be a
      low-glycemic load diet, and the other treatment will be a low-fat diet (modeled after the
      DPP diet). Participants in both groups will receive individual nutrition education and
      dietary counseling with a registered dietitian (clinic visits, telephone calls) and cooking
      workshops with a chef. The purpose of the cooking workshops will be to enhance compliance
      with diet prescriptions, beyond what can be achieved by nutrition education and dietary
      counseling in a conventional clinic setting.

      The primary outcome will be bioavailable testosterone (form of testosterone that causes
      symptoms of PCOS). Secondary outcomes will include other blood tests to evaluate further
      high androgen levels (total testosterone, free testosterone, sex hormone binding globulin,
      dehydroepiandrosterone sulfate), clinical signs of high androgen levels (excess facial hair,
      acne), glucose tolerance and risk for diabetes (determined by blood sugar and insulin
      measurements), risk for cardiovascular disease (based on blood cholesterol and C-reactive
      protein levels and blood pressure), body fat percentage and distribution (measured using
      state-of-the-art dual energy x-ray absorptiometry and waist circumference), menstrual
      cyclicity, and health-related quality of life (evaluated by questionnaire).
    </textblock>
  </brief_summary>
  <overall_status>Terminated</overall_status>
  <why_stopped>
    For this pilot, we constructed conditional power curves and noted that we would not
    substantially enhance power by enrolling additional participants.
  </why_stopped>
  <start_date>July 2010</start_date>
  <completion_date type="Actual">November 2013</completion_date>
  <primary_completion_date type="Actual">November 2013</primary_completion_date>
  <phase>N/A</phase>
  <study_type>Interventional</study_type>
  <study_design>Allocation: Randomized, Endpoint Classification: Efficacy Study, Intervention Model: Parallel Assignment, Masking: Single Blind (Outcomes Assessor), Primary Purpose: Treatment</study_design>
  <primary_outcome>
    <measure>Bioavailable Testosterone</measure>
    <time_frame>Baseline, 6 months</time_frame>
    <safety_issue>No</safety_issue>
  </primary_outcome>
  <secondary_outcome>
    <measure>Other Biochemical and Clinical Signs of Hyperandrogenism</measure>
    <time_frame>Baseline, 6 months</time_frame>
    <safety_issue>No</safety_issue>
    <description>total and free testosterone, sex hormone binding globulin (SHBG), dehydroepiandrosterone sulfate (DHEAS), hirsutism, acne</description>
  </secondary_outcome>
  <secondary_outcome>
    <measure>Insulin Sensitivity and Beta-cell Function</measure>
    <time_frame>Baseline, 6 months</time_frame>
    <safety_issue>No</safety_issue>
    <description>frequently-sampled oral glucose tolerance test, HbA1c</description>
  </secondary_outcome>
  <secondary_outcome>
    <measure>Risk for Cardiovascular Disease</measure>
    <time_frame>Baseline, 6 months</time_frame>
    <safety_issue>No</safety_issue>
    <description>serum levels of HDL cholesterol, LDL cholesterol, triglycerides, and C-reactive protein; blood pressure</description>
  </secondary_outcome>
  <secondary_outcome>
    <measure>Body Weight and Composition</measure>
    <time_frame>Baseline, 6 months</time_frame>
    <safety_issue>No</safety_issue>
    <description>body fat percentage and distribution assessed by dual-energy x-ray absorptiometry (DXA), waist circumference</description>
  </secondary_outcome>
  <secondary_outcome>
    <measure>Cyclicity of Menstrual Periods</measure>
    <time_frame>Monthly</time_frame>
    <safety_issue>No</safety_issue>
  </secondary_outcome>
  <secondary_outcome>
    <measure>Quality of Life</measure>
    <time_frame>Baseline, 6 months</time_frame>
    <safety_issue>No</safety_issue>
    <description>Questionnaire</description>
  </secondary_outcome>
  <number_of_arms>2</number_of_arms>
  <enrollment type="Actual">19</enrollment>
  <condition>Polycystic Ovary Syndrome</condition>
  <arm_group>
    <arm_group_label>Low-glycemic Load Diet</arm_group_label>
    <arm_group_type>Experimental</arm_group_type>
  </arm_group>
  <arm_group>
    <arm_group_label>Low-fat Diet</arm_group_label>
    <arm_group_type>Active Comparator</arm_group_type>
  </arm_group>
  <intervention>
    <intervention_type>Behavioral</intervention_type>
    <intervention_name>Nutrition Education, Dietary Counseling, and Cooking</intervention_name>
    <description>Monthly clinic visits with a dietitian, Monthly telephone calls with a dietitian, Three cooking workshops with a chef</description>
    <arm_group_label>Low-glycemic Load Diet</arm_group_label>
    <arm_group_label>Low-fat Diet</arm_group_label>
  </intervention>
  <eligibility>
    <criteria>
      <textblock>
        Inclusion Criteria:

          -  Diagnosis of PCOS.

          -  Aged 13 to 21 years (and living at home with a parent, only for those &lt;18 years old).

          -  Body mass index (BMI) at or above the 85th percentile.

          -  Access to a working telephone.

          -  At least one parent willing and able to participate in the intervention, only for
             those &lt;18 years old.

          -  Residing in predominately one household (no more than one weekend every two weeks in
             a secondary household).

          -  Medical clearance from the physician who is treating PCOS.

        Exclusion Criteria:

          -  Physician diagnosis of a major medical illness or eating disorder.

          -  Fasting blood glucose at or above 126 mg/dL, indicating diabetes mellitus.

          -  Chronic use of any medication that may affect study outcomes.

          -  Current smoking.

          -  Physical, mental, or cognitive handicaps that prevent participation.

          -  Sister participating in the study.
      </textblock>
    </criteria>
    <gender>Female</gender>
    <minimum_age>13 Years</minimum_age>
    <maximum_age>21 Years</maximum_age>
    <healthy_volunteers>No</healthy_volunteers>
  </eligibility>
  <overall_official>
    <last_name>Cara B. Ebbeling, PhD, MS</last_name>
    <role>Principal Investigator</role>
    <affiliation>Children's Hospital Boston</affiliation>
  </overall_official>
  <location>
    <facility>
      <name>Children's Hospital Boston</name>
      <address>
        <city>Boston</city>
        <state>Massachusetts</state>
        <zip>02115</zip>
        <country>United States</country>
      </address>
    </facility>
  </location>
  <location_countries>
    <country>United States</country>
  </location_countries>
  <reference>
    <citation>Ebbeling CB, Leidig MM, Feldman HA, Lovesky MM, Ludwig DS. Effects of a low-glycemic load vs low-fat diet in obese young adults: a randomized trial. JAMA. 2007 May 16;297(19):2092-102. Erratum in: JAMA. 2007 Aug 8;298(6):627.</citation>
    <PMID>17507345</PMID>
  </reference>
  <reference>
    <citation>Ebbeling CB, Leidig MM, Sinclair KB, Hangen JP, Ludwig DS. A reduced-glycemic load diet in the treatment of adolescent obesity. Arch Pediatr Adolesc Med. 2003 Aug;157(8):773-9.</citation>
    <PMID>12912783</PMID>
  </reference>
  <reference>
    <citation>Palmert MR, Gordon CM, Kartashov AI, Legro RS, Emans SJ, Dunaif A. Screening for abnormal glucose tolerance in adolescents with polycystic ovary syndrome. J Clin Endocrinol Metab. 2002 Mar;87(3):1017-23.</citation>
    <PMID>11889155</PMID>
  </reference>
  <verification_date>February 2015</verification_date>
  <lastchanged_date>February 4, 2015</lastchanged_date>
  <firstreceived_date>March 2, 2010</firstreceived_date>
  <responsible_party>
    <responsible_party_type>Principal Investigator</responsible_party_type>
    <investigator_affiliation>Children's Hospital Boston</investigator_affiliation>
    <investigator_full_name>Cara Ebbeling</investigator_full_name>
    <investigator_title>Associate Director, Obesity Prevention Center</investigator_title>
  </responsible_party>
  <keyword>Diet</keyword>
  <keyword>Nutrition</keyword>
  <keyword>Adolescent</keyword>
  <keyword>Young Adult</keyword>
  <keyword>Overweight</keyword>
  <keyword>Obesity</keyword>
  <is_fda_regulated>No</is_fda_regulated>
  <has_expanded_access>No</has_expanded_access>
  <condition_browse>
    <!-- CAUTION:  The following MeSH terms are assigned with an imperfect algorithm  -->
    <mesh_term>Polycystic Ovary Syndrome</mesh_term>
  </condition_browse>
  <!-- Results have not yet been posted for this study                                -->
</clinical_study>
