<?xml version="1.0" encoding="UTF-8"?>
<clinical_study rank="101">
  <!-- This xml conforms to an XML Schema at:
    https://clinicaltrials.gov/ct2/html/images/info/public.xsd
 and an XML DTD at:
    https://clinicaltrials.gov/ct2/html/images/info/public.dtd -->
  <required_header>
    <download_date>ClinicalTrials.gov processed this data on July 08, 2015</download_date>
    <link_text>Link to the current ClinicalTrials.gov record.</link_text>
    <url>https://clinicaltrials.gov/show/NCT01807455</url>
  </required_header>
  <id_info>
    <org_study_id>05DF1206</org_study_id>
    <nct_id>NCT01807455</nct_id>
  </id_info>
  <brief_title>An Open, Non-comparative Study of the Efficacy and Safety of Treatment of Acne Scars With Restylane Vital Lidocaine</brief_title>
  <official_title>An Open, Non-comparative Study of the Efficacy and Safety of Treatment of Acne Scars With Restylane Vital Lidocaine</official_title>
  <sponsors>
    <lead_sponsor>
      <agency>Q-Med AB</agency>
      <agency_class>Industry</agency_class>
    </lead_sponsor>
  </sponsors>
  <source>Q-Med AB</source>
  <oversight_info>
    <authority>Belgium: Ethics Committee</authority>
    <has_dmc>No</has_dmc>
  </oversight_info>
  <brief_summary>
    <textblock>
      The purpose of this study is to demonstrate the efficacy and safety of Restylane Vital
      Lidocaine when acne scars are treated
    </textblock>
  </brief_summary>
  <overall_status>Completed</overall_status>
  <start_date>April 2013</start_date>
  <completion_date type="Actual">December 2014</completion_date>
  <primary_completion_date type="Actual">December 2014</primary_completion_date>
  <phase>Phase 4</phase>
  <study_type>Interventional</study_type>
  <study_design>Endpoint Classification: Safety/Efficacy Study, Intervention Model: Single Group Assignment, Masking: Open Label, Primary Purpose: Treatment</study_design>
  <primary_outcome>
    <measure>Evaluation of acne scarring and the surrounding skin using the Global Aesthetic Improvement Scale</measure>
    <time_frame>36 weeks</time_frame>
    <safety_issue>No</safety_issue>
  </primary_outcome>
  <secondary_outcome>
    <measure>Evaluation of skin quality and overall satisfaction using a Subject Satisfaction Questionnaire</measure>
    <time_frame>36 weeks</time_frame>
    <safety_issue>No</safety_issue>
  </secondary_outcome>
  <secondary_outcome>
    <measure>Evaluation of acne scarring using the Scale for Acne Scar Severity</measure>
    <time_frame>36 weeks</time_frame>
    <safety_issue>No</safety_issue>
  </secondary_outcome>
  <secondary_outcome>
    <measure>Assessment of local tolerability after treatment</measure>
    <time_frame>14 days</time_frame>
    <safety_issue>Yes</safety_issue>
  </secondary_outcome>
  <secondary_outcome>
    <measure>Adverse Event reporting during the study</measure>
    <time_frame>36 weeks</time_frame>
    <safety_issue>Yes</safety_issue>
  </secondary_outcome>
  <number_of_arms>1</number_of_arms>
  <enrollment type="Actual">12</enrollment>
  <condition>Acne Scars</condition>
  <arm_group>
    <arm_group_label>Restylane Vital Lidocaine</arm_group_label>
    <arm_group_type>Experimental</arm_group_type>
  </arm_group>
  <intervention>
    <intervention_type>Device</intervention_type>
    <intervention_name>Restylane Vital Lidocaine</intervention_name>
    <arm_group_label>Restylane Vital Lidocaine</arm_group_label>
  </intervention>
  <eligibility>
    <criteria>
      <textblock>
        Inclusion Criteria:

          -  Male or female aged 25 to 45 years.

          -  Caucasian with Fitzpatrick skin type I-III.

          -  Must be cooperative and willing to comply with the instructions and procedures.

          -  Provision of signed and dated informed consent to participate in the study.

          -  Presence of depressed facial atrophic acne scars with a diameter of &lt;4 mm according
             to at least SCAR-S score 3 category moderate (i.e. more than half of the face
             involved).

        Exclusion Criteria:

          -  Icepick scarring or atrophic scars with a diameter of  ≥4 mm covering more than 25%
             of the face.

          -  Active acne with inflammatory component.

          -  Post-surgical scars in the face.

          -  History of keloid formation or hypertrophic scars.

          -  Use of isotretinoin within 12 months of the baseline visit.

          -  Use of per oral or topical (facial) substances containing retinoids, bensoyl
             peroxide, alpha-hydroxy acid at a concentration above 10% or beta-hydroxy acid at a
             concentration above 2% or antibiotics within four months of the baseline visit.

          -  Concomitant anticoagulant therapy and therapy with inhibitors of platelet aggregation
             (e.g. aspirin or other nonsteroidal anti-inflammatory drugs [NSAIDs]), Omega-3 or
             vitamin E seven days before the injection, or a history of bleeding disorders.

          -  Use of anti-inflammatory agents seven days before the injection.

          -  History of radiation or skin tumours including actinic keratosis in the face.

          -  Active skin disease, inflammation or related conditions, such as infection, perioral
             dermatitis, seborrheic eczema and rosacea in the face.

          -  History of or active collagen diseases or autoimmune diseases such as systemic lupus
             erythematous, rheumatic arthritis, skin or systemic sclerosis.

          -  Previous hypersensitivity to HA.

          -  Previous hypersensitivity to lidocaine or other amide-type anaesthetics.

          -  Concomitant treatment with chemotherapy, immunosuppressive agents, immunomodulatory
             therapy (e.g. monoclonal antibodies), systemic or topical (facial) corticosteroids
             within 3 months of the baseline visit. (Inhaled corticoids are not an exclusion
             criterion).

          -  Presence of facial hair that may interfere with efficacy evaluations.

          -  Previous tissue augmenting therapy or revitalization treatment in the treatment area
             with HA or collagen, within 12 months of the baseline visit.

          -  Permanent implant or treatment with fillers based on other material than HA or
             collagen in the treatment area.

          -  Laser, e.g. carbon dioxide and Fraxel, dermabrasion or facial light therapy, e.g.
             IPL, in the treatment area within 12 months of the baseline visit.

          -  Chemical peeling in the treatment area within 6 months of the baseline visit.

          -  Previous surgery in the treatment area.

          -  Nicotine use within 6 months before the baseline visit.

          -  Pregnancy or breast feeding.

          -  Participation in any other clinical study within 30 days before inclusion.

          -  Any medical condition that in the opinion of the investigator makes the subject
             unsuitable for inclusion (e.g. severe chronic disease, epilepsy, impaired cardiac
             conduction, severely impaired hepatic function or severe renal dysfunction).

          -  Other condition preventing the subject from entering the study in the investigator's
             opinion, e.g. subjects not likely to avoid other facial cosmetic treatments, subjects
             anticipated to be unreliable or incapable of understanding the study assessment or
             unrealistic expectations of treatment result.

          -  Study staff or close relative of study staff (e.g. parents, children, siblings and
             spouse).
      </textblock>
    </criteria>
    <gender>Both</gender>
    <minimum_age>25 Years</minimum_age>
    <maximum_age>45 Years</maximum_age>
    <healthy_volunteers>No</healthy_volunteers>
  </eligibility>
  <overall_official>
    <last_name>Christine Dierickx, MD</last_name>
    <role>Principal Investigator</role>
  </overall_official>
  <location>
    <facility>
      <name>Skin and Laser Center</name>
      <address>
        <city>Boom</city>
        <zip>2850</zip>
        <country>Belgium</country>
      </address>
    </facility>
  </location>
  <location_countries>
    <country>Belgium</country>
  </location_countries>
  <verification_date>February 2015</verification_date>
  <lastchanged_date>February 25, 2015</lastchanged_date>
  <firstreceived_date>March 6, 2013</firstreceived_date>
  <responsible_party>
    <responsible_party_type>Sponsor</responsible_party_type>
  </responsible_party>
  <is_fda_regulated>No</is_fda_regulated>
  <has_expanded_access>No</has_expanded_access>
  <intervention_browse>
    <!-- CAUTION:  The following MeSH terms are assigned with an imperfect algorithm  -->
    <mesh_term>Lidocaine</mesh_term>
  </intervention_browse>
  <!-- Results have not yet been posted for this study                                -->
</clinical_study>
