<?xml version="1.0" encoding="UTF-8"?>
<clinical_study rank="75">
  <!-- This xml conforms to an XML Schema at:
    https://clinicaltrials.gov/ct2/html/images/info/public.xsd
 and an XML DTD at:
    https://clinicaltrials.gov/ct2/html/images/info/public.dtd -->
  <required_header>
    <download_date>ClinicalTrials.gov processed this data on July 08, 2015</download_date>
    <link_text>Link to the current ClinicalTrials.gov record.</link_text>
    <url>https://clinicaltrials.gov/show/NCT00243542</url>
  </required_header>
  <id_info>
    <org_study_id>ACZ ACN 01</org_study_id>
    <nct_id>NCT00243542</nct_id>
  </id_info>
  <brief_title>Phase IV Study to Gather More Information About the Safety of ACZONE Gel, 5% in Treating Subjects With Acne Who Have G6PD Deficiency</brief_title>
  <official_title>ACZ ACN 01. A Phase 4, Double-Blind, Multicenter, Randomized, Vehicle-Controlled, Cross-Over Study to Further Evaluate the Risk of Hematological Adverse Events in G6PD-Deficient Subjects With Acne Vulgaris Treated With ACZONE™ (Dapsone) Gel, 5%.</official_title>
  <sponsors>
    <lead_sponsor>
      <agency>Allergan</agency>
      <agency_class>Industry</agency_class>
    </lead_sponsor>
  </sponsors>
  <source>Allergan</source>
  <oversight_info>
    <authority>United States: Food and Drug Administration</authority>
  </oversight_info>
  <brief_summary>
    <textblock>
      The purpose of this study is to gather more information about the safety of ACZONE Gel, 5%
      in treating subjects with acne who have certain blood disorders.

      ACZONE Gel, 5% is a prescription skin use (topical) medicine used to help treat acne in
      people 12 years and older. ACZONE Gel, 5% has been studied in approximately 4000 people and
      was shown to reduce the number of pimples and improve acne.

      The active drug ingredient in ACZONE Gel, 5% is dapsone. People with blood disorders called
      &quot;G6PD deficiency&quot;, &quot;methemoglobin reductase deficiency&quot;, and &quot;hemoglobin M&quot; have a higher
      chance of side effects with dapsone.

      G6PD is short for &quot;glucose-6-phosphate dehydrogenase&quot;. It is an enzyme found in red blood
      cells, which carry oxygen to all parts of the body. G6PD helps the red blood cells to
      function normally. Some people have less G6PD in their red blood cells than the average
      person. This is called G6PD deficiency.

      Two treatments - ACZONE Gel, 5% and placebo - will be studied for comparison.
    </textblock>
  </brief_summary>
  <detailed_description>
    <textblock>
      Study Objectives:

        -  To compare the safety profile and risk of hemolysis of ACZONE Gel, 5% to that of the
           vehicle after 12 weeks each of twice daily applications in acne vulgaris subjects with
           glucose-6-phosphate-dehydrogenase (G6PD) deficiency.

        -  To determine the systemic levels of plasma dapsone and N-acetyl dapsone during
           treatment with ACZONE Gel, 5%.

      Study Population:

      Approximately 60 male and female subjects

      Study Treatment:

      All subjects in the study will receive ACZONE Gel, 5% and vehicle in 1 of 2 sequences; each
      for a 12-week period.
    </textblock>
  </detailed_description>
  <overall_status>Completed</overall_status>
  <start_date>November 2005</start_date>
  <completion_date type="Actual">October 2006</completion_date>
  <primary_completion_date type="Actual">October 2006</primary_completion_date>
  <phase>Phase 4</phase>
  <study_type>Interventional</study_type>
  <study_design>Allocation: Randomized, Endpoint Classification: Safety Study, Intervention Model: Crossover Assignment, Masking: Double-Blind, Primary Purpose: Treatment</study_design>
  <primary_outcome>
    <measure>The within-subject between treatment period differences in change from baseline to the 2nd week of each treatment period and change from baseline to the end of each treatment period will be summarized based upon various lab parameters.</measure>
  </primary_outcome>
  <primary_outcome>
    <measure>The safety evaluable data set will be used, and each variable will be summarized using descriptive statistics.</measure>
  </primary_outcome>
  <primary_outcome>
    <measure>Analyses of clinical lab values, AEs, vitals, and concomitant meds will be performed on all subjects who received treatment.</measure>
  </primary_outcome>
  <secondary_outcome>
    <measure>Acne Lesions: Tabular summaries of total lesion counts will be provided by appropriate descriptive statistics.</measure>
  </secondary_outcome>
  <enrollment type="Actual">64</enrollment>
  <condition>Acne Vulgaris</condition>
  <intervention>
    <intervention_type>Drug</intervention_type>
    <intervention_name>ACZONE Gel, 5%</intervention_name>
  </intervention>
  <intervention>
    <intervention_type>Drug</intervention_type>
    <intervention_name>Vehicle</intervention_name>
  </intervention>
  <eligibility>
    <criteria>
      <textblock>
        Inclusion Criteria:

        To be eligible for this study, subjects must fulfill all of the following criteria:

          1. Male or female ≥12 years of age.

          2. A clear diagnosis of acne vulgaris, defined as ≥20 acne inflammatory and/or
             non-inflammatory lesions (≥10 of the acne lesions must be on the face, the others may
             be present on the neck, shoulders, upper chest, and upper back) at screening.

          3. A diagnosis of G6PD deficiency, defined as having a G6PD value below the lower limit
             of normal for the central reference laboratory.

        Exclusion Criteria:

        Subjects meeting any of the following criteria will be excluded from the study:

          1. A dermal examination reveals the presence of severe cystic acne or acne conglobata.

          2. Treatment with isotretinoin (Accutane®) within 3 months of baseline and throughout
             the study.

          3. Subjects predisposed to anemia for other medical reasons, including but not limited
             to gastrointestinal bleeding and cancer.

          4. Subjects who are using topical or systemic medications for acne throughout the study.
              This includes, but is not limited to, benzoyl peroxide, antibiotics, topical Vitamin
             A derivatives such as Retin-A.

          5. Subjects who are using medication or eating foods that could potentially cause a
             hemolytic event in individuals with G6PD deficiency during the study.

          6. Facial surgery (dermabrasion, laser resurfacing or other facial cosmetic surgeries)
             within 3 months of baseline and throughout the study.

          7. A history of hypersensitivity to dapsone, parabens, or any component of the study
             products.
      </textblock>
    </criteria>
    <gender>Both</gender>
    <minimum_age>12 Years</minimum_age>
    <maximum_age>N/A</maximum_age>
    <healthy_volunteers>No</healthy_volunteers>
  </eligibility>
  <overall_official>
    <last_name>Steven Garrett, MS, DDS</last_name>
    <role>Study Director</role>
    <affiliation>QLT USA, Inc.</affiliation>
  </overall_official>
  <location>
    <facility>
      <name>Radiant Research, Inc.</name>
      <address>
        <city>Birmingham</city>
        <state>Alabama</state>
        <zip>35209</zip>
        <country>United States</country>
      </address>
    </facility>
  </location>
  <location>
    <facility>
      <name>Therapeutics Clinical Research</name>
      <address>
        <city>San Diego</city>
        <state>California</state>
        <zip>92123</zip>
        <country>United States</country>
      </address>
    </facility>
  </location>
  <location>
    <facility>
      <name>Department of Dermatology, University of California, San Francisco</name>
      <address>
        <city>San Francisco</city>
        <state>California</state>
        <zip>94115</zip>
        <country>United States</country>
      </address>
    </facility>
  </location>
  <location>
    <facility>
      <name>Dermatology Associates, PC at the Washington Hospital Center</name>
      <address>
        <city>Washington</city>
        <state>District of Columbia</state>
        <zip>20010</zip>
        <country>United States</country>
      </address>
    </facility>
  </location>
  <location>
    <facility>
      <name>Howard University Hospital Department of Dermatology</name>
      <address>
        <city>Washington</city>
        <state>District of Columbia</state>
        <zip>20060</zip>
        <country>United States</country>
      </address>
    </facility>
  </location>
  <location>
    <facility>
      <name>FXM Research</name>
      <address>
        <city>Miami</city>
        <state>Florida</state>
        <zip>33175</zip>
        <country>United States</country>
      </address>
    </facility>
  </location>
  <location>
    <facility>
      <name>University Clinical Research, Inc</name>
      <address>
        <city>Pembroke Pines</city>
        <state>Florida</state>
        <zip>33024</zip>
        <country>United States</country>
      </address>
    </facility>
  </location>
  <location>
    <facility>
      <name>MedaPhase, Inc.</name>
      <address>
        <city>Newnan</city>
        <state>Georgia</state>
        <zip>30263</zip>
        <country>United States</country>
      </address>
    </facility>
  </location>
  <location>
    <facility>
      <name>Boston Clinical Trials</name>
      <address>
        <city>Boston</city>
        <state>Massachusetts</state>
        <zip>02135</zip>
        <country>United States</country>
      </address>
    </facility>
  </location>
  <location>
    <facility>
      <name>Henry Ford Medical Center - New Center One</name>
      <address>
        <city>Detroit</city>
        <state>Michigan</state>
        <zip>48202</zip>
        <country>United States</country>
      </address>
    </facility>
  </location>
  <location>
    <facility>
      <name>Washington University Dermatology Clinical Trials Unit</name>
      <address>
        <city>St. Louis</city>
        <state>Missouri</state>
        <zip>63110</zip>
        <country>United States</country>
      </address>
    </facility>
  </location>
  <location>
    <facility>
      <name>Skin Specialists, PC</name>
      <address>
        <city>Omaha</city>
        <state>Nebraska</state>
        <zip>68144</zip>
        <country>United States</country>
      </address>
    </facility>
  </location>
  <location>
    <facility>
      <name>Department of Dermatology SUNY Downstate Medical Center</name>
      <address>
        <city>Brooklyn</city>
        <state>New York</state>
        <zip>11203</zip>
        <country>United States</country>
      </address>
    </facility>
  </location>
  <location>
    <facility>
      <name>Columbia University Medical Center Department of Dermatology</name>
      <address>
        <city>New York</city>
        <state>New York</state>
        <zip>10032</zip>
        <country>United States</country>
      </address>
    </facility>
  </location>
  <location>
    <facility>
      <name>Metrolina Medical Research</name>
      <address>
        <city>Charlotte</city>
        <state>North Carolina</state>
        <zip>28209</zip>
        <country>United States</country>
      </address>
    </facility>
  </location>
  <location>
    <facility>
      <name>Universtiy Dermatology Consultants, Inc.</name>
      <address>
        <city>Cincinnati</city>
        <state>Ohio</state>
        <zip>45219</zip>
        <country>United States</country>
      </address>
    </facility>
  </location>
  <location>
    <facility>
      <name>Paddington Testing Clinic</name>
      <address>
        <city>Philadelphia</city>
        <state>Pennsylvania</state>
        <zip>19103</zip>
        <country>United States</country>
      </address>
    </facility>
  </location>
  <location>
    <facility>
      <name>Society Hill Dermatology</name>
      <address>
        <city>Philadelphia</city>
        <state>Pennsylvania</state>
        <zip>19107-6129</zip>
        <country>United States</country>
      </address>
    </facility>
  </location>
  <location>
    <facility>
      <name>Okatie Research Center, LLC</name>
      <address>
        <city>Beaufort</city>
        <state>South Carolina</state>
        <zip>29907`</zip>
        <country>United States</country>
      </address>
    </facility>
  </location>
  <location>
    <facility>
      <name>Dermatology Associates of Knoxville</name>
      <address>
        <city>Knoxville</city>
        <state>Tennessee</state>
        <zip>37917</zip>
        <country>United States</country>
      </address>
    </facility>
  </location>
  <location>
    <facility>
      <name>Dermatology Research Associates</name>
      <address>
        <city>Nashville</city>
        <state>Tennessee</state>
        <zip>37203</zip>
        <country>United States</country>
      </address>
    </facility>
  </location>
  <location>
    <facility>
      <name>DermResearch, Inc.</name>
      <address>
        <city>Austin</city>
        <state>Texas</state>
        <zip>78759</zip>
        <country>United States</country>
      </address>
    </facility>
  </location>
  <location>
    <facility>
      <name>DiscoveResearch, Inc.</name>
      <address>
        <city>Beaumont</city>
        <state>Texas</state>
        <zip>77701</zip>
        <country>United States</country>
      </address>
    </facility>
  </location>
  <location>
    <facility>
      <name>J&amp;S Studies, Inc.</name>
      <address>
        <city>Bryan</city>
        <state>Texas</state>
        <zip>77802</zip>
        <country>United States</country>
      </address>
    </facility>
  </location>
  <location>
    <facility>
      <name>Research Across America</name>
      <address>
        <city>Dallas</city>
        <state>Texas</state>
        <zip>75234</zip>
        <country>United States</country>
      </address>
    </facility>
  </location>
  <location>
    <facility>
      <name>Suzanne Bruce and Associates, PA</name>
      <address>
        <city>Houston</city>
        <state>Texas</state>
        <zip>77056</zip>
        <country>United States</country>
      </address>
    </facility>
  </location>
  <location>
    <facility>
      <name>The Education and Research Foundation, Inc.</name>
      <address>
        <city>Lynchburg</city>
        <state>Virginia</state>
        <zip>24501</zip>
        <country>United States</country>
      </address>
    </facility>
  </location>
  <location>
    <facility>
      <name>Virginia Clinical Research</name>
      <address>
        <city>Norfolk</city>
        <state>Virginia</state>
        <zip>23507</zip>
        <country>United States</country>
      </address>
    </facility>
  </location>
  <location>
    <facility>
      <name>Advanced Healthcare, SC</name>
      <address>
        <city>Milwaukee</city>
        <state>Wisconsin</state>
        <zip>53209</zip>
        <country>United States</country>
      </address>
    </facility>
  </location>
  <location_countries>
    <country>United States</country>
  </location_countries>
  <verification_date>May 2011</verification_date>
  <lastchanged_date>May 27, 2011</lastchanged_date>
  <firstreceived_date>October 21, 2005</firstreceived_date>
  <keyword>Acne, G6PD deficiency, Dapsone</keyword>
  <condition_browse>
    <!-- CAUTION:  The following MeSH terms are assigned with an imperfect algorithm  -->
    <mesh_term>Acne Vulgaris</mesh_term>
  </condition_browse>
  <!-- Results have not yet been posted for this study                                -->
</clinical_study>
