<?xml version="1.0" encoding="UTF-8"?>
<clinical_study rank="45">
  <!-- This xml conforms to an XML Schema at:
    https://clinicaltrials.gov/ct2/html/images/info/public.xsd
 and an XML DTD at:
    https://clinicaltrials.gov/ct2/html/images/info/public.dtd -->
  <required_header>
    <download_date>ClinicalTrials.gov processed this data on July 08, 2015</download_date>
    <link_text>Link to the current ClinicalTrials.gov record.</link_text>
    <url>https://clinicaltrials.gov/show/NCT00110643</url>
  </required_header>
  <id_info>
    <org_study_id>Derm 494</org_study_id>
    <nct_id>NCT00110643</nct_id>
  </id_info>
  <brief_title>Infrared Non-Cutting Laser Therapy for Acne</brief_title>
  <official_title>CoolTouch Non-ablative Laser Therapy for Acne Vulgaris</official_title>
  <sponsors>
    <lead_sponsor>
      <agency>University of Michigan</agency>
      <agency_class>Other</agency_class>
    </lead_sponsor>
  </sponsors>
  <source>University of Michigan</source>
  <oversight_info>
    <authority>United States: Institutional Review Board</authority>
    <has_dmc>No</has_dmc>
  </oversight_info>
  <brief_summary>
    <textblock>
      The purpose of this research project is to study the effect of non-ablative (non-cutting)
      laser therapy, a technique that uses laser energy to try to improve the appearance of the
      skin.  In this study, we are interested in learning how well such a laser works to improve
      the symptoms of acne.  The laser used in this particular study will be the CoolTouch II®
      laser, manufactured by ICN Photonics, Inc., and has not been FDA-approved for the treatment
      of acne.
    </textblock>
  </brief_summary>
  <detailed_description>
    <textblock>
      The purpose of this research project is to study the effect of non-ablative (non-cutting)
      laser therapy, a technique that uses laser energy to try to improve the appearance of skin.
      This type of laser treatment creates changes in a layer of the skin called the dermis
      without causing an open wound in the skin.  It is not yet clear how much improvement can be
      seen with these treatments or exactly how the skin's response causes these improvements.  In
      this study, we are interested in learning how well such a laser works to improve the
      symptoms of acne.  The laser used in this particular study will be the CoolTouch II®  laser,
      manufactured by ICN Photonics, Inc., and has not been FDA-approved for the treatment of
      acne.
    </textblock>
  </detailed_description>
  <overall_status>Completed</overall_status>
  <start_date>February 2003</start_date>
  <completion_date>December 2005</completion_date>
  <phase>Phase 2/Phase 3</phase>
  <study_type>Interventional</study_type>
  <study_design>Endpoint Classification: Safety/Efficacy Study, Intervention Model: Single Group Assignment, Masking: Single Blind, Primary Purpose: Treatment</study_design>
  <primary_outcome>
    <measure>Number of subtypes of acne lesions including papules, pustules, cysts, open comedones, and closed comedones</measure>
  </primary_outcome>
  <secondary_outcome>
    <measure>total area of sebum droplets measured using image analysis software</measure>
  </secondary_outcome>
  <enrollment>50</enrollment>
  <condition>Acne Vulgaris</condition>
  <intervention>
    <intervention_type>Device</intervention_type>
    <intervention_name>CoolTouch II  laser</intervention_name>
  </intervention>
  <eligibility>
    <criteria>
      <textblock>
        Inclusion Criteria:

          -  Age 13 years or older of either gender and of any racial/ethnic group.

          -  Subjects must have clinically evident acne vulgaris of the facial skin.

          -  Subjects must understand and sign the informed consent prior to participation.

          -  Subjects must be in generally good health.

          -  Subjects must be able and willing to comply with the requirements of the protocol.

          -  You must live within a reasonable driving distance of Ann Arbor, Michigan, and/or be
             able to attend all of the scheduled appointments during the study.

        Exclusion Criteria:

          -  Oral retinoid (Accutane) use within 1 year of entry into the study.

          -  Systemic acne therapies (oral antibiotics) within 4 weeks of entry into the study.

          -  Topical acne therapies (retinoids, antibiotics) within 2 weeks of entry into the
             study.

          -  Microdermabrasion or superficial chemical peels at the sites to be treated within 3
             months of entry into the study.

          -  Subjects with a history of dermabrasion or laser resurfacing at the sites to be
             treated.

          -  Use of topical lipid absorbing substances (Clinac AC) within 2 weeks of entry into
             the study.

          -  Non-compliant subjects.

          -  Subjects with a significant medical history or concurrent illness/condition which the
             investigator(s) feel is not safe for study participation.

          -  Subjects using alcohol-based topical solutions or &quot;exfolliating&quot; agents within 2
             weeks of entry into the study.

          -  Subjects with a history of very frequent herpes simplex infections of the face or
             with clinical evidence of active herpes simplex infections.

          -  History of keloid scar formation for subjects undergoing biopsies.

          -  Pregnant or nursing females.
      </textblock>
    </criteria>
    <gender>Both</gender>
    <minimum_age>13 Years</minimum_age>
    <maximum_age>N/A</maximum_age>
    <healthy_volunteers>No</healthy_volunteers>
  </eligibility>
  <overall_official>
    <last_name>John J Voorhees, MD</last_name>
    <role>Study Chair</role>
    <affiliation>University of Michigan</affiliation>
  </overall_official>
  <location>
    <facility>
      <name>University of Michigan Dermatology Department</name>
      <address>
        <city>Ann Arbor</city>
        <state>Michigan</state>
        <zip>48109-0314</zip>
        <country>United States</country>
      </address>
    </facility>
  </location>
  <location_countries>
    <country>United States</country>
  </location_countries>
  <verification_date>April 2015</verification_date>
  <lastchanged_date>April 30, 2015</lastchanged_date>
  <firstreceived_date>May 11, 2005</firstreceived_date>
  <responsible_party>
    <responsible_party_type>Principal Investigator</responsible_party_type>
    <investigator_affiliation>University of Michigan</investigator_affiliation>
    <investigator_full_name>Jeffrey S. Orringer</investigator_full_name>
    <investigator_title>Professor of Dermatology, Medical School</investigator_title>
  </responsible_party>
  <keyword>Acne</keyword>
  <keyword>laser</keyword>
  <has_expanded_access>No</has_expanded_access>
  <condition_browse>
    <!-- CAUTION:  The following MeSH terms are assigned with an imperfect algorithm  -->
    <mesh_term>Acne Vulgaris</mesh_term>
  </condition_browse>
  <!-- Results have not yet been posted for this study                                -->
</clinical_study>
