<?xml version="1.0" encoding="UTF-8"?>
<clinical_study rank="196">
  <!-- This xml conforms to an XML Schema at:
    https://clinicaltrials.gov/ct2/html/images/info/public.xsd
 and an XML DTD at:
    https://clinicaltrials.gov/ct2/html/images/info/public.dtd -->
  <required_header>
    <download_date>ClinicalTrials.gov processed this data on July 08, 2015</download_date>
    <link_text>Link to the current ClinicalTrials.gov record.</link_text>
    <url>https://clinicaltrials.gov/show/NCT02457520</url>
  </required_header>
  <id_info>
    <org_study_id>ABS157LT</org_study_id>
    <nct_id>NCT02457520</nct_id>
  </id_info>
  <brief_title>ABSORICA in Patients With Severe Recalcitrant Nodular Acne</brief_title>
  <official_title>An Open-label Study Evaluating the Long-term Efficacy, Quality of Life, and Safety of ABSORICA® (Isotretinoin) Capsules Administered Without Food in Patients With Severe Recalcitrant Nodular Acne</official_title>
  <sponsors>
    <lead_sponsor>
      <agency>Ranbaxy Inc.</agency>
      <agency_class>Industry</agency_class>
    </lead_sponsor>
  </sponsors>
  <source>Ranbaxy Inc.</source>
  <oversight_info>
    <authority>United States: Food and Drug Administration</authority>
    <has_dmc>No</has_dmc>
  </oversight_info>
  <brief_summary>
    <textblock>
      This is an uncontrolled, open-label study being conducted in approximately 200 healthy
      males, non-pregnant, non-nursing females, age 12 to 45 years, with severe recalcitrant
      nodular acne.

      ABSORICA® (isotretinoin) capsules 0.5 mg/kg/day will be administered for 4 weeks followed by
      1.0 mg/kg/day for 16 weeks. Female subjects consenting to use two forms of birth control or
      abstinence are included.
    </textblock>
  </brief_summary>
  <detailed_description>
    <textblock>
      This study is designed to collect efficacy, safety, and quality of life (QOL) data from
      subjects who receive Absorica® without food. The study will investigate the treatment
      efficacy, frequency of relapse once the treatment has been discontinued, quality of life
      during the active treatment and during a 2-year post treatment period and the overall safety
      of treatment with Absorica®.

      This is a single-arm, open-label study consisting of 2 phases: a 20-week (5-month)
      open-label Active Treatment Period (ATP) and a 104-week (2-year) post treatment period
      (PTP). The total study duration is to be 124 weeks, excluding a screening period. During the
      ATP, after week 2 visit, visits will be scheduled at 4-week intervals for a total of 8
      visits (1 screening visit, 1 baseline visit, and 6 on-study visits). During the PTP, the
      first visit will be 4 weeks after End of Treatment (EOT), the second visit will be 12 weeks
      after EOT, and subsequent visits will be scheduled at 26-week (± 2 weeks) intervals for a
      total of 6 visits.
    </textblock>
  </detailed_description>
  <overall_status>Recruiting</overall_status>
  <start_date>January 2015</start_date>
  <completion_date type="Anticipated">November 2017</completion_date>
  <primary_completion_date type="Anticipated">November 2015</primary_completion_date>
  <phase>Phase 4</phase>
  <study_type>Interventional</study_type>
  <study_design>Endpoint Classification: Safety/Efficacy Study, Intervention Model: Single Group Assignment, Masking: Open Label, Primary Purpose: Treatment</study_design>
  <primary_outcome>
    <measure>Quality of life (QOL) of subjects who are taking Absorica® (isotretinoin)</measure>
    <time_frame>20 weeks</time_frame>
    <safety_issue>No</safety_issue>
    <description>Change from Baseline to the end of active treatment period (ATP) at week 20 in the acne-specific quality of life (acne-QOL) questionnaire score for those subjects who complete the 20-week ATP and are at least 75% compliant with the treatment regimen (isotretinoin) capsules twice daily without food for the treatment of severe recalcitrant nodular acne</description>
  </primary_outcome>
  <secondary_outcome>
    <measure>Change from baseline in the lesion count</measure>
    <time_frame>20 weeks</time_frame>
    <safety_issue>Yes</safety_issue>
    <description>Change from baseline in the lesion count (nodules and inflammatory lesions) at the end of the ATP.</description>
  </secondary_outcome>
  <secondary_outcome>
    <measure>Change from baseline in the acne-quality of life (QOL) score</measure>
    <time_frame>20 weeks</time_frame>
    <safety_issue>Yes</safety_issue>
    <description>Change from baseline in the acne-QOL score</description>
  </secondary_outcome>
  <secondary_outcome>
    <measure>Change from baseline in the Investigator's Global Assessment (IGA)</measure>
    <time_frame>20 weeks</time_frame>
    <safety_issue>Yes</safety_issue>
    <description>Change from baseline in the IGA at the end of the active treatment period in subjects who complete the 20-week active treatment period</description>
  </secondary_outcome>
  <secondary_outcome>
    <measure>Treatment safety (adverse events)</measure>
    <time_frame>20 weeks</time_frame>
    <safety_issue>Yes</safety_issue>
    <description>Treatment safety as determined by the frequency and severity of adverse events</description>
  </secondary_outcome>
  <secondary_outcome>
    <measure>Treatment safety (local skin irritation)</measure>
    <time_frame>20 weeks</time_frame>
    <safety_issue>Yes</safety_issue>
    <description>Treatment safety as determined by local skin irritation</description>
  </secondary_outcome>
  <other_outcome>
    <measure>Primary endpoint for post treatment period (PTP) (Proportion of subjects who require retreatment)</measure>
    <time_frame>104 weeks</time_frame>
    <safety_issue>Yes</safety_issue>
    <description>Proportion of subjects who require retreatment with oral isotretinoin at any time during post treatment period and the time at which retreatment is required</description>
  </other_outcome>
  <other_outcome>
    <measure>Secondary endpoint for PTP (Proportion of subjects who require treatment with a prescription anti-acne medication)</measure>
    <time_frame>104 weeks</time_frame>
    <safety_issue>Yes</safety_issue>
    <description>Proportion of subjects who require treatment with a prescription anti-acne medication other than oral isotretinoin at any point during the PTP</description>
  </other_outcome>
  <other_outcome>
    <measure>Secondary endpoint for PTP (Proportion of subjects who use an over-the-counter (OTC) anti-acne medication)</measure>
    <time_frame>104 weeks</time_frame>
    <safety_issue>Yes</safety_issue>
    <description>Proportion of subjects who use an over-the-counter (OTC) anti-acne medication at any time during the PTP</description>
  </other_outcome>
  <other_outcome>
    <measure>Secondary endpoint for PTP (Severity of acne (lesion count and IGA)</measure>
    <time_frame>104 weeks</time_frame>
    <safety_issue>Yes</safety_issue>
    <description>Severity of acne (lesion count and IGA) at the time of retreatment in subjects treated with a prescription or OTC anti-acne treatment</description>
  </other_outcome>
  <other_outcome>
    <measure>Secondary endpoint for PTP (Severity of acne (lesion count and IGA)</measure>
    <time_frame>104 weeks</time_frame>
    <safety_issue>Yes</safety_issue>
    <description>Severity of acne (lesion count and IGA) at each visit</description>
  </other_outcome>
  <other_outcome>
    <measure>Secondary endpoint for PTP (Time to retreatment with a prescription or over-the-counter (OTC) anti-acne medication)</measure>
    <time_frame>104 weeks</time_frame>
    <safety_issue>Yes</safety_issue>
    <description>Time to retreatment with a prescription or over-the-counter (OTC) anti-acne medication at any time during the PTP</description>
  </other_outcome>
  <other_outcome>
    <measure>Secondary endpoint for PTP (Acne-quality of life)</measure>
    <time_frame>104 weeks</time_frame>
    <safety_issue>Yes</safety_issue>
    <description>Acne-quality of life at the end of PTP</description>
  </other_outcome>
  <other_outcome>
    <measure>Secondary endpoint for PTP (monitoring of adverse events, laboratory test results, vital signs, and physical examinations)</measure>
    <time_frame>104 weeks</time_frame>
    <safety_issue>Yes</safety_issue>
    <description>Safety as assessed through the monitoring of adverse events, laboratory test results, vital signs, and physical examinations</description>
  </other_outcome>
  <number_of_arms>1</number_of_arms>
  <enrollment type="Anticipated">200</enrollment>
  <condition>Acne</condition>
  <arm_group>
    <arm_group_label>Sinlge treatment arm</arm_group_label>
    <arm_group_type>Experimental</arm_group_type>
    <description>ABSORICA® (isotretinoin) capsules 0.5 mg/kg/day for 4 weeks followed by 1.0 mg/kg/day for 16 weeks.</description>
  </arm_group>
  <intervention>
    <intervention_type>Drug</intervention_type>
    <intervention_name>Isotretinoin</intervention_name>
    <description>ABSORICA® (isotretinoin) capsules 0.5 mg/kg/day for 4 weeks followed by 1.0 mg/kg/day for 16 weeks</description>
    <arm_group_label>Sinlge treatment arm</arm_group_label>
    <other_name>ABSORICA</other_name>
  </intervention>
  <eligibility>
    <criteria>
      <textblock>
        General Inclusion Criteria Subjects must meet the following mandatory inclusion criteria
        at the time of screening to be eligible to enter the study and must agree to conform to
        the requirements of the study and the iPLEDGE program.

          -  Written informed consent, including mandatory photographic consent, on a
             gender-specific informed consent form (ICF) &amp; Health Insurance Portability and
             Accountability Act (HIPAA) authorization prior to the performance of any
             study-related procedures.

          -  Pregnant females and females who are not to become pregnant during the ATP phase of
             the trial and for 30 days after receiving their last dose of study drug.

          -  Female subjects of childbearing potential ready to use 2 forms of effective
             contraception simultaneously for 1 month before starting Absorica® (isotretinoin),
             while taking Absorica® &amp; for 1 month after Absorica® has been stopped.

          -  Male and female subjects of non-childbearing potential

        Specific Inclusion Criteria:

          -  Severe recalcitrant nodular acne.

          -  Five or more nodule lesions on the face.

          -  Treatment-naïve subjects.

          -  Age between 12 and 45 years.

          -  Weight between 40 and 110 kg.

          -  Female subjects of childbearing potential only: Negative results from serum pregnancy
             tests with a sensitivity of at least 25 milli-international unit/mL.

          -  Good general health as determined by the investigator based on the subject's medical
             history, physical examination, vital signs measurements, and laboratory test results.

          -  Subjects who present with stable &amp; controlled diabetes mellitus (Types I and II).

          -  Subjects with previously diagnosed polycystic ovarian syndrome (PCOS) can be included
             in the study if in the opinion of the investigator they do not have any other
             clinically significant abnormality (eg, metabolic syndrome or elevated lipids

        Exclusion Criteria:

        General Exclusion Criteria

          -  Presence of any clinically significant physical examination finding, vital signs
             measurement, or abnormal laboratory value;

          -  Presence of a beard or other facial hair that could interfere with the study
             assessments;

          -  Participated in another clinical trial or received an investigational product within
             3 months prior to screening;

          -  History of excessive or suspected abuse of alcohol (based on the clinical judgment of
             the investigator), recreational drugs, and/or drugs of abuse, e.g., club drugs,
             cocaine, ecstasy/MDMA (methylenedioxymethamphetamine), heroin, inhalants, marijuana,
             methamphetamine, phencyclidine, prescription medications, anabolic steroids, etc.

          -  Use of prohibited or restricted prior or concomitant medications. Female Specific
             Exclusion Criteria

          -  Are pregnant;

          -  Are at a high risk for becoming pregnant or likely to become pregnant during
             treatment;

          -  Are breast-feeding or considering breast-feeding during the course of the study;

          -  Have a known history of PCOS with another clinically significant abnormality (eg,
             metabolic syndrome or elevated lipids);

          -  Are unable or unwilling to maintain compliance with birth control measures
      </textblock>
    </criteria>
    <gender>Both</gender>
    <minimum_age>12 Years</minimum_age>
    <maximum_age>45 Years</maximum_age>
    <healthy_volunteers>No</healthy_volunteers>
  </eligibility>
  <overall_official>
    <last_name>Ashish Anvekar, MD</last_name>
    <role>Study Director</role>
    <affiliation>Ranbaxy Laboratories Limited</affiliation>
  </overall_official>
  <overall_contact>
    <last_name>Neha Rana, Pharm D</last_name>
    <phone>1-800-406-7984</phone>
    <email>Drug.Safety@ranbaxy.com</email>
  </overall_contact>
  <location>
    <facility>
      <name>Texas Dermatology and Laser Specialists</name>
      <address>
        <city>San Antonio</city>
        <state>Texas</state>
        <zip>78218</zip>
        <country>United States</country>
      </address>
    </facility>
    <status>Recruiting</status>
    <investigator>
      <last_name>Emily M Becker, MD</last_name>
      <role>Principal Investigator</role>
    </investigator>
    <investigator>
      <last_name>Kenneth W Dawes, MD</last_name>
      <role>Principal Investigator</role>
    </investigator>
    <investigator>
      <last_name>James Q. Del Rosso, DO</last_name>
      <role>Principal Investigator</role>
    </investigator>
    <investigator>
      <last_name>Douglass W Forsha, MD</last_name>
      <role>Principal Investigator</role>
    </investigator>
    <investigator>
      <last_name>Loyd Godwin, MD</last_name>
      <role>Principal Investigator</role>
    </investigator>
    <investigator>
      <last_name>Scott Thomas Guenthner, MD</last_name>
      <role>Principal Investigator</role>
    </investigator>
    <investigator>
      <last_name>Cheryl A Hull, MD</last_name>
      <role>Principal Investigator</role>
    </investigator>
    <investigator>
      <last_name>John Scott Kasteler, MD</last_name>
      <role>Principal Investigator</role>
    </investigator>
    <investigator>
      <last_name>David M Parsier, MD</last_name>
      <role>Principal Investigator</role>
    </investigator>
    <investigator>
      <last_name>Andrew K Pollack, MD</last_name>
      <role>Principal Investigator</role>
    </investigator>
    <investigator>
      <last_name>Rish Phoebe, MD</last_name>
      <role>Principal Investigator</role>
    </investigator>
    <investigator>
      <last_name>Scott Allen Smith, DO</last_name>
      <role>Principal Investigator</role>
    </investigator>
    <investigator>
      <last_name>Howard Sofen, MD</last_name>
      <role>Principal Investigator</role>
    </investigator>
    <investigator>
      <last_name>Melissa LF Knuckles, MD</last_name>
      <role>Principal Investigator</role>
    </investigator>
    <investigator>
      <last_name>Linda Francis Stein Gold, MD</last_name>
      <role>Principal Investigator</role>
    </investigator>
    <investigator>
      <last_name>Dowling B Stough, MD</last_name>
      <role>Principal Investigator</role>
    </investigator>
    <investigator>
      <last_name>Jeffery Sugarman, MD, PhD</last_name>
      <role>Principal Investigator</role>
    </investigator>
    <investigator>
      <last_name>Leonard J Swinyer, MD</last_name>
      <role>Principal Investigator</role>
    </investigator>
    <investigator>
      <last_name>John H Tu, MD</last_name>
      <role>Principal Investigator</role>
    </investigator>
    <investigator>
      <last_name>Andrea L Zaenglein, MD</last_name>
      <role>Principal Investigator</role>
    </investigator>
  </location>
  <location_countries>
    <country>United States</country>
  </location_countries>
  <verification_date>May 2015</verification_date>
  <lastchanged_date>May 28, 2015</lastchanged_date>
  <firstreceived_date>May 16, 2015</firstreceived_date>
  <responsible_party>
    <responsible_party_type>Sponsor</responsible_party_type>
  </responsible_party>
  <is_fda_regulated>Yes</is_fda_regulated>
  <is_section_801>Yes</is_section_801>
  <has_expanded_access>No</has_expanded_access>
  <intervention_browse>
    <!-- CAUTION:  The following MeSH terms are assigned with an imperfect algorithm  -->
    <mesh_term>Isotretinoin</mesh_term>
  </intervention_browse>
  <!-- Results have not yet been posted for this study                                -->
</clinical_study>
