<?xml version="1.0" encoding="UTF-8"?>
<clinical_study rank="404">
  <!-- This xml conforms to an XML Schema at:
    https://clinicaltrials.gov/ct2/html/images/info/public.xsd
 and an XML DTD at:
    https://clinicaltrials.gov/ct2/html/images/info/public.dtd -->
  <required_header>
    <download_date>ClinicalTrials.gov processed this data on July 08, 2015</download_date>
    <link_text>Link to the current ClinicalTrials.gov record.</link_text>
    <url>https://clinicaltrials.gov/show/NCT00161226</url>
  </required_header>
  <id_info>
    <org_study_id>4800</org_study_id>
    <secondary_id>CINJ#100401</secondary_id>
    <nct_id>NCT00161226</nct_id>
  </id_info>
  <brief_title>A Randomized, Controlled, Comparative Study of a Levonorgestrel Intrauterine System for the Prevention of Endometrial Cancer in Patients Aged 40-50 With BMI Greater Than 35</brief_title>
  <official_title>A Randomized, Controlled, Comparative Study of a Levonorgestrel Intrauterine System for the Prevention of Endometrial Cancer in Patients Aged 40-50 With BMI Greater Than 35</official_title>
  <sponsors>
    <lead_sponsor>
      <agency>University of Medicine and Dentistry of New Jersey</agency>
      <agency_class>Other</agency_class>
    </lead_sponsor>
  </sponsors>
  <source>Rutgers, The State University of New Jersey</source>
  <oversight_info>
    <authority>United States: Institutional Review Board</authority>
  </oversight_info>
  <brief_summary>
    <textblock>
      Endometrial (uterine) cancer affects over 40,000 women each year in the United States.  At
      this time there are no medications to prevent endometrial cancer.  Women who are heavy are
      at increased risk of this cancer.  Progestins have been used to treat endometrial
      hyperplasia and cancer in women who wanted to retain their fertility or who were not
      surgical candidates.  Oral progestins are associated with side effects such as weight gain,
      mood changes, headaches, and acne.  A device called Mirena has a type of progesterone in it.
       Because it is placed directly in the uterus it can give a powerful amount of progestin with
      less side effects.  In this project, we will enroll 44 women who are aged 40-50 and who have
      a body mass index (BMI) greater than 40.  (BMI is a measure of obesity.  Normal is less than
      25.)  They will be randomized to either observation or treatment.  The women in the
      treatment group will have a levonorgestrel intrauterine system (Mirena, LNG-IUS) placed for
      one year.  All of the women will have endometrial biopsies and blood work at the beginning
      and end of the study.  All of the women will have an ultrasound at the beginning of the
      study.  The information will then be used to assess whether or not the LNG-IUS will be an
      effective prevention agent.  The women will be contacted once a year for 5 years to see if
      they have had endometrial hyperplasia or cancer.  A special lab study called microarray will
      be used to see what genes are turned on or off in the uterine lining.
    </textblock>
  </brief_summary>
  <detailed_description>
    <textblock>
      Endometrial (uterine) cancer affects over 40,000 women each year in the United States.  At
      this time there are no medications to prevent endometrial cancer.  Women who are heavy are
      at increased risk of this cancer.  Progestins have been used to treat endometrial
      hyperplasia and cancer in women who wanted to retain their fertility or who were not
      surgical candidates.  Oral progestins are associated with side effects such as weight gain,
      mood changes, headaches, and acne.  A device called Mirena has a type of progesterone in it.
       Because it is placed directly in the uterus it can give a powerful amount of progestin with
      less side effects.  In this project, we will enroll 44 women who are aged 40-50 and who have
      a body mass index (BMI) greater than 40.  (BMI is a measure of obesity.  Normal is less than
      25.)  They will be randomized to either observation or treatment.  The women in the
      treatment group will have a levonorgestrel intrauterine system (Mirena, LNG-IUS) placed for
      one year.  All of the women will have endometrial biopsies and blood work at the beginning
      and end of the study.  All of the women will have an ultrasound at the beginning of the
      study.  The information will then be used to assess whether or not the LNG-IUS will be an
      effective prevention agent.  The women will be contacted once a year for 5 years to see if
      they have had endometrial hyperplasia or cancer.  A special lab study called microarray will
      be used to see what genes are turned on or off in the uterine lining.
    </textblock>
  </detailed_description>
  <overall_status>Terminated</overall_status>
  <why_stopped>
    Principal investigator left institution
  </why_stopped>
  <start_date>February 2004</start_date>
  <completion_date type="Actual">June 2006</completion_date>
  <primary_completion_date type="Actual">June 2006</primary_completion_date>
  <phase>Phase 2</phase>
  <study_type>Observational</study_type>
  <study_design>Observational Model: Case-Only, Time Perspective: Prospective</study_design>
  <number_of_groups>1</number_of_groups>
  <enrollment type="Anticipated">44</enrollment>
  <condition>Endometrial Cancer</condition>
  <intervention>
    <intervention_type>Device</intervention_type>
    <intervention_name>Levonorgestrel intrauterine system</intervention_name>
  </intervention>
  <eligibility>
    <study_pop>
      <textblock>
        Levonorgestrel IUD, Prevention of Endometrial Cancer, Patients Aged 35-50, BMI &gt; 30
      </textblock>
    </study_pop>
    <sampling_method>Probability Sample</sampling_method>
    <criteria>
      <textblock>
        Inclusion:

        Woman between 40-50 years of age. Body mass index (BMI) ³ 35. Benign (no hyperplasia or
        cancer) endometrial biopsy prior to randomization Has an intact uterus

        Exclusion:

        Present infection with gonorrhea or chlamydia or within the last 5 years. Bacterial
        vaginosis that does not respond to one course of antibiotics. History of pelvic
        inflammatory disease in the last 5 years. Patients who are pregnant or who desire to
        become pregnant Does not desire fertility History of deep venous thrombosis or pulmonary
        embolus
      </textblock>
    </criteria>
    <gender>Female</gender>
    <minimum_age>35 Years</minimum_age>
    <maximum_age>50 Years</maximum_age>
    <healthy_volunteers>Accepts Healthy Volunteers</healthy_volunteers>
  </eligibility>
  <overall_official>
    <last_name>Allison Wagreich, MD</last_name>
    <role>Principal Investigator</role>
    <affiliation>Rutgers, The State University of New Jersey</affiliation>
  </overall_official>
  <location>
    <facility>
      <name>Cancer Institute of New Jersey</name>
      <address>
        <city>New Brunswick</city>
        <state>New Jersey</state>
        <zip>08901</zip>
        <country>United States</country>
      </address>
    </facility>
  </location>
  <location_countries>
    <country>United States</country>
  </location_countries>
  <verification_date>December 2009</verification_date>
  <lastchanged_date>December 10, 2009</lastchanged_date>
  <firstreceived_date>September 8, 2005</firstreceived_date>
  <keyword>endometrial cancer</keyword>
  <has_expanded_access>No</has_expanded_access>
  <condition_browse>
    <!-- CAUTION:  The following MeSH terms are assigned with an imperfect algorithm  -->
    <mesh_term>Endometrial Neoplasms</mesh_term>
  </condition_browse>
  <intervention_browse>
    <!-- CAUTION:  The following MeSH terms are assigned with an imperfect algorithm  -->
    <mesh_term>Levonorgestrel</mesh_term>
  </intervention_browse>
  <!-- Results have not yet been posted for this study                                -->
</clinical_study>
