<?xml version="1.0" encoding="UTF-8"?>
<clinical_study rank="132">
  <!-- This xml conforms to an XML Schema at:
    https://clinicaltrials.gov/ct2/html/images/info/public.xsd
 and an XML DTD at:
    https://clinicaltrials.gov/ct2/html/images/info/public.dtd -->
  <required_header>
    <download_date>ClinicalTrials.gov processed this data on July 08, 2015</download_date>
    <link_text>Link to the current ClinicalTrials.gov record.</link_text>
    <url>https://clinicaltrials.gov/show/NCT02338544</url>
  </required_header>
  <id_info>
    <org_study_id>PUMP-it</org_study_id>
    <nct_id>NCT02338544</nct_id>
  </id_info>
  <brief_title>Application of Epiduo(R) PUMP in Daily Practice in Patients With Inflammatory Acne</brief_title>
  <acronym>PUMP-it</acronym>
  <official_title>Application of Epiduo(R) PUMP in Daily Practice in Patients With Inflammatory Acne</official_title>
  <sponsors>
    <lead_sponsor>
      <agency>Galderma Laboratorium GmbH</agency>
      <agency_class>Industry</agency_class>
    </lead_sponsor>
  </sponsors>
  <source>Galderma Laboratorium GmbH</source>
  <oversight_info>
    <authority>Germany: Federal Institute for Drugs and Medical Devices</authority>
    <has_dmc>No</has_dmc>
  </oversight_info>
  <brief_summary>
    <textblock>
      The purpose of this observational trial is to assess application and convenience of Epiduo®
      PUMP under daily clinical practice conditions in patients with moderate to severe
      inflammatory acne.
    </textblock>
  </brief_summary>
  <detailed_description>
    <textblock>
      The objective of this observational trial is to assess application and convenience of
      Epiduo® PUMP under daily clinical practice conditions in patients with moderate to severe
      inflammatory acne using this drug in topical monotherapy or in combination with other drugs.
      In addition, efficacy of Epiduo® and incidence of adverse events will be assessed under
      marketed conditions. Also, patients' body beliefs will be recorded using the dysmorphic
      concern questionnaire.

      The observational study is designed as a multicentre study, covering all parts of Germany.
      Participating investigators are dermatologists with an adequate patient pool of acne
      patients. The observation time per patient will up to 3 months.
    </textblock>
  </detailed_description>
  <overall_status>Enrolling by invitation</overall_status>
  <start_date>January 2015</start_date>
  <completion_date type="Anticipated">September 2015</completion_date>
  <primary_completion_date type="Anticipated">September 2015</primary_completion_date>
  <phase>N/A</phase>
  <study_type>Observational</study_type>
  <study_design>Observational Model: Cohort, Time Perspective: Prospective</study_design>
  <primary_outcome>
    <measure>Severity of acne</measure>
    <time_frame>at baseline and after up to 3 weeks of treatment</time_frame>
    <safety_issue>No</safety_issue>
    <description>Efficacy is assessed by change in severity of acne according to the Leeds revised grading system</description>
  </primary_outcome>
  <secondary_outcome>
    <measure>Patient-reported assessment</measure>
    <time_frame>at follow-up</time_frame>
    <safety_issue>No</safety_issue>
    <description>Patient-reported assessment of application and convenience of Epiduo PUMP</description>
  </secondary_outcome>
  <secondary_outcome>
    <measure>Physician's assessment</measure>
    <time_frame>at follow-up</time_frame>
    <safety_issue>No</safety_issue>
    <description>Overall assessment of Epiduo PUMP</description>
  </secondary_outcome>
  <secondary_outcome>
    <measure>Adherence</measure>
    <time_frame>at follow-up</time_frame>
    <safety_issue>No</safety_issue>
    <description>Patient-reported frequency of the application</description>
  </secondary_outcome>
  <secondary_outcome>
    <measure>Dysmorphic concern</measure>
    <time_frame>at baseline</time_frame>
    <safety_issue>No</safety_issue>
    <description>Assessment of patient's body beliefs using the dysmorphic concern questionnaire</description>
  </secondary_outcome>
  <secondary_outcome>
    <measure>Adverse drug reactions</measure>
    <time_frame>at follow-up</time_frame>
    <safety_issue>Yes</safety_issue>
    <description>Documentation of adverse drug reactions</description>
  </secondary_outcome>
  <number_of_groups>1</number_of_groups>
  <enrollment type="Anticipated">2000</enrollment>
  <condition>Acne Vulgaris</condition>
  <intervention>
    <intervention_type>Drug</intervention_type>
    <intervention_name>0.1% Adapalene / 2.5% Benzoyl peroxide</intervention_name>
    <description>Epiduo® gel containing 0.1% adapalene + 2.5% benzoyl peroxide dispensed from a pump.</description>
    <other_name>Epiduo(R) PUMP</other_name>
  </intervention>
  <eligibility>
    <study_pop>
      <textblock>
        About 2000 patients aged ≥9 years with moderate to severe inflammatory acne
      </textblock>
    </study_pop>
    <sampling_method>Probability Sample</sampling_method>
    <criteria>
      <textblock>
        Inclusion Criteria:

          -  Age ≥9 years

          -  The patient has been diagnosed with moderate to severe inflammatory acne (Leeds Grade
             4-12)

          -  Chest/back affected allowed, but not required

          -  Topical therapy of acne with Epiduo® is indicated, the decision about treating the
             patient with Epiduo® has been made independently from this study

        Exclusion Criteria:

          -  Pregnancy or breastfeeding

          -  Acne inversa

          -  Acne with preferential manisfestation of microcysts, macrocysts and macrocomedones

          -  Hypersensitivity to the medication or any of the ingredients

          -  Other contraindications mentioned in the Epiduo® SPC
      </textblock>
    </criteria>
    <gender>Both</gender>
    <minimum_age>9 Years</minimum_age>
    <maximum_age>N/A</maximum_age>
    <healthy_volunteers>No</healthy_volunteers>
  </eligibility>
  <overall_official>
    <last_name>Uwe Gieler, Prof. M.D.</last_name>
    <role>Principal Investigator</role>
    <affiliation>Universitätsklinikum Gießen und Marburg GmbH</affiliation>
  </overall_official>
  <verification_date>June 2015</verification_date>
  <lastchanged_date>June 29, 2015</lastchanged_date>
  <firstreceived_date>January 12, 2015</firstreceived_date>
  <responsible_party>
    <responsible_party_type>Sponsor</responsible_party_type>
  </responsible_party>
  <is_fda_regulated>No</is_fda_regulated>
  <has_expanded_access>No</has_expanded_access>
  <condition_browse>
    <!-- CAUTION:  The following MeSH terms are assigned with an imperfect algorithm  -->
    <mesh_term>Acne Vulgaris</mesh_term>
  </condition_browse>
  <intervention_browse>
    <!-- CAUTION:  The following MeSH terms are assigned with an imperfect algorithm  -->
    <mesh_term>Adapalene</mesh_term>
    <mesh_term>Benzoyl Peroxide</mesh_term>
  </intervention_browse>
  <!-- Results have not yet been posted for this study                                -->
</clinical_study>
