<?xml version="1.0" encoding="UTF-8"?>
<clinical_study rank="99">
  <!-- This xml conforms to an XML Schema at:
    https://clinicaltrials.gov/ct2/html/images/info/public.xsd
 and an XML DTD at:
    https://clinicaltrials.gov/ct2/html/images/info/public.dtd -->
  <required_header>
    <download_date>ClinicalTrials.gov processed this data on July 08, 2015</download_date>
    <link_text>Link to the current ClinicalTrials.gov record.</link_text>
    <url>https://clinicaltrials.gov/show/NCT01362010</url>
  </required_header>
  <id_info>
    <org_study_id>FX2010-03</org_study_id>
    <nct_id>NCT01362010</nct_id>
  </id_info>
  <brief_title>Clinical Study to Evaluate Tolerability and Safety of FXFM244 and to Monitor Clinical Effect in Acne Vulgaris Patients</brief_title>
  <official_title>Pilot, Multicenter, Randomized, Double Blind, Placebo Controlled, Parallel Group, Dose Range Finding Study, to Evaluate the Tolerability and Safety of FXFM244 Antibiotic Foam and to Monitor Its Clinical Effect in Acne Vulgaris Patients</official_title>
  <sponsors>
    <lead_sponsor>
      <agency>Foamix Ltd.</agency>
      <agency_class>Industry</agency_class>
    </lead_sponsor>
  </sponsors>
  <source>Foamix Ltd.</source>
  <oversight_info>
    <authority>Israel: Ministry of Health</authority>
    <has_dmc>No</has_dmc>
  </oversight_info>
  <brief_summary>
    <textblock>
      The purpose of this study is to evaluate the tolerability and safety and to determine
      whether FXFM244 Antibiotic Foam is effective in the treatment of Acne Vulgaris.
    </textblock>
  </brief_summary>
  <detailed_description>
    <textblock>
      This is a phase IIa prospective, multicenter, randomized, double blind, placebo controlled,
      parallel group, dose range finding clinical study to evaluate the safety, tolerability and
      efficacy of Minocycline Foam 1% and 4% for the treatment of Acne Vulgaris.

      The study consists of a screening / baseline visit, a treatment period where patients will
      be treated topically on the facial skin areas affected by acne twice daily for 12 weeks,
      followed by a post-treatment follow up visit 4 weeks after end of treatment. The first dose
      will be applied in the presence of the study investigator or his assignee. Subsequent
      applications will be made by the patients.
    </textblock>
  </detailed_description>
  <overall_status>Completed</overall_status>
  <start_date>January 2012</start_date>
  <completion_date type="Actual">July 2013</completion_date>
  <primary_completion_date type="Actual">June 2013</primary_completion_date>
  <phase>Phase 2</phase>
  <study_type>Interventional</study_type>
  <study_design>Allocation: Randomized, Endpoint Classification: Efficacy Study, Intervention Model: Parallel Assignment, Masking: Double Blind (Subject, Caregiver, Investigator, Outcomes Assessor), Primary Purpose: Treatment</study_design>
  <primary_outcome>
    <measure>Decrease in lesions count</measure>
    <time_frame>12 weeks</time_frame>
    <safety_issue>No</safety_issue>
    <description>The change in lesion count (inflammatory, non-inflammatory, and total) after 12 weeks of treatment compared to baseline</description>
  </primary_outcome>
  <primary_outcome>
    <measure>Investigator global assessment</measure>
    <time_frame>12 weeks</time_frame>
    <safety_issue>No</safety_issue>
    <description>Physician's Global Improvement Assessment</description>
  </primary_outcome>
  <secondary_outcome>
    <measure>% change in lesions count</measure>
    <time_frame>12 weeks</time_frame>
    <safety_issue>No</safety_issue>
    <description>The % change in lesions count (inflammatory, non-inflammatory, and total) after 12 weeks of treatment compared to baseline</description>
  </secondary_outcome>
  <secondary_outcome>
    <measure>Global assessment of improvement by photographs</measure>
    <time_frame>12 weeks</time_frame>
    <safety_issue>No</safety_issue>
    <description>The photographs will assist in comparison of efficacy at subsequent visits compared to baseline</description>
  </secondary_outcome>
  <secondary_outcome>
    <measure>Subject-reported outcome assessment</measure>
    <time_frame>12 weeks</time_frame>
    <safety_issue>No</safety_issue>
  </secondary_outcome>
  <secondary_outcome>
    <measure>Subjects safety</measure>
    <time_frame>12 weeks</time_frame>
    <safety_issue>Yes</safety_issue>
    <description>safety parameters will be assessed by
Physical examination
Vital signs (HR, BP, Body temperature)
Adverse events recording
Clinical assessment of skin irritation</description>
  </secondary_outcome>
  <number_of_arms>3</number_of_arms>
  <enrollment type="Actual">150</enrollment>
  <condition>Acne Vulgaris</condition>
  <arm_group>
    <arm_group_label>Topical Minocycline Foam FXFM244 - 4%</arm_group_label>
    <arm_group_type>Experimental</arm_group_type>
    <description>Active ingredient: Minocycline Concentration: 4% Route: Topical Dosage schedule: Once daily, evening.</description>
  </arm_group>
  <arm_group>
    <arm_group_label>Topical Minocycline Foam FXFM244 - 1%</arm_group_label>
    <arm_group_type>Experimental</arm_group_type>
    <description>Active ingredient: Minocycline Concentration: 1% Route: Topical Dosage schedule: Once daily, evening.</description>
  </arm_group>
  <arm_group>
    <arm_group_label>Placebo foam</arm_group_label>
    <arm_group_type>Placebo Comparator</arm_group_type>
    <description>Active ingredient: None Route: Topical Dosage schedule: Once daily, evening</description>
  </arm_group>
  <intervention>
    <intervention_type>Drug</intervention_type>
    <intervention_name>Topical Minocycline Foam FXFM244</intervention_name>
    <description>Topically applied once a day.</description>
    <arm_group_label>Topical Minocycline Foam FXFM244 - 4%</arm_group_label>
    <arm_group_label>Topical Minocycline Foam FXFM244 - 1%</arm_group_label>
    <arm_group_label>Placebo foam</arm_group_label>
    <other_name>FXFM244 antibiotic foam</other_name>
  </intervention>
  <eligibility>
    <criteria>
      <textblock>
        Inclusion Criteria:

          -  A clinical diagnosis of Acne Vulgaris with facial involvement.

          -  A minimum of 20 but not more than 50 inflammatory lesions on the face (papules and/
             or pustules).

          -  A minimum of 25 but not more than 100 non-inflammatory lesions on the face (opened
             and/or closed comedones).

          -  No significant nodulocystic acne on the face (≤ 2 lesions).

          -  A score of &gt;3 (Moderate) on the Investigator's Global Assessment Scale.

          -  Patient is male or female between the ages of 12 to 25.

          -  No known medical conditions that, in the Investigator's opinion could interfere with
             study participation.

          -  Patient is willing to refrain from use of all other topical acne medications or
             antibiotics during the study.

          -  Patient is willing to refrain from use of moisturizers, new brands of make-up,
             creams, lotions, powders or any topical product other than the assigned treatment to
             the treatment area.

          -  Patient is willing and able to comply with all requirement of the protocol.

          -  Patient is willing and able to give written informed consent prior to participation
             in the study.

          -  If female of childbearing potential, willing to use an acceptable form of birth
             control during the study. Use of oral contraceptives must remain constant within 3
             month prior to baseline and throughout the study.

        Exclusion Criteria:

          -  Acne Conglobata, Acne Fulminas, secondary acne (chloracne, drug induced acne), or
             severe acne requiring systemic treatment.

          -  Presence of any facial skin condition that would interfere with the diagnosis or
             assessment of Acne Vulgaris (e.g. rosacea, dermatitis, psoriasis, squamos cell
             carcinoma, eczema, acneform eruptions caused by medications, steroid acne, steroid
             folliculitis, or bacterial folliculitis).

          -  Excessive facial hair (beards, sideburns, moustaches, etc.) that would interfere with
             diagnosis or assessment of Acne Vulgaris.

          -  Known or suspected hypersensitivity to Minocycline or any of the excipients in the
             Study Medication.

          -  Concomitant medication:

          -  Use within 6 month prior to baseline of topical retinoids, oral retinoids (Accutane®)
             or therapeutic Protocol No. FX2010-03 Foamix Ltd. Page 8 of 28 Confidential Ver: 02
             Oct-31-2011 vitamin A supplements of greater than 10,000 units/day (multivitamins are
             allowed).

          -  Use of systemic steroids, systemic antibiotics, systemic treatment for Acne Vulgaris,
             systemic antiinflammatory agents within 4 weeks prior to baseline.

          -  Use of topical steroids, α-hydroxy/glycolic acid, benzoyl peroxide, topical
             antibiotics, topical treatment for Acne Vulgaris, topical anti-inflammatory agents
             within 2 weeks prior to baseline.

          -  Use for less than 3 month prior to baseline of estrogens or change in oral
             contraceptives therapy within less than 3 month prior to baseline;

          -  Use on the face of: cryodestruction or chemodestruction, dermabrasion, photodynamic
             therapy, acne surgery, intralesional steroids or X-ray therapy within 4 weeks prior
             to baseline..

          -  Alcohol or drug abuse, according to assessment by the investigator.

          -  Use of another investigational drug within 30 days prior to baseline.

          -  Pregnant or lactating women.

          -  Use of tanning booths, sunbathing, or excessive exposure to the sun should be
             prohibited during the study.

          -  Participation in clinical trial in the previous month.
      </textblock>
    </criteria>
    <gender>Both</gender>
    <minimum_age>12 Years</minimum_age>
    <maximum_age>25 Years</maximum_age>
    <healthy_volunteers>No</healthy_volunteers>
  </eligibility>
  <overall_official>
    <last_name>Joseph Shiri, Prof.</last_name>
    <role>Principal Investigator</role>
    <affiliation>Clalit Health Services</affiliation>
  </overall_official>
  <overall_official>
    <last_name>Eli Sprecher, MD</last_name>
    <role>Principal Investigator</role>
    <affiliation>Sourasky medical center</affiliation>
  </overall_official>
  <overall_official>
    <last_name>Avner Shemer, Prof.</last_name>
    <role>Principal Investigator</role>
    <affiliation>Lev Yasmin clinic, Netanya, Israel</affiliation>
  </overall_official>
  <location>
    <facility>
      <name>Lev Yasmin clinic</name>
      <address>
        <city>Netanya</city>
        <country>Israel</country>
      </address>
    </facility>
  </location>
  <location>
    <facility>
      <name>Sourasky medical center</name>
      <address>
        <city>Tel-Aviv</city>
        <country>Israel</country>
      </address>
    </facility>
  </location>
  <location>
    <facility>
      <name>Tel-Nordau Clalit health services</name>
      <address>
        <city>Tel-Aviv</city>
        <country>Israel</country>
      </address>
    </facility>
  </location>
  <location_countries>
    <country>Israel</country>
  </location_countries>
  <verification_date>August 2013</verification_date>
  <lastchanged_date>August 14, 2013</lastchanged_date>
  <firstreceived_date>May 26, 2011</firstreceived_date>
  <responsible_party>
    <responsible_party_type>Sponsor</responsible_party_type>
  </responsible_party>
  <keyword>Acne</keyword>
  <keyword>Acne Vulgaris</keyword>
  <keyword>Topical</keyword>
  <keyword>Minocycline</keyword>
  <keyword>Foam</keyword>
  <keyword>Phase II</keyword>
  <is_fda_regulated>No</is_fda_regulated>
  <has_expanded_access>No</has_expanded_access>
  <condition_browse>
    <!-- CAUTION:  The following MeSH terms are assigned with an imperfect algorithm  -->
    <mesh_term>Acne Vulgaris</mesh_term>
  </condition_browse>
  <intervention_browse>
    <!-- CAUTION:  The following MeSH terms are assigned with an imperfect algorithm  -->
    <mesh_term>Minocycline</mesh_term>
  </intervention_browse>
  <!-- Results have not yet been posted for this study                                -->
</clinical_study>
