<?xml version="1.0" encoding="UTF-8"?>
<clinical_study rank="338">
  <!-- This xml conforms to an XML Schema at:
    https://clinicaltrials.gov/ct2/html/images/info/public.xsd
 and an XML DTD at:
    https://clinicaltrials.gov/ct2/html/images/info/public.dtd -->
  <required_header>
    <download_date>ClinicalTrials.gov processed this data on July 08, 2015</download_date>
    <link_text>Link to the current ClinicalTrials.gov record.</link_text>
    <url>https://clinicaltrials.gov/show/NCT01112787</url>
  </required_header>
  <id_info>
    <org_study_id>114571</org_study_id>
    <secondary_id>W0260-101</secondary_id>
    <nct_id>NCT01112787</nct_id>
  </id_info>
  <brief_title>A Study to Evaluate the Irritation Potential of Tazarotene Foam on Skin in Healthy Volunteers</brief_title>
  <official_title>A Phase 1, Evaluator-Blinded, Randomized, Vehicle Controlled, Study To Evaluate The Cumulative Irritation Potential Of Topically Applied Tazarotene Foam In Healthy Volunteers</official_title>
  <sponsors>
    <lead_sponsor>
      <agency>Stiefel, a GSK Company</agency>
      <agency_class>Industry</agency_class>
    </lead_sponsor>
    <collaborator>
      <agency>GlaxoSmithKline</agency>
      <agency_class>Industry</agency_class>
    </collaborator>
  </sponsors>
  <source>GlaxoSmithKline</source>
  <oversight_info>
    <authority>United States: Food and Drug Administration</authority>
    <has_dmc>No</has_dmc>
  </oversight_info>
  <brief_summary>
    <textblock>
      The purpose of this study is to evaluate the irritation level of tazarotene foam after 21
      days of exposure on the skin of healthy volunteers.
    </textblock>
  </brief_summary>
  <detailed_description>
    <textblock>
      This is a Phase 1, single center, evaluator-blinded, randomized, vehicle controlled study to
      evaluate the potential of tazarotene foam to induce cutaneous irritation using a 21 day
      cumulative irritation assay in healthy adult volunteers.  Approximately 40 healthy male and
      female volunteer subjects aged 18 to 65 years will be enrolled.  All subjects will be
      exposed to patches containing tazarotene foam, vehicle foam, sodium lauryl sulfate 0.5%
      (positive control), and distilled water (negative control).  Each set of patches will be
      applied to the same randomized sites once daily for 21 days; patches will be removed after
      24 ±1 hours and the patch sites will be evaluated for signs inflammatory skin responses (eg,
      erythema, edema, papules) and superficial effects.
    </textblock>
  </detailed_description>
  <overall_status>Completed</overall_status>
  <start_date>March 2010</start_date>
  <completion_date type="Actual">July 2010</completion_date>
  <primary_completion_date type="Actual">April 2010</primary_completion_date>
  <phase>Phase 1</phase>
  <study_type>Interventional</study_type>
  <study_design>Allocation: Randomized, Endpoint Classification: Safety Study, Intervention Model: Parallel Assignment, Masking: Double Blind (Subject, Investigator, Outcomes Assessor), Primary Purpose: Basic Science</study_design>
  <primary_outcome>
    <measure>Inflammatory skin responses</measure>
    <time_frame>21 days</time_frame>
    <safety_issue>No</safety_issue>
    <description>Patch sites will be evaluated for signs of inflammatory skin responses (e.g. erythema, edema, papules) and superficial effects.</description>
  </primary_outcome>
  <number_of_arms>4</number_of_arms>
  <enrollment type="Actual">39</enrollment>
  <condition>Acne Vulgaris</condition>
  <arm_group>
    <arm_group_label>Tazarotene Foam</arm_group_label>
    <arm_group_type>Experimental</arm_group_type>
    <description>Subjects will be exposed to patches containing Tazarotene Foam 0.1%,</description>
  </arm_group>
  <arm_group>
    <arm_group_label>Vehicle Foam</arm_group_label>
    <arm_group_type>Placebo Comparator</arm_group_type>
    <description>Subjects will be exposed to patches containing Vehicle Foam.</description>
  </arm_group>
  <arm_group>
    <arm_group_label>Sodium Laural Sulfate</arm_group_label>
    <arm_group_type>Active Comparator</arm_group_type>
    <description>Subjects will be exposed to patches containing Sodium Laural Sulfate.</description>
  </arm_group>
  <arm_group>
    <arm_group_label>Distilled Water</arm_group_label>
    <arm_group_type>Placebo Comparator</arm_group_type>
    <description>Subjects will be exposed to patches containing Distilled Water.</description>
  </arm_group>
  <intervention>
    <intervention_type>Drug</intervention_type>
    <intervention_name>Tazarotene Foam</intervention_name>
    <description>Tazarotene Foam</description>
    <arm_group_label>Tazarotene Foam</arm_group_label>
  </intervention>
  <intervention>
    <intervention_type>Drug</intervention_type>
    <intervention_name>Vehicle Foam</intervention_name>
    <description>Vehicle Foam</description>
    <arm_group_label>Vehicle Foam</arm_group_label>
  </intervention>
  <intervention>
    <intervention_type>Drug</intervention_type>
    <intervention_name>Sodium Laural Sulfate</intervention_name>
    <description>Sodium Laural Sulfate</description>
    <arm_group_label>Sodium Laural Sulfate</arm_group_label>
  </intervention>
  <intervention>
    <intervention_type>Drug</intervention_type>
    <intervention_name>Distilled Water</intervention_name>
    <description>Distilled Water</description>
    <arm_group_label>Distilled Water</arm_group_label>
  </intervention>
  <eligibility>
    <criteria>
      <textblock>
        Inclusion Criteria:

          -  Capable of understanding and willing to provide signed and dated written voluntary
             informed consent and Health Information Portability and Accountability Act (HIPAA)
             authorization before any protocol-specific procedures are performed.

          -  Male or female aged 18 to 65 years, inclusive, at time of consent.

          -  Able and willing to complete the study and to comply with all study    instructions.

          -  Possess Fitzpatrick skin types I (always burns easily; never tans), II (always burns
             easily; tans minimally), III (burns moderately; tans gradually), or IV (rarely burns;
             tans with ease) that will not interfere with the evaluation of any skin responses .

          -  Male subjects and their partners must agree to use a medically acceptable method of
             contraception.

          -  Additional criteria for women of childbearing potential, defined as one who is
             biologically capable of becoming pregnant, including perimenopausal women who are
             less than 2 years from their last menses:

               -  A regular menstrual cycle before study entry (as reported by the subject).

               -  Negative urine pregnancy test within 2 weeks of the first application of study
                  product.

               -  Sexually active females of childbearing potential participating in the study
                  must agree to use a medically acceptable method of contraception throughout the
                  duration of the study.

        Women who are not currently sexually active must agree to use a medically acceptable
        method of contraception should they become sexually active while participating in the
        study.

        Exclusion Criteria:

          -  Female who is pregnant, trying to become pregnant, or breast feeding.

          -  Considered unable or unlikely to attend the necessary visits.

          -  History of known or suspected intolerance to tazarotene, any of the ingredients of
             the study products, the hypoallergenic tape, or the cotton patches.

          -  Participation in any patch test study within 4 weeks of the Day 1 visit.

          -  Inability to evaluate the skin in and around the potential patch test sites on the
             back due to sunburns, unevenness in skin tones, tattoos, scars, excessive hair,
             freckles, birthmarks, moles, or other skin damage or abnormality.

          -  Clinically significant skin diseases that may contraindicate participation or
             interfere with patch test site evaluations, including psoriasis, eczema, atopic
             dermatitis, acne, dysplastic nevi, or other skin pathologies, or a history of skin
             cancer.

          -  Any major illness within 4 weeks of the Day 1 visit.

          -  Considered immunocompromised.

          -  A clinically relevant history of or current evidence of abuse of alcohol or other
             drugs.

          -  Clinically relevant history or currently suffering from any disease or condition
             that, in the opinion of the investigator, may affect the evaluation of the study
             product or place the subject at undue risk.  This may include respiratory (including
             chronic asthma requiring repetitive drug interventions), gastrointestinal, renal,
             hepatic, hematological, lymphatic, neurological, cardiovascular, psychiatric,
             musculoskeletal, genitourinary, immunological, dermatological, or connective tissue
             diseases or disorders.

          -  Received any investigational product or procedure within 4 weeks of the Day 1 visit
             or who is scheduled to receive an investigational product (other than the study
             product) or procedure during the study.

          -  Received allergy injections within 1 week of the Day 1 visit, or expects to receive
             allergy injections during study participation.

          -  Received immunizations within 4 weeks of the Day 1 visit.

          -  Used systemic or topical corticosteroids or other immunosuppressive medications
             within 4 weeks of the Day 1 visit.

          -  Used topical medications or other products (eg, self tanning products, waxing
             products, benzoyl peroxide, salicylic acid, or sulfur) in the areas of patch testing
             within 2 weeks of the Day 1 visit.

          -  Used antihistamines, selective leukotriene receptor antagonists (eg, montelukast
             sodium, zafirlukast), or mast cell stabilizers (eg, cromolyn sodium or nedocromil
             sodium) within 4 weeks of the Day 1 visit.

          -  Used nonsteroidal anti-inflammatory medications within 2 weeks of the Day 1 visit.

          -  Currently using any medication that, in the opinion of the investigator, may affect
             the evaluation of the study product or place the subject at undue risk.

          -  Participated in a previous study of the same study product.

          -  Employee of the study center, contract research organization, or Stiefel who is
             involved in the study, or an immediate family member (eg, partner, offspring,
             parents, siblings or sibling's offspring) of an employee who is involved in the
             study.
      </textblock>
    </criteria>
    <gender>Both</gender>
    <minimum_age>18 Years</minimum_age>
    <maximum_age>65 Years</maximum_age>
    <healthy_volunteers>Accepts Healthy Volunteers</healthy_volunteers>
  </eligibility>
  <overall_official>
    <last_name>GSK Clinical Trials</last_name>
    <role>Study Director</role>
    <affiliation>GlaxoSmithKline</affiliation>
  </overall_official>
  <location>
    <facility>
      <name>HillTop Research Corporation</name>
      <address>
        <city>Scottsdale</city>
        <state>Arizona</state>
        <zip>85251</zip>
        <country>United States</country>
      </address>
    </facility>
  </location>
  <location_countries>
    <country>United States</country>
  </location_countries>
  <verification_date>April 2012</verification_date>
  <lastchanged_date>April 19, 2012</lastchanged_date>
  <firstreceived_date>April 27, 2010</firstreceived_date>
  <responsible_party>
    <responsible_party_type>Sponsor</responsible_party_type>
  </responsible_party>
  <keyword>Healthy Volunteer Subjects</keyword>
  <is_fda_regulated>No</is_fda_regulated>
  <has_expanded_access>No</has_expanded_access>
  <condition_browse>
    <!-- CAUTION:  The following MeSH terms are assigned with an imperfect algorithm  -->
    <mesh_term>Acne Vulgaris</mesh_term>
  </condition_browse>
  <intervention_browse>
    <!-- CAUTION:  The following MeSH terms are assigned with an imperfect algorithm  -->
    <mesh_term>Tazarotene</mesh_term>
  </intervention_browse>
  <!-- Results have not yet been posted for this study                                -->
</clinical_study>
