<?xml version="1.0" encoding="UTF-8"?>
<clinical_study rank="384">
  <!-- This xml conforms to an XML Schema at:
    https://clinicaltrials.gov/ct2/html/images/info/public.xsd
 and an XML DTD at:
    https://clinicaltrials.gov/ct2/html/images/info/public.dtd -->
  <required_header>
    <download_date>ClinicalTrials.gov processed this data on July 08, 2015</download_date>
    <link_text>Link to the current ClinicalTrials.gov record.</link_text>
    <url>https://clinicaltrials.gov/show/NCT00249782</url>
  </required_header>
  <id_info>
    <org_study_id>ACZ ROS 01</org_study_id>
    <nct_id>NCT00249782</nct_id>
  </id_info>
  <brief_title>A Phase II, Randomized Study of ACZONE™ (Dapsone) Gel, 5% for Papulopustular Rosacea.</brief_title>
  <official_title>A Phase II, Randomized, Partial-Blind, Parallel-Group, Active- and Vehicle-Controlled, Multicenter Study of the Safety and Efficacy of ACZONE™ (Dapsone) Gel, 5% in Subjects With Papulopustular Rosacea</official_title>
  <sponsors>
    <lead_sponsor>
      <agency>Allergan</agency>
      <agency_class>Industry</agency_class>
    </lead_sponsor>
  </sponsors>
  <source>Allergan</source>
  <oversight_info>
    <authority>United States: Food and Drug Administration</authority>
  </oversight_info>
  <brief_summary>
    <textblock>
      The purpose of this study is to evaluate the safety and effectiveness of ACZONE™ gel
      compared to placebo (inactive substance), MetroGel® and a combination of ACZONE™ gel and
      MetroGel® for the treatment of rosacea.

      ACZONE™ gel, 5% is a topical (applied to the skin) medication that is approved by the United
      States Food and Drug Administration (FDA) for the treatment of acne vulgaris in people 12
      years and older.  The use of ACZONE™ for the treatment of rosacea is investigational.  An
      investigational use is one that is not approved by the FDA.

      Subjects will apply the study treatment for 12 weeks.  Efficacy assessments will be
      performed at baseline and Weeks 2, 4, 8, and 12.  Laboratory assessments will be conducted
      at baseline and Week, 2, 4 and 12.
    </textblock>
  </brief_summary>
  <detailed_description>
    <textblock>
      Study Objective:

      •To evaluate the safety and preliminary efficacy of ACZONE in subjects with papulopustular
      rosacea

      Study Population: Approximately 400 male and female subjects will be enrolled at 27 study
      centers in the United States.

      Study Treatment: Subjects will be randomized to 1 of 5 treatment regimens.  Subjects will
      receive study medication for 12 weeks.  Study participation is 13 weeks (5 clinic visits and
      1 telephone follow-up).
    </textblock>
  </detailed_description>
  <overall_status>Completed</overall_status>
  <start_date>November 2005</start_date>
  <completion_date type="Actual">May 2006</completion_date>
  <primary_completion_date type="Actual">May 2006</primary_completion_date>
  <phase>Phase 2</phase>
  <study_type>Interventional</study_type>
  <study_design>Allocation: Randomized, Endpoint Classification: Safety/Efficacy Study, Intervention Model: Parallel Assignment, Masking: Single Blind, Primary Purpose: Treatment</study_design>
  <primary_outcome>
    <measure>Efficacy: Percent change and change from baseline in inflammatory lesion counts;</measure>
  </primary_outcome>
  <primary_outcome>
    <measure>&quot;Success&quot; rate, defined as proportion of subjects with a score of 0 or 1 and at least a 2 point improvement from baseline on the IGA scale;</measure>
  </primary_outcome>
  <primary_outcome>
    <measure>Erythema &amp; telangiectasia scores;</measure>
  </primary_outcome>
  <primary_outcome>
    <measure>Lesion counts over time</measure>
  </primary_outcome>
  <secondary_outcome>
    <measure>Safety: Adverse events and concomitant medications; Local symptom scores; Hematology and chemistry laboratory parameters; Vital signs</measure>
  </secondary_outcome>
  <secondary_outcome>
    <measure>Other: Plasma dapsone concentrations</measure>
  </secondary_outcome>
  <enrollment type="Actual">400</enrollment>
  <condition>Rosacea</condition>
  <intervention>
    <intervention_type>Drug</intervention_type>
    <intervention_name>Vehicle control, 2x/day</intervention_name>
  </intervention>
  <intervention>
    <intervention_type>Drug</intervention_type>
    <intervention_name>ACZONE (dapsone) Gel, 5%, 2x/day</intervention_name>
  </intervention>
  <intervention>
    <intervention_type>Drug</intervention_type>
    <intervention_name>ACZONE (dapsone) Gel, 5%, 1x/day</intervention_name>
  </intervention>
  <intervention>
    <intervention_type>Drug</intervention_type>
    <intervention_name>MetroGel® (metronidazole  gel), 1.0% 1x/day</intervention_name>
  </intervention>
  <intervention>
    <intervention_type>Drug</intervention_type>
    <intervention_name>ACZONE (dapsone) Gel, 5%, 1x/day (AM) + MetroGel (metronidazole gel), 1.0%, 1x/day (PM)</intervention_name>
  </intervention>
  <eligibility>
    <criteria>
      <textblock>
        Inclusion Criteria:

        To be eligible for the study, subjects must fulfill all of the following criteria:

          1. Men or women ≥18 years of age.

          2. A diagnosis of papulopustular rosacea, with ≥10 inflammatory lesions (papules and/or
             pustules) above the mandibular line at baseline.

          3. An Investigator Global Assessment (IGA) score ≥2

          4. In good physical and mental health.

          5. Signature of an approved informed consent form for the study and HIPAA authorization
             (if applicable).

          6. Willingness to comply with the protocol.

        Exclusion Criteria:

        Subjects meeting any of the following criteria will be excluded from the study:

          1. A skin examination reveals the presence of another skin disease and/or condition
             (excessive facial hair, excessive scarring, sunburn, or other disfigurement) located
             on the face that would confound the evaluation of the rosacea condition.

          2. Current or past ocular rosacea, such as conjunctivitis, iritis, and keratitis, of
             sufficient severity to require topical or systemic antibiotics.

          3. Treatment with topical antibiotics, topical steroids and other topical rosacea
             treatments on the face within 14 days of Baseline and throughout the study.

          4. Treatment with systemic steroids within 30 days of Baseline and throughout the study.

          5. Treatment with any systemic antibiotics within 30 days of Baseline and throughout the
             study.

          6. Treatment with any systemic medication or therapy known to affect inflammatory
             responses within the 30 days prior to Baseline or throughout the study.

          7. Treatment with topical retinoids within 30 days or systemic retinoids within 180 days
             of Baseline and throughout the study.

          8. Treatment with physical modalities that could benefit rosacea are prohibited within
             30 days of Baseline and throughout the study.
      </textblock>
    </criteria>
    <gender>Both</gender>
    <minimum_age>18 Years</minimum_age>
    <maximum_age>N/A</maximum_age>
    <healthy_volunteers>No</healthy_volunteers>
  </eligibility>
  <overall_official>
    <last_name>Steven Garrett, MS, DDS</last_name>
    <role>Study Director</role>
    <affiliation>QLT USA, Inc.</affiliation>
  </overall_official>
  <location>
    <facility>
      <name>Radiant Research</name>
      <address>
        <city>Birmingham</city>
        <state>Alabama</state>
        <zip>35209</zip>
        <country>United States</country>
      </address>
    </facility>
  </location>
  <location>
    <facility>
      <name>Radiant Research</name>
      <address>
        <city>Tucson</city>
        <state>Arizona</state>
        <zip>85710</zip>
        <country>United States</country>
      </address>
    </facility>
  </location>
  <location>
    <facility>
      <name>East Bay Dermatology Medical Group, Inc.</name>
      <address>
        <city>Fremont</city>
        <state>California</state>
        <zip>94538</zip>
        <country>United States</country>
      </address>
    </facility>
  </location>
  <location>
    <facility>
      <name>Therapeutics Clinical Research</name>
      <address>
        <city>San Diego</city>
        <state>California</state>
        <zip>92123</zip>
        <country>United States</country>
      </address>
    </facility>
  </location>
  <location>
    <facility>
      <name>Clincial Research Specialists, Inc.</name>
      <address>
        <city>Santa Monica</city>
        <state>California</state>
        <zip>90404</zip>
        <country>United States</country>
      </address>
    </facility>
  </location>
  <location>
    <facility>
      <name>Cherry Creek Research, Inc</name>
      <address>
        <city>Denver</city>
        <state>Colorado</state>
        <zip>80246</zip>
        <country>United States</country>
      </address>
    </facility>
  </location>
  <location>
    <facility>
      <name>The Savin Center, PC</name>
      <address>
        <city>New Haven</city>
        <state>Connecticut</state>
        <zip>06511</zip>
        <country>United States</country>
      </address>
    </facility>
  </location>
  <location>
    <facility>
      <name>Visions Clinical Research</name>
      <address>
        <city>Boynton Beach</city>
        <state>Florida</state>
        <zip>33437</zip>
        <country>United States</country>
      </address>
    </facility>
  </location>
  <location>
    <facility>
      <name>Tampa Bay Medical Research</name>
      <address>
        <city>Clearwater</city>
        <state>Florida</state>
        <zip>33761</zip>
        <country>United States</country>
      </address>
    </facility>
  </location>
  <location>
    <facility>
      <name>FXM Research</name>
      <address>
        <city>Miami</city>
        <state>Florida</state>
        <zip>33175</zip>
        <country>United States</country>
      </address>
    </facility>
  </location>
  <location>
    <facility>
      <name>University Clinical Research, Inc.</name>
      <address>
        <city>Pembroke Pines</city>
        <state>Florida</state>
        <zip>33024</zip>
        <country>United States</country>
      </address>
    </facility>
  </location>
  <location>
    <facility>
      <name>MedaPhase, Inc.</name>
      <address>
        <city>Newnan</city>
        <state>Georgia</state>
        <zip>30263</zip>
        <country>United States</country>
      </address>
    </facility>
  </location>
  <location>
    <facility>
      <name>Welborn Clinic</name>
      <address>
        <city>Evansville</city>
        <state>Indiana</state>
        <zip>478713</zip>
        <country>United States</country>
      </address>
    </facility>
  </location>
  <location>
    <facility>
      <name>Dermatology Clinical Trials Unit Washington University</name>
      <address>
        <city>St. Louis</city>
        <state>Missouri</state>
        <zip>63110</zip>
        <country>United States</country>
      </address>
    </facility>
  </location>
  <location>
    <facility>
      <name>Skin Specialists, PC</name>
      <address>
        <city>Omaha</city>
        <state>Nebraska</state>
        <zip>68144</zip>
        <country>United States</country>
      </address>
    </facility>
  </location>
  <location>
    <facility>
      <name>Academic Dermatology Associates</name>
      <address>
        <city>Albuquerque</city>
        <state>New Mexico</state>
        <zip>87106</zip>
        <country>United States</country>
      </address>
    </facility>
  </location>
  <location>
    <facility>
      <name>Dermatology Consulting Services</name>
      <address>
        <city>High Point</city>
        <state>North Carolina</state>
        <zip>27262</zip>
        <country>United States</country>
      </address>
    </facility>
  </location>
  <location>
    <facility>
      <name>Dermatology Research Associates Inc.</name>
      <address>
        <city>Cincinnati</city>
        <state>Ohio</state>
        <zip>45230</zip>
        <country>United States</country>
      </address>
    </facility>
  </location>
  <location>
    <facility>
      <name>University Dermatology Consultants, Inc.</name>
      <address>
        <city>Cincinnati</city>
        <state>Ohio</state>
        <zip>45219</zip>
        <country>United States</country>
      </address>
    </facility>
  </location>
  <location>
    <facility>
      <name>Northwest Dermatology and Research Center</name>
      <address>
        <city>Portland</city>
        <state>Oregon</state>
        <zip>97210</zip>
        <country>United States</country>
      </address>
    </facility>
  </location>
  <location>
    <facility>
      <name>Oregon Medical Research Center</name>
      <address>
        <city>Portland</city>
        <state>Oregon</state>
        <zip>97223</zip>
        <country>United States</country>
      </address>
    </facility>
  </location>
  <location>
    <facility>
      <name>Paddington Testing Co., Inc.</name>
      <address>
        <city>Philadelphia</city>
        <state>Pennsylvania</state>
        <zip>19103</zip>
        <country>United States</country>
      </address>
    </facility>
  </location>
  <location>
    <facility>
      <name>Dermatology Research Association, Inc.</name>
      <address>
        <city>Nashville</city>
        <state>Tennessee</state>
        <zip>37203</zip>
        <country>United States</country>
      </address>
    </facility>
  </location>
  <location>
    <facility>
      <name>DermResearch, Inc.</name>
      <address>
        <city>Austin</city>
        <state>Texas</state>
        <zip>78759</zip>
        <country>United States</country>
      </address>
    </facility>
  </location>
  <location>
    <facility>
      <name>J&amp;S Studies Inc.</name>
      <address>
        <city>Bryan</city>
        <state>Texas</state>
        <zip>77802</zip>
        <country>United States</country>
      </address>
    </facility>
  </location>
  <location>
    <facility>
      <name>Madison Skin &amp; Research, Inc.</name>
      <address>
        <city>Madison</city>
        <state>Wisconsin</state>
        <zip>53719</zip>
        <country>United States</country>
      </address>
    </facility>
  </location>
  <location_countries>
    <country>United States</country>
  </location_countries>
  <verification_date>May 2011</verification_date>
  <lastchanged_date>May 27, 2011</lastchanged_date>
  <firstreceived_date>November 3, 2005</firstreceived_date>
  <keyword>rosacea, Papulopustular Rosacea,erythema, dapsone</keyword>
  <condition_browse>
    <!-- CAUTION:  The following MeSH terms are assigned with an imperfect algorithm  -->
    <mesh_term>Rosacea</mesh_term>
  </condition_browse>
  <intervention_browse>
    <!-- CAUTION:  The following MeSH terms are assigned with an imperfect algorithm  -->
    <mesh_term>Dapsone</mesh_term>
    <mesh_term>Metronidazole</mesh_term>
  </intervention_browse>
  <!-- Results have not yet been posted for this study                                -->
</clinical_study>
