<?xml version="1.0" encoding="UTF-8"?>
<clinical_study rank="142">
  <!-- This xml conforms to an XML Schema at:
    https://clinicaltrials.gov/ct2/html/images/info/public.xsd
 and an XML DTD at:
    https://clinicaltrials.gov/ct2/html/images/info/public.dtd -->
  <required_header>
    <download_date>ClinicalTrials.gov processed this data on July 08, 2015</download_date>
    <link_text>Link to the current ClinicalTrials.gov record.</link_text>
    <url>https://clinicaltrials.gov/show/NCT01492647</url>
  </required_header>
  <id_info>
    <org_study_id>CR018673</org_study_id>
    <secondary_id>10229570-JPN-02</secondary_id>
    <nct_id>NCT01492647</nct_id>
  </id_info>
  <brief_title>A Study of JNJ 10229570-AAA to Evaluate Safety and Tolerability in Japanese Participants With Acne Vulgaris</brief_title>
  <official_title>A Randomized, Double Blinded, Single Topical Dose Study of JNJ 10229570-AAA to Evaluate Safety and Tolerability in Japanese Subjects With Acne Vulgaris</official_title>
  <sponsors>
    <lead_sponsor>
      <agency>Janssen Pharmaceutical K.K.</agency>
      <agency_class>Industry</agency_class>
    </lead_sponsor>
  </sponsors>
  <source>Janssen Pharmaceutical K.K.</source>
  <oversight_info>
    <authority>Japan: Pharmaceuticals and Devices Agency</authority>
    <has_dmc>No</has_dmc>
  </oversight_info>
  <brief_summary>
    <textblock>
      The purpose of this study is to evaluate the safety and tolerability of JNJ 10229570-AAA
      after a single topical application of JNJ 10229570-AAA 1.2% and 3.6% cream in Japanese
      participants with acne.
    </textblock>
  </brief_summary>
  <detailed_description>
    <textblock>
      This is a randomized (drug assigned by chance like flipping a coin), double blinded (neither
      physician nor patient knows the name of the assigned drug), single dose ascending study of
      JNJ 10229570-AAA in Japanese participants with acne. The study will evaluate the safety and
      pharmacokinetics ([PK] how the drug is absorbed in the body, how it is distributed within
      the body and removed from the body over time) of M1 (active metabolite) in a total of
      eighteen (18) participants enrolled in the study, nine (9) in each group. Each participant
      will receive JNJ 10229570-AAA at 1.2%, 3.6% or vehicle in a cream formulation as a 2.5 mL
      application, to the face, neck, shoulders, chest and upper back areas. The investigational
      product will be washed off after the blood sampling at 24 hours after application. Safety
      and tolerability will be evaluated throughout the study and a topical dermatological
      assessment will be done by the dermatologists. The total duration of the study will be
      maximum 35 days.
    </textblock>
  </detailed_description>
  <overall_status>Completed</overall_status>
  <start_date>August 2011</start_date>
  <completion_date type="Actual">October 2011</completion_date>
  <primary_completion_date type="Actual">October 2011</primary_completion_date>
  <phase>Phase 1</phase>
  <study_type>Interventional</study_type>
  <study_design>Allocation: Randomized, Endpoint Classification: Safety Study, Intervention Model: Parallel Assignment, Masking: Double Blind (Subject, Outcomes Assessor), Primary Purpose: Treatment</study_design>
  <primary_outcome>
    <measure>Topical Dermatological Assessment (Scores on Scales)</measure>
    <time_frame>Days 1-7</time_frame>
    <safety_issue>No</safety_issue>
    <description>The Topical Dermatological Assessment is based on the 3 to 4-point Cutaneous Irritation Grading Scales that assess the level of Erythema, Dryness, Peeling/Scaling, Burning/Stinging, and Itching from 0 (no reaction) to 3 or 4 (strong reaction). In addition, the assessment observes and records any pigmentation change that may occur on the skin after the intervention.</description>
  </primary_outcome>
  <secondary_outcome>
    <measure>Plasma M1 concentrations</measure>
    <time_frame>12 time points up to 72 hours</time_frame>
    <safety_issue>No</safety_issue>
  </secondary_outcome>
  <secondary_outcome>
    <measure>PK parameters</measure>
    <time_frame>12 time points up to 72 hours</time_frame>
    <safety_issue>No</safety_issue>
    <description>PK parameters of JNJ-10229570-AAA, as measured by AUC, Cmax and tmax</description>
  </secondary_outcome>
  <number_of_arms>2</number_of_arms>
  <enrollment type="Actual">18</enrollment>
  <condition>Acne Vulgaris</condition>
  <arm_group>
    <arm_group_label>JNJ 10229570-AAA 1.2%</arm_group_label>
    <arm_group_type>Experimental</arm_group_type>
  </arm_group>
  <arm_group>
    <arm_group_label>JNJ 10229570-AAA 3.6%</arm_group_label>
    <arm_group_type>Experimental</arm_group_type>
  </arm_group>
  <intervention>
    <intervention_type>Drug</intervention_type>
    <intervention_name>JNJ 10229570-AAA 1.2%</intervention_name>
    <description>One single application of 2.5 mL of the cream will be applied to the face, neck, shoulders, chest and to the upper back areas.</description>
    <arm_group_label>JNJ 10229570-AAA 1.2%</arm_group_label>
  </intervention>
  <intervention>
    <intervention_type>Drug</intervention_type>
    <intervention_name>JNJ 10229570-AAA 3.6%</intervention_name>
    <description>One single application of 2.5 mL of the cream will be applied to the face, neck, shoulders, chest and to the upper back areas.</description>
    <arm_group_label>JNJ 10229570-AAA 3.6%</arm_group_label>
  </intervention>
  <intervention>
    <intervention_type>Drug</intervention_type>
    <intervention_name>Color-matched vehicle containing 0 mg of JNJ 10229570-AAA</intervention_name>
    <description>One single application of 2.5 mL of the color-matched vehicle will be applied to the face, neck, shoulders, chest and to the upper back areas.</description>
    <arm_group_label>JNJ 10229570-AAA 1.2%</arm_group_label>
    <arm_group_label>JNJ 10229570-AAA 3.6%</arm_group_label>
  </intervention>
  <eligibility>
    <criteria>
      <textblock>
        Inclusion Criteria:

          -  Have Acne vulgaris, presenting at least inflammatory lesion on the face

          -  Body mass index between 18.0 and 30.0 kg/m2 (inclusive), and body weight not less
             than 50 kg (man) or 45 kg (woman)

          -  Blood pressure between 90 and 140 mmHg systolic (inclusive), and no higher than 90
             mmHg diastolic

          -  Electrocardiogram (ECG) consistent with normal cardiac conduction and function

          -  Non-smoker

          -  Adequate contraception method for both men and women. If a woman, must have a
             negative pregnancy test

          -  Signed an informed consent document

        Exclusion Criteria:

          -  History of or current clinically significant medical illness that the investigator
             considers should exclude the participant or that could interfere with the
             interpretation of the study results

          -  Clinically significant abnormal values for hematology, biochemistry or urinalysis

          -  Clinically significant abnormal physical examination, vital signs or ECG - Use of any
             prescription or nonprescription medication within 14 days before the study treatment

          -  History of drug or alcohol abuse within the past 5 years

          -  Drug allergy or drug hypersensitivity

          -  Blood donation, depending on the volume of blood collection

          -  Positive test for human immunodeficiency virus (HIV), hepatitis B or C, or syphilis

          -  Dermatological disease at application site

          -  Photosensitivity

          -  Exposure to excessive or chronic ultraviolet (UV) radiation (i.e., sunbathing,
             tanning salon use, phototherapy) within 4 weeks prior to study treatment or planned
             during the study period
      </textblock>
    </criteria>
    <gender>Both</gender>
    <minimum_age>20 Years</minimum_age>
    <maximum_age>35 Years</maximum_age>
    <healthy_volunteers>No</healthy_volunteers>
  </eligibility>
  <overall_official>
    <last_name>Janssen Pharmaceutical K.K., Japan Clinical Trial</last_name>
    <role>Study Director</role>
    <affiliation>Janssen Pharmaceutical K.K.</affiliation>
  </overall_official>
  <location>
    <facility>
      <address>
        <city>Fukukoka</city>
        <country>Japan</country>
      </address>
    </facility>
  </location>
  <location>
    <facility>
      <address>
        <city>Hakata</city>
        <country>Japan</country>
      </address>
    </facility>
  </location>
  <location_countries>
    <country>Japan</country>
  </location_countries>
  <verification_date>February 2013</verification_date>
  <lastchanged_date>February 18, 2013</lastchanged_date>
  <firstreceived_date>December 13, 2011</firstreceived_date>
  <responsible_party>
    <responsible_party_type>Sponsor</responsible_party_type>
  </responsible_party>
  <keyword>Acne vulgaris</keyword>
  <keyword>JNJ 10229570-AAA</keyword>
  <keyword>Japanese patients</keyword>
  <keyword>Topical treatment</keyword>
  <is_fda_regulated>No</is_fda_regulated>
  <has_expanded_access>No</has_expanded_access>
  <condition_browse>
    <!-- CAUTION:  The following MeSH terms are assigned with an imperfect algorithm  -->
    <mesh_term>Acne Vulgaris</mesh_term>
  </condition_browse>
  <!-- Results have not yet been posted for this study                                -->
</clinical_study>
