<?xml version="1.0" encoding="UTF-8"?>
<clinical_study rank="282">
  <!-- This xml conforms to an XML Schema at:
    https://clinicaltrials.gov/ct2/html/images/info/public.xsd
 and an XML DTD at:
    https://clinicaltrials.gov/ct2/html/images/info/public.dtd -->
  <required_header>
    <download_date>ClinicalTrials.gov processed this data on July 08, 2015</download_date>
    <link_text>Link to the current ClinicalTrials.gov record.</link_text>
    <url>https://clinicaltrials.gov/show/NCT02396290</url>
  </required_header>
  <id_info>
    <org_study_id>2012-0998</org_study_id>
    <nct_id>NCT02396290</nct_id>
  </id_info>
  <brief_title>Clinical Effect of Platelet Rich Plasma Combined With Laser on Scar</brief_title>
  <official_title>Clinical Study on Efficacy and Safety of Platelet Rich Plasma Combined With Laser for Scar Treatment</official_title>
  <sponsors>
    <lead_sponsor>
      <agency>Seoul National University Hospital</agency>
      <agency_class>Other</agency_class>
    </lead_sponsor>
  </sponsors>
  <source>Seoul National University Hospital</source>
  <oversight_info>
    <authority>Korea: Institutional Review Board</authority>
    <has_dmc>Yes</has_dmc>
  </oversight_info>
  <brief_summary>
    <textblock>
      Investigation of Clinical Effect of Platelet Rich Plasma Combined With Laser on Acne Scar
    </textblock>
  </brief_summary>
  <detailed_description>
    <textblock>
      Platelet Rich Plasma may relieve the adverse effect of laser treatment. and it can be
      expected to improve acne treatment result.
    </textblock>
  </detailed_description>
  <overall_status>Completed</overall_status>
  <start_date>March 2013</start_date>
  <completion_date type="Actual">September 2013</completion_date>
  <primary_completion_date type="Actual">September 2013</primary_completion_date>
  <phase>N/A</phase>
  <study_type>Interventional</study_type>
  <study_design>Allocation: Randomized, Endpoint Classification: Efficacy Study, Intervention Model: Single Group Assignment, Masking: Double Blind (Subject, Outcomes Assessor), Primary Purpose: Treatment</study_design>
  <primary_outcome>
    <measure>Global assessment of acne scar</measure>
    <time_frame>12 weeks</time_frame>
    <safety_issue>No</safety_issue>
    <description>5-point grading of acne scar</description>
  </primary_outcome>
  <secondary_outcome>
    <measure>ECCA (échelle d'évaluation clinique des cicatrices d'acné)</measure>
    <time_frame>12 weeks</time_frame>
    <safety_issue>No</safety_issue>
    <description>quantitative analysis of acne scar</description>
  </secondary_outcome>
  <secondary_outcome>
    <measure>adverse effect assessment</measure>
    <time_frame>12 weeks</time_frame>
    <safety_issue>Yes</safety_issue>
    <description>adverse effect assessment - erythema index, Epithelization Scale (0-12 point)</description>
  </secondary_outcome>
  <number_of_arms>2</number_of_arms>
  <enrollment type="Actual">29</enrollment>
  <condition>Acne Scar</condition>
  <arm_group>
    <arm_group_label>fractional CO2 laser with PRP</arm_group_label>
    <arm_group_type>Experimental</arm_group_type>
    <description>fractional carbon dioxide laser followed by intradermal injection of platelet rich plasma</description>
  </arm_group>
  <arm_group>
    <arm_group_label>fractional CO2 laser with NS</arm_group_label>
    <arm_group_type>Active Comparator</arm_group_type>
    <description>fractional carbon dioxide laser followed by intradermal injection of NS</description>
  </arm_group>
  <intervention>
    <intervention_type>Procedure</intervention_type>
    <intervention_name>fractional carbon dioxide laser with platelet rich plasma</intervention_name>
    <description>fractional carbon dioxide laser followed by platelet rich plasma injection</description>
    <arm_group_label>fractional CO2 laser with PRP</arm_group_label>
    <other_name>COFRAX with autologous PRP</other_name>
  </intervention>
  <intervention>
    <intervention_type>Procedure</intervention_type>
    <intervention_name>fractional carbon dioxide laser with NS</intervention_name>
    <description>fractional carbon dioxide laser followed by normal saline injection</description>
    <arm_group_label>fractional CO2 laser with NS</arm_group_label>
    <other_name>COFRAX with normal saline</other_name>
  </intervention>
  <eligibility>
    <criteria>
      <textblock>
        Inclusion Criteria:

          -  moderate to severe acne scar

        Exclusion Criteria:

          -  taken procedures for acne scar within 6 months

          -  underlying diabetes mellitus, keloid, or malignancy
      </textblock>
    </criteria>
    <gender>Both</gender>
    <minimum_age>19 Years</minimum_age>
    <maximum_age>40 Years</maximum_age>
    <healthy_volunteers>Accepts Healthy Volunteers</healthy_volunteers>
  </eligibility>
  <overall_official>
    <last_name>Dae Hun Suh, PhD</last_name>
    <role>Study Chair</role>
    <affiliation>Department of Dermatology, Seoul National University College of Medicine</affiliation>
  </overall_official>
  <overall_official>
    <last_name>Seonguk Min, Msc</last_name>
    <role>Principal Investigator</role>
    <affiliation>Department of Dermatology, Seoul National University College of Medicine</affiliation>
  </overall_official>
  <location>
    <facility>
      <name>Department of Dermatology, Seoul National University College of Medicine</name>
      <address>
        <city>Seoul</city>
        <zip>110-744</zip>
        <country>Korea, Republic of</country>
      </address>
    </facility>
  </location>
  <location_countries>
    <country>Korea, Republic of</country>
  </location_countries>
  <reference>
    <citation>Tierney EP, Eisen RF, Hanke CW. Fractionated CO2 laser skin rejuvenation. Dermatol Ther. 2011 Jan-Feb;24(1):41-53. doi: 10.1111/j.1529-8019.2010.01377.x. Review.</citation>
    <PMID>21276157</PMID>
  </reference>
  <verification_date>July 2013</verification_date>
  <lastchanged_date>March 17, 2015</lastchanged_date>
  <firstreceived_date>March 9, 2015</firstreceived_date>
  <responsible_party>
    <responsible_party_type>Sponsor</responsible_party_type>
  </responsible_party>
  <keyword>acne scar</keyword>
  <keyword>fractional carbon dioxide laser</keyword>
  <keyword>platelet rich plasma</keyword>
  <is_fda_regulated>No</is_fda_regulated>
  <has_expanded_access>No</has_expanded_access>
  <!-- Results have not yet been posted for this study                                -->
</clinical_study>
