<?xml version="1.0" encoding="UTF-8"?>
<clinical_study rank="327">
  <!-- This xml conforms to an XML Schema at:
    https://clinicaltrials.gov/ct2/html/images/info/public.xsd
 and an XML DTD at:
    https://clinicaltrials.gov/ct2/html/images/info/public.dtd -->
  <required_header>
    <download_date>ClinicalTrials.gov processed this data on July 08, 2015</download_date>
    <link_text>Link to the current ClinicalTrials.gov record.</link_text>
    <url>https://clinicaltrials.gov/show/NCT02192632</url>
  </required_header>
  <id_info>
    <org_study_id>ADP-BPO</org_study_id>
    <secondary_id>1402-051-555</secondary_id>
    <nct_id>NCT02192632</nct_id>
  </id_info>
  <brief_title>Dermatologists' Educational Demonstration for Epiduo Application</brief_title>
  <sponsors>
    <lead_sponsor>
      <agency>Seoul National University Hospital</agency>
      <agency_class>Other</agency_class>
    </lead_sponsor>
  </sponsors>
  <source>Seoul National University Hospital</source>
  <oversight_info>
    <authority>Korea: Food and Drug Administration</authority>
  </oversight_info>
  <brief_summary>
    <textblock>
      The purpose of this study is to evaluate the efficacy and tolerability of this combination
      gel compared with BPO monotherapy in Korean patients, and test clinical practicability of
      dermatologists' educational demonstration for how to apply this gel in reducing
      uncomfortable irritations.
    </textblock>
  </brief_summary>
  <overall_status>Completed</overall_status>
  <start_date>January 2014</start_date>
  <completion_date type="Actual">February 2015</completion_date>
  <primary_completion_date type="Actual">February 2015</primary_completion_date>
  <phase>N/A</phase>
  <study_type>Interventional</study_type>
  <study_design>Allocation: Randomized, Endpoint Classification: Safety/Efficacy Study, Intervention Model: Parallel Assignment, Masking: Single Blind (Investigator), Primary Purpose: Treatment</study_design>
  <primary_outcome>
    <measure>Percentile reduction of non-inflammatory &amp; inflammatory acne lesions</measure>
    <time_frame>12 weeks</time_frame>
    <safety_issue>Yes</safety_issue>
    <description>Measurement of decreases in both non-inflammatory &amp; inflammatory acne lesions</description>
  </primary_outcome>
  <secondary_outcome>
    <measure>Total number of local irriation effect counts (erythema, scaling, dryness, itching)</measure>
    <time_frame>12 week</time_frame>
    <safety_issue>Yes</safety_issue>
    <description>Calcuation of total number of local irriation effect counts (erythema, scaling, dryness, itching)</description>
  </secondary_outcome>
  <number_of_arms>3</number_of_arms>
  <enrollment type="Actual">85</enrollment>
  <condition>Facial Acne</condition>
  <condition>Local Adverse Effects</condition>
  <arm_group>
    <arm_group_label>Epiduo- dermatologist's detailed instruction</arm_group_label>
    <arm_group_type>Experimental</arm_group_type>
    <description>After randomly assigned to side of epiduo application, half of total patients were also re-assigned into detailed instruction for application of epiduo from dermatologist</description>
  </arm_group>
  <arm_group>
    <arm_group_label>Epiduo- drug insert only gruop</arm_group_label>
    <arm_group_type>Experimental</arm_group_type>
    <description>After randomly assigned to side of epiduo application, half of total patients were also re-assigned into drug insert only group</description>
  </arm_group>
  <arm_group>
    <arm_group_label>BPO group</arm_group_label>
    <arm_group_type>Placebo Comparator</arm_group_type>
    <description>After randomly assigned to side of BPO application, patients apply BPO during 12 week</description>
  </arm_group>
  <intervention>
    <intervention_type>Drug</intervention_type>
    <intervention_name>Epiduo once daily with detailed instruction for how to apply it</intervention_name>
    <arm_group_label>Epiduo- dermatologist's detailed instruction</arm_group_label>
  </intervention>
  <intervention>
    <intervention_type>Drug</intervention_type>
    <intervention_name>Epiduo- once daily, simple instruction for application</intervention_name>
    <arm_group_label>Epiduo- drug insert only gruop</arm_group_label>
  </intervention>
  <intervention>
    <intervention_type>Drug</intervention_type>
    <intervention_name>BPO once daily</intervention_name>
    <arm_group_label>BPO group</arm_group_label>
  </intervention>
  <eligibility>
    <criteria>
      <textblock>
        Inclusion Criteria:

          -  mild to moderate acne were evaluated by Leeds revised acne grade from 2 to 6

          -  age: 18-40

        Exclusion Criteria:

          -  pregnancy

          -  mental illness

          -  intake of oral isotretinoin within 6 months

          -  application of the other oral or topical acne medications

          -  chemical peeling or light based treatments within 6 weeks.
      </textblock>
    </criteria>
    <gender>Both</gender>
    <minimum_age>18 Years</minimum_age>
    <maximum_age>40 Years</maximum_age>
    <healthy_volunteers>No</healthy_volunteers>
  </eligibility>
  <location>
    <facility>
      <name>Dermatology, Seoul National University</name>
      <address>
        <city>Seoul</city>
        <state>Joungro</state>
        <zip>110-744</zip>
        <country>Korea, Republic of</country>
      </address>
    </facility>
  </location>
  <location_countries>
    <country>Korea, Republic of</country>
  </location_countries>
  <verification_date>March 2015</verification_date>
  <lastchanged_date>March 10, 2015</lastchanged_date>
  <firstreceived_date>July 14, 2014</firstreceived_date>
  <responsible_party>
    <responsible_party_type>Principal Investigator</responsible_party_type>
    <investigator_affiliation>Seoul National University Hospital</investigator_affiliation>
    <investigator_full_name>Dae Hun Suh</investigator_full_name>
    <investigator_title>Professor</investigator_title>
  </responsible_party>
  <is_fda_regulated>No</is_fda_regulated>
  <has_expanded_access>No</has_expanded_access>
  <!-- Results have not yet been posted for this study                                -->
</clinical_study>
