<?xml version="1.0" encoding="UTF-8"?>
<clinical_study rank="349">
  <!-- This xml conforms to an XML Schema at:
    https://clinicaltrials.gov/ct2/html/images/info/public.xsd
 and an XML DTD at:
    https://clinicaltrials.gov/ct2/html/images/info/public.dtd -->
  <required_header>
    <download_date>ClinicalTrials.gov processed this data on July 08, 2015</download_date>
    <link_text>Link to the current ClinicalTrials.gov record.</link_text>
    <url>https://clinicaltrials.gov/show/NCT01115634</url>
  </required_header>
  <id_info>
    <org_study_id>Royan-skin-002</org_study_id>
    <nct_id>NCT01115634</nct_id>
  </id_info>
  <brief_title>Autologous Fibroblast Transplantation in Facial Deformities</brief_title>
  <official_title>Autologous Transplantation of Cultured Fibroblast for Facial Contour Deformities</official_title>
  <sponsors>
    <lead_sponsor>
      <agency>Royan Institute</agency>
      <agency_class>Other</agency_class>
    </lead_sponsor>
  </sponsors>
  <source>Royan Institute</source>
  <oversight_info>
    <authority>Iran: Ethics Committee</authority>
    <authority>Iran: Ministry of Health</authority>
    <has_dmc>Yes</has_dmc>
  </oversight_info>
  <brief_summary>
    <textblock>
      Beautiful skin requires maintenance of proper care. Skin exercise, protections from direct
      sunlight or harsh wind, and maintaining a healthy diet are some of the ways of having a good
      and radiant skin.  However despite all the care taken passage of time will bring about
      conditions that will automatically lead to skin aging, which may require certain
      therapeutic, care. Fibroblasts are cells that synthesize the extracellular matrix and
      collagen and play a critical role in wound healing and maintenance of healthy skin. Loosing
      of fibroblast cell is the main problem in aging and wrinkles and non-healed skin wounds.
      Therefore proliferation of skin fibroblast along with differentiation of stem cells in the
      skin tissue is the best method for healing.
    </textblock>
  </brief_summary>
  <detailed_description>
    <textblock>
      Autologous cultured fibroblast is derived from in vitro expansion of fibroblasts harvested
      from the patient's normal skin. Biopsies from behind a patient's ear are the source of
      fibroblasts, which are isolated, expanded through cell culture, and used for the correction
      of facial contour deformities such as nasolabial folds, glabellar crease, deep wrinkles of
      the forehead, and acne scars. Prior to final packaging, cell viability is assessed to be at
      least 85%.

      Each single use container of autologous cultured fibroblasts has approximately 20 million
      cells aseptically processed and suspended in 1 mL of sterile, buffered Dulbecco's Modified
      Eagles Medium (DMEM). Both the biopsy transport media and the cell culture media contain
      gentamicin. Residual quantities of gentamicin up to 5 µg/mL may be present in the Cell
      product
    </textblock>
  </detailed_description>
  <overall_status>Completed</overall_status>
  <start_date>September 2008</start_date>
  <completion_date type="Actual">November 2010</completion_date>
  <primary_completion_date type="Actual">September 2010</primary_completion_date>
  <phase>Phase 2/Phase 3</phase>
  <study_type>Interventional</study_type>
  <study_design>Allocation: Randomized, Endpoint Classification: Safety/Efficacy Study, Intervention Model: Parallel Assignment, Masking: Double Blind (Subject, Caregiver, Investigator), Primary Purpose: Treatment</study_design>
  <primary_outcome>
    <measure>2-point shift in at least one treated area using a standardized 7-point photoguide</measure>
    <time_frame>6 months</time_frame>
    <safety_issue>Yes</safety_issue>
  </primary_outcome>
  <number_of_arms>3</number_of_arms>
  <enrollment type="Actual">40</enrollment>
  <condition>Nasolabial Folds</condition>
  <condition>Glabellar Crease</condition>
  <condition>Deep Wrinkles of the Forehead</condition>
  <condition>Acne Scars</condition>
  <arm_group>
    <arm_group_label>Fibroblast</arm_group_label>
    <arm_group_type>Experimental</arm_group_type>
    <description>Injection of autologous cultured fibroblast</description>
  </arm_group>
  <arm_group>
    <arm_group_label>Fibroblast and gel</arm_group_label>
    <arm_group_type>Experimental</arm_group_type>
    <description>Injection of autologous cultured fibroblast and filler</description>
  </arm_group>
  <arm_group>
    <arm_group_label>Plasebo</arm_group_label>
    <arm_group_type>Placebo Comparator</arm_group_type>
    <description>Injection of filler alone</description>
  </arm_group>
  <intervention>
    <intervention_type>Biological</intervention_type>
    <intervention_name>Fibroblast</intervention_name>
    <description>20 million cell in three injection</description>
    <arm_group_label>Fibroblast</arm_group_label>
    <other_name>cell alone</other_name>
  </intervention>
  <intervention>
    <intervention_type>Biological</intervention_type>
    <intervention_name>fibroblast and gel</intervention_name>
    <description>20 million cell in three injection plus filler</description>
    <arm_group_label>Fibroblast and gel</arm_group_label>
    <other_name>cell and gel</other_name>
  </intervention>
  <intervention>
    <intervention_type>Biological</intervention_type>
    <intervention_name>Placebo</intervention_name>
    <description>Injection of filler and cell carrier media</description>
    <arm_group_label>Plasebo</arm_group_label>
    <other_name>Control</other_name>
  </intervention>
  <eligibility>
    <criteria>
      <textblock>
        Inclusion Criteria:

          -  Available and willing to attend all follow-up visits.

          -  Age &gt; 18 years.

          -  Able and willing to give informed consent.

        Exclusion Criteria:

          -  Known allergy or sensitivity to collagen fillers

          -  The subject has received a soft tissue augmentation to the area to be treated within
             the last 6 months.

          -  Subject is unwilling to forgo any cosmetic augmentation procedures for the duration
             of the study.

          -  The subject has received autologous fat transfer in the last 6 months.

          -  Subject is suffering from facial Kaposi's sarcoma.

          -  The subject has active skin diseases or inflammation on or near the area of injection

          -  positive HIV, HBV, HCV
      </textblock>
    </criteria>
    <gender>Both</gender>
    <minimum_age>18 Years</minimum_age>
    <maximum_age>50 Years</maximum_age>
    <healthy_volunteers>No</healthy_volunteers>
  </eligibility>
  <overall_official>
    <last_name>Saeed Shafiyan, MD</last_name>
    <role>Principal Investigator</role>
    <affiliation>Royan Institute</affiliation>
  </overall_official>
  <overall_official>
    <last_name>Nasser Aghdami, MD., PhD</last_name>
    <role>Study Director</role>
    <affiliation>Royan Institute</affiliation>
  </overall_official>
  <location>
    <facility>
      <name>Royan Institute</name>
      <address>
        <city>Tehran</city>
        <country>Iran, Islamic Republic of</country>
      </address>
    </facility>
  </location>
  <location_countries>
    <country>Iran, Islamic Republic of</country>
  </location_countries>
  <link>
    <url>http://www.royaninstitute.org</url>
  </link>
  <link>
    <url>http://www.rctc.ir</url>
    <description>The Royan cell therapy center site for education</description>
  </link>
  <verification_date>May 2010</verification_date>
  <lastchanged_date>July 14, 2011</lastchanged_date>
  <firstreceived_date>May 1, 2010</firstreceived_date>
  <responsible_party>
    <name_title>Hamid Gourabi</name_title>
    <organization>Royan institute</organization>
  </responsible_party>
  <keyword>Fibroblast</keyword>
  <keyword>Cell transplantation</keyword>
  <keyword>Facial deformities</keyword>
  <is_fda_regulated>No</is_fda_regulated>
  <has_expanded_access>No</has_expanded_access>
  <!-- Results have not yet been posted for this study                                -->
</clinical_study>
