<?xml version="1.0" encoding="UTF-8"?>
<clinical_study rank="340">
  <!-- This xml conforms to an XML Schema at:
    https://clinicaltrials.gov/ct2/html/images/info/public.xsd
 and an XML DTD at:
    https://clinicaltrials.gov/ct2/html/images/info/public.dtd -->
  <required_header>
    <download_date>ClinicalTrials.gov processed this data on July 08, 2015</download_date>
    <link_text>Link to the current ClinicalTrials.gov record.</link_text>
    <url>https://clinicaltrials.gov/show/NCT01511822</url>
  </required_header>
  <id_info>
    <org_study_id>Dros_Myo2012</org_study_id>
    <nct_id>NCT01511822</nct_id>
  </id_info>
  <brief_title>Clinical, Metabolic and Endocrine Effects of the Treatment With Drospirenone and Ethinyl Estradiol Alone or in Combination With Myo-inositol in Young Women With Polycystic Ovary Syndrome (PCOS) and Insulin Resistance</brief_title>
  <sponsors>
    <lead_sponsor>
      <agency>AGUNCO Obstetrics and Gynecology Centre</agency>
      <agency_class>Other</agency_class>
    </lead_sponsor>
  </sponsors>
  <source>AGUNCO Obstetrics and Gynecology Centre</source>
  <oversight_info>
    <authority>Italy: Ministry of Health</authority>
  </oversight_info>
  <brief_summary>
    <textblock>
      Polycystic ovary syndrome (PCOS) is a heterogeneous syndrome with a variety of metabolic and
      endocrine abnormalities and clinical symptoms.

      The primary defect in PCOS consists of an abnormal androgen synthesis and secretion,
      particularly by ovarian theca cells. Insulin resistance and obesity may act as triggers,
      explaining the frequent association of PCOS with these metabolic conditions.
      Hyperinsulinaemia, which results from insulin resistance, stimulates both ovarian and
      adrenal androgen secretion and suppresses sex hormone-binding globulin synthesis from the
      liver. It results in an increase in free, biologically active androgens which are related to
      clinical signs such as hirsutism, acne, seborrhea, and alopecia.

      Combined oral contraceptive (COC) therapy is a common treatment for PCOS and it was widely
      used in this group of patients providing clinical improvement in the areas of excessive hair
      growth, unpredictable menses, acne, and weight gain.

      More recent studies outlined a deficiency in myo-inositol in women with PCOS and
      insulin-resistance. Myo-inositol is a precursor for many inositol-containing compounds and
      it plays critical and diverse roles in signal transduction, membrane biogenesis, vesicle
      trafficking, and chromatin remodeling. It is a precursor in the synthesis of
      phosphatidylinositol polyphosphates (PIPs) that are a source of several second messengers.

      It has been reported that the administration of myo-inositol reduces serum insulin,
      decreases serum testosterone and enhances ovulation.

      Due to the different beneficial actions, the aim of the present study is to evaluate the
      clinical, metabolic and endocrine effects of treatment with COC (drospirenone and ethinyl
      estradiol)alone or in combination with myo-inositol, in young women with PCOS and insulin
      resistance.
    </textblock>
  </brief_summary>
  <overall_status>Completed</overall_status>
  <phase>Phase 4</phase>
  <study_type>Interventional</study_type>
  <study_design>N/A</study_design>
  <primary_outcome>
    <measure>Score acne (acne grading system by Cook et al)</measure>
  </primary_outcome>
  <primary_outcome>
    <measure>Score hirsutism (Ferriman-Gallwey classification)</measure>
  </primary_outcome>
  <primary_outcome>
    <measure>Measurement of sex hormones in serum</measure>
  </primary_outcome>
  <primary_outcome>
    <measure>Oral glucose tolerance test (OGTT)</measure>
  </primary_outcome>
  <primary_outcome>
    <measure>Measurement of blood glucose and insulin levels</measure>
  </primary_outcome>
  <primary_outcome>
    <measure>BMI</measure>
  </primary_outcome>
  <secondary_outcome>
    <measure>Number of patients with adverse effects</measure>
  </secondary_outcome>
  <number_of_arms>3</number_of_arms>
  <condition>PCOS</condition>
  <condition>Polycystic Ovary Syndrome</condition>
  <arm_group>
    <arm_group_label>Drospirenone + Ethinyl estradiol</arm_group_label>
    <arm_group_type>Active Comparator</arm_group_type>
  </arm_group>
  <arm_group>
    <arm_group_label>Drospirenone + Ethinyl estradiol + Myo-inositol</arm_group_label>
    <arm_group_type>Experimental</arm_group_type>
  </arm_group>
  <arm_group>
    <arm_group_label>Placebo</arm_group_label>
    <arm_group_type>Placebo Comparator</arm_group_type>
  </arm_group>
  <intervention>
    <intervention_type>Drug</intervention_type>
    <intervention_name>Drospirenone  Ethinyl estradiol</intervention_name>
    <description>Drospirenone 3mg/die Ethinyl estradiol 30 mg/die (21 days/month for 6 months)</description>
    <arm_group_label>Drospirenone + Ethinyl estradiol</arm_group_label>
  </intervention>
  <intervention>
    <intervention_type>Drug</intervention_type>
    <intervention_name>Drospirenone  Ethinyl estradiol  Myo-inositol</intervention_name>
    <description>Drospirenone 3mg/die Ethinyl estradiol 30 mg/die (21 days/months for 6 months) + Myo-inositol 6g /die for 6 months</description>
    <arm_group_label>Drospirenone + Ethinyl estradiol + Myo-inositol</arm_group_label>
  </intervention>
  <intervention>
    <intervention_type>Drug</intervention_type>
    <intervention_name>placebo</intervention_name>
    <arm_group_label>Placebo</arm_group_label>
  </intervention>
  <eligibility>
    <criteria>
      <textblock>
        Inclusion Criteria:

          -  Women fulfilled two out of three diagnostic criteria for PCOS, according to the 2003
             Rotterdam Consensus conference

          -  Women with PCOS, insulin resistance, acne, hirsutism and seborrhea

        Exclusion Criteria:

          -  Women with pre-existing secondary endocrine disorders

          -  Women wishing to conceive during the next 12 months

          -  Women with contradictions to oral contraceptive use

          -  Women with personal history of hypertension, diabetes mellitus or cardiovascular
             disorders

          -  Women who received treatment with oral contraceptives, or other drugs for the
             previous 6 months before entering the study.
      </textblock>
    </criteria>
    <gender>Female</gender>
    <minimum_age>18 Years</minimum_age>
    <maximum_age>35 Years</maximum_age>
  </eligibility>
  <location>
    <facility>
      <name>Istituto di Patologia Ostetrica e Ginecologica</name>
      <address>
        <city>Catania</city>
        <country>Italy</country>
      </address>
    </facility>
  </location>
  <location_countries>
    <country>Italy</country>
  </location_countries>
  <reference>
    <citation>D'Anna R, Di Benedetto V, Rizzo P, Raffone E, Interdonato ML, Corrado F, Di Benedetto A. Myo-inositol may prevent gestational diabetes in PCOS women. Gynecol Endocrinol. 2012 Jun;28(6):440-2. doi: 10.3109/09513590.2011.633665. Epub 2011 Nov 28.</citation>
    <PMID>22122627</PMID>
  </reference>
  <reference>
    <citation>Minozzi M, Costantino D, Guaraldi C, Unfer V. The effect of a combination therapy with myo-inositol and a combined oral contraceptive pill versus a combined oral contraceptive pill alone on metabolic, endocrine, and clinical parameters in polycystic ovary syndrome. Gynecol Endocrinol. 2011 Nov;27(11):920-4. doi: 10.3109/09513590.2011.564685. Epub 2011 Mar 21.</citation>
    <PMID>21417594</PMID>
  </reference>
  <reference>
    <citation>Mathur R, Levin O, Azziz R. Use of ethinylestradiol/drospirenone combination in patients with the polycystic ovary syndrome. Ther Clin Risk Manag. 2008 Apr;4(2):487-92.</citation>
    <PMID>18728832</PMID>
  </reference>
  <verification_date>January 2012</verification_date>
  <lastchanged_date>January 18, 2012</lastchanged_date>
  <firstreceived_date>January 11, 2012</firstreceived_date>
  <responsible_party>
    <responsible_party_type>Sponsor</responsible_party_type>
  </responsible_party>
  <keyword>PCOS</keyword>
  <keyword>Insulin resistance</keyword>
  <keyword>Hyperandrogenism</keyword>
  <keyword>Myo-inositol</keyword>
  <has_expanded_access>No</has_expanded_access>
  <condition_browse>
    <!-- CAUTION:  The following MeSH terms are assigned with an imperfect algorithm  -->
    <mesh_term>Insulin Resistance</mesh_term>
    <mesh_term>Polycystic Ovary Syndrome</mesh_term>
  </condition_browse>
  <intervention_browse>
    <!-- CAUTION:  The following MeSH terms are assigned with an imperfect algorithm  -->
    <mesh_term>Drospirenone</mesh_term>
    <mesh_term>Drospirenone and ethinyl estradiol combination</mesh_term>
    <mesh_term>Estradiol</mesh_term>
    <mesh_term>Estradiol 17 beta-cypionate</mesh_term>
    <mesh_term>Estradiol 3-benzoate</mesh_term>
    <mesh_term>Estradiol valerate</mesh_term>
    <mesh_term>Ethinyl Estradiol</mesh_term>
    <mesh_term>Inositol</mesh_term>
    <mesh_term>Polyestradiol phosphate</mesh_term>
  </intervention_browse>
  <!-- Results have not yet been posted for this study                                -->
</clinical_study>
