<?xml version="1.0" encoding="UTF-8"?>
<clinical_study rank="352">
  <!-- This xml conforms to an XML Schema at:
    https://clinicaltrials.gov/ct2/html/images/info/public.xsd
 and an XML DTD at:
    https://clinicaltrials.gov/ct2/html/images/info/public.dtd -->
  <required_header>
    <download_date>ClinicalTrials.gov processed this data on July 08, 2015</download_date>
    <link_text>Link to the current ClinicalTrials.gov record.</link_text>
    <url>https://clinicaltrials.gov/show/NCT01635764</url>
  </required_header>
  <id_info>
    <org_study_id>M12-555</org_study_id>
    <secondary_id>2011-003478-98</secondary_id>
    <nct_id>NCT01635764</nct_id>
  </id_info>
  <brief_title>Open-label Study of the Safety and Efficacy of Adalimumab in the Treatment of Hidradenitis Suppurativa</brief_title>
  <acronym>PIONEER (OLE)</acronym>
  <official_title>A Phase 3, Open-Label Study of the Safety and Efficacy of Adalimumab in Subjects With Moderate to Severe Hidradenitis Suppurativa - PIONEER (Open-Label Extension)</official_title>
  <sponsors>
    <lead_sponsor>
      <agency>AbbVie (prior sponsor, Abbott)</agency>
      <agency_class>Industry</agency_class>
    </lead_sponsor>
  </sponsors>
  <source>AbbVie</source>
  <oversight_info>
    <authority>Canada: Health Canada</authority>
    <authority>United States: Food and Drug Administration</authority>
    <authority>Czech Republic: State Institute for Drug Control</authority>
    <authority>France: Afssaps - Agence française de sécurité sanitaire des produits de santé (Saint-Denis)</authority>
    <authority>Netherlands: The Central Committee on Research Involving Human Subjects (CCMO)</authority>
    <authority>Sweden: Medical Products Agency</authority>
    <authority>Turkey: Ministry of Health</authority>
    <authority>Germany: Paul-Ehrlich-Institut</authority>
    <authority>Hungary: National Institute of Pharmacy</authority>
    <authority>Australia: Department of Health and Ageing Therapeutic Goods Administration</authority>
    <authority>Denmark: Danish Medicines Agency</authority>
    <authority>Greece: National Organization of Medicines</authority>
    <authority>Switzerland: Swissmedic</authority>
    <has_dmc>No</has_dmc>
  </oversight_info>
  <brief_summary>
    <textblock>
      Hidradenitis Suppurativa is a painful, chronic skin disease characterized by recurrent
      inflamed nodules and abscesses, which may rupture to form fistulas and subsequent scarring.
      This Study is an open-label extension study available to subjects who participated in a
      prior adalimumab study who meet all the inclusion and none of the exclusion criteria. The
      purpose of this study to evaluate the long term safety, tolerability and efficacy of
      adalimumab in subjects with moderate to severe HS.
    </textblock>
  </brief_summary>
  <detailed_description>
    <textblock>
      The purpose of this study to evaluate the long term safety, tolerability and efficacy of
      adalimumab in subjects with moderate to severe HS.  The clinical trial identifier is PIONEER
      (OPEN-LABEL EXTENSION).
    </textblock>
  </detailed_description>
  <overall_status>Active, not recruiting</overall_status>
  <start_date>April 2012</start_date>
  <completion_date type="Anticipated">July 2015</completion_date>
  <primary_completion_date type="Anticipated">July 2015</primary_completion_date>
  <phase>Phase 3</phase>
  <study_type>Interventional</study_type>
  <study_design>Endpoint Classification: Safety/Efficacy Study, Intervention Model: Single Group Assignment, Masking: Open Label, Primary Purpose: Treatment</study_design>
  <primary_outcome>
    <measure>Proportion of subjects achieving clinical response</measure>
    <time_frame>Baseline (Week 0) up to Week 60</time_frame>
    <safety_issue>No</safety_issue>
    <description>Subjects achieving improvement in hidradenitis suppurativa severity</description>
  </primary_outcome>
  <number_of_arms>1</number_of_arms>
  <enrollment type="Anticipated">540</enrollment>
  <condition>Hidradenitis Suppurativa</condition>
  <arm_group>
    <arm_group_label>adalimumab</arm_group_label>
    <arm_group_type>Experimental</arm_group_type>
  </arm_group>
  <intervention>
    <intervention_type>Biological</intervention_type>
    <intervention_name>Adalimumab</intervention_name>
    <description>Prefilled syringe of adalimumab</description>
    <arm_group_label>adalimumab</arm_group_label>
    <other_name>Humira</other_name>
  </intervention>
  <eligibility>
    <criteria>
      <textblock>
        Inclusion Criteria:

          -  Subjects who previously participated in a prior Phase 3 Abbott HS study and:

               -  Completed the study; or

               -  Experienced a loss of response (LOR); or

               -  Experienced Worsening or Absence of Improvement

        Exclusion Criteria:

          -  Prior treatment with any other anti-TNF therapy (e.g., infliximab, etanercept), or
             participation in an adalimumab trial other than a prior Phase 3 Abbott HS study.

          -  Subject received any oral antibiotic treatment for HS within 28 days prior to the
             Baseline visit, except for antibiotics permitted in a prior Phase 3 Abbott HS study.

          -  Subject received oral concomitant analgesics (including opioids) for HS-related pain
             within 14 days prior to the Baseline visit, except for permitted analgesics taken in
             the prior Phase 3 Abbott HS study.
      </textblock>
    </criteria>
    <gender>Both</gender>
    <minimum_age>18 Years</minimum_age>
    <maximum_age>N/A</maximum_age>
    <healthy_volunteers>No</healthy_volunteers>
  </eligibility>
  <overall_official>
    <last_name>David  Williams, MD</last_name>
    <role>Study Chair</role>
    <affiliation>AbbVie</affiliation>
  </overall_official>
  <location>
    <facility>
      <name>Site Reference ID/Investigator# 95563</name>
      <address>
        <city>Birmingham</city>
        <state>Alabama</state>
        <zip>35205</zip>
        <country>United States</country>
      </address>
    </facility>
  </location>
  <location>
    <facility>
      <name>Site Reference ID/Investigator# 61423</name>
      <address>
        <city>Bakersfield</city>
        <state>California</state>
        <zip>93309</zip>
        <country>United States</country>
      </address>
    </facility>
  </location>
  <location>
    <facility>
      <name>Site Reference ID/Investigator# 66722</name>
      <address>
        <city>Mather</city>
        <state>California</state>
        <zip>95655</zip>
        <country>United States</country>
      </address>
    </facility>
  </location>
  <location>
    <facility>
      <name>Site Reference ID/Investigator# 61441</name>
      <address>
        <city>Colorado Springs</city>
        <state>Colorado</state>
        <zip>80915</zip>
        <country>United States</country>
      </address>
    </facility>
  </location>
  <location>
    <facility>
      <name>Site Reference ID/Investigator# 96223</name>
      <address>
        <city>Farmington</city>
        <state>Connecticut</state>
        <zip>06032</zip>
        <country>United States</country>
      </address>
    </facility>
  </location>
  <location>
    <facility>
      <name>Site Reference ID/Investigator# 61430</name>
      <address>
        <city>Coral Gables</city>
        <state>Florida</state>
        <zip>33134</zip>
        <country>United States</country>
      </address>
    </facility>
  </location>
  <location>
    <facility>
      <name>Site Reference ID/Investigator# 66729</name>
      <address>
        <city>Dunedin</city>
        <state>Florida</state>
        <zip>34698</zip>
        <country>United States</country>
      </address>
    </facility>
  </location>
  <location>
    <facility>
      <name>Site Reference ID/Investigator# 61428</name>
      <address>
        <city>Jacksonville</city>
        <state>Florida</state>
        <zip>32204</zip>
        <country>United States</country>
      </address>
    </facility>
  </location>
  <location>
    <facility>
      <name>Site Reference ID/Investigator# 61438</name>
      <address>
        <city>Orange Park</city>
        <state>Florida</state>
        <zip>32073-4120</zip>
        <country>United States</country>
      </address>
    </facility>
  </location>
  <location>
    <facility>
      <name>Site Reference ID/Investigator# 104935</name>
      <address>
        <city>Tampa</city>
        <state>Florida</state>
        <zip>33624</zip>
        <country>United States</country>
      </address>
    </facility>
  </location>
  <location>
    <facility>
      <name>Site Reference ID/Investigator# 61442</name>
      <address>
        <city>Atlanta</city>
        <state>Georgia</state>
        <zip>30342</zip>
        <country>United States</country>
      </address>
    </facility>
  </location>
  <location>
    <facility>
      <name>Site Reference ID/Investigator# 96216</name>
      <address>
        <city>Macon</city>
        <state>Georgia</state>
        <zip>31217</zip>
        <country>United States</country>
      </address>
    </facility>
  </location>
  <location>
    <facility>
      <name>Site Reference ID/Investigator# 58543</name>
      <address>
        <city>Newnan</city>
        <state>Georgia</state>
        <zip>30263</zip>
        <country>United States</country>
      </address>
    </facility>
  </location>
  <location>
    <facility>
      <name>Site Reference ID/Investigator# 66724</name>
      <address>
        <city>Champaign</city>
        <state>Illinois</state>
        <zip>61820</zip>
        <country>United States</country>
      </address>
    </facility>
  </location>
  <location>
    <facility>
      <name>Site Reference ID/Investigator# 96218</name>
      <address>
        <city>Chicago</city>
        <state>Illinois</state>
        <zip>60611</zip>
        <country>United States</country>
      </address>
    </facility>
  </location>
  <location>
    <facility>
      <name>Site Reference ID/Investigator# 61427</name>
      <address>
        <city>Boston</city>
        <state>Massachusetts</state>
        <zip>02111</zip>
        <country>United States</country>
      </address>
    </facility>
  </location>
  <location>
    <facility>
      <name>Site Reference ID/Investigator# 61431</name>
      <address>
        <city>Boston</city>
        <state>Massachusetts</state>
        <zip>02114</zip>
        <country>United States</country>
      </address>
    </facility>
  </location>
  <location>
    <facility>
      <name>Site Reference ID/Investigator# 93373</name>
      <address>
        <city>Fort Gratiot</city>
        <state>Michigan</state>
        <zip>48059</zip>
        <country>United States</country>
      </address>
    </facility>
  </location>
  <location>
    <facility>
      <name>Site Reference ID/Investigator# 61440</name>
      <address>
        <city>Grand Blanc</city>
        <state>Michigan</state>
        <zip>48439</zip>
        <country>United States</country>
      </address>
    </facility>
  </location>
  <location>
    <facility>
      <name>Site Reference ID/Investigator# 66726</name>
      <address>
        <city>Troy</city>
        <state>Michigan</state>
        <zip>48084</zip>
        <country>United States</country>
      </address>
    </facility>
  </location>
  <location>
    <facility>
      <name>Site Reference ID/Investigator# 66728</name>
      <address>
        <city>Omaha</city>
        <state>Nebraska</state>
        <zip>68144</zip>
        <country>United States</country>
      </address>
    </facility>
  </location>
  <location>
    <facility>
      <name>Site Reference ID/Investigator# 114718</name>
      <address>
        <city>Henderson</city>
        <state>Nevada</state>
        <zip>89074</zip>
        <country>United States</country>
      </address>
    </facility>
  </location>
  <location>
    <facility>
      <name>Site Reference ID/Investigator# 61436</name>
      <address>
        <city>Verona</city>
        <state>New Jersey</state>
        <zip>07044</zip>
        <country>United States</country>
      </address>
    </facility>
  </location>
  <location>
    <facility>
      <name>Site Reference ID/Investigator# 96217</name>
      <address>
        <city>Bronx</city>
        <state>New York</state>
        <zip>10467</zip>
        <country>United States</country>
      </address>
    </facility>
  </location>
  <location>
    <facility>
      <name>Site Reference ID/Investigator# 61434</name>
      <address>
        <city>Chapel Hill</city>
        <state>North Carolina</state>
        <zip>27516</zip>
        <country>United States</country>
      </address>
    </facility>
  </location>
  <location>
    <facility>
      <name>Site Reference ID/Investigator# 61433</name>
      <address>
        <city>Winston-Salem</city>
        <state>North Carolina</state>
        <zip>27103</zip>
        <country>United States</country>
      </address>
    </facility>
  </location>
  <location>
    <facility>
      <name>Site Reference ID/Investigator# 66725</name>
      <address>
        <city>Winston-Salem</city>
        <state>North Carolina</state>
        <zip>27157</zip>
        <country>United States</country>
      </address>
    </facility>
  </location>
  <location>
    <facility>
      <name>Site Reference ID/Investigator# 61432</name>
      <address>
        <city>Cleveland</city>
        <state>Ohio</state>
        <zip>44106</zip>
        <country>United States</country>
      </address>
    </facility>
  </location>
  <location>
    <facility>
      <name>Site Reference ID/Investigator# 61443</name>
      <address>
        <city>Gahanna</city>
        <state>Ohio</state>
        <zip>43230</zip>
        <country>United States</country>
      </address>
    </facility>
  </location>
  <location>
    <facility>
      <name>Site Reference ID/Investigator# 61422</name>
      <address>
        <city>Hershey</city>
        <state>Pennsylvania</state>
        <zip>17033</zip>
        <country>United States</country>
      </address>
    </facility>
  </location>
  <location>
    <facility>
      <name>Site Reference ID/Investigator# 61424</name>
      <address>
        <city>Pittsburgh</city>
        <state>Pennsylvania</state>
        <zip>15213</zip>
        <country>United States</country>
      </address>
    </facility>
  </location>
  <location>
    <facility>
      <name>Site Reference ID/Investigator# 61426</name>
      <address>
        <city>Nashville</city>
        <state>Tennessee</state>
        <zip>37215</zip>
        <country>United States</country>
      </address>
    </facility>
  </location>
  <location>
    <facility>
      <name>Site Reference ID/Investigator# 66723</name>
      <address>
        <city>San Antonio</city>
        <state>Texas</state>
        <zip>78229</zip>
        <country>United States</country>
      </address>
    </facility>
  </location>
  <location>
    <facility>
      <name>Site Reference ID/Investigator# 61437</name>
      <address>
        <city>Norfolk</city>
        <state>Virginia</state>
        <zip>23507</zip>
        <country>United States</country>
      </address>
    </facility>
  </location>
  <location>
    <facility>
      <name>Site Reference ID/Investigator# 111835</name>
      <address>
        <city>Seattle</city>
        <state>Washington</state>
        <zip>98101</zip>
        <country>United States</country>
      </address>
    </facility>
  </location>
  <location>
    <facility>
      <name>Site Reference ID/Investigator# 77946</name>
      <address>
        <city>Adelaide</city>
        <zip>5000</zip>
        <country>Australia</country>
      </address>
    </facility>
  </location>
  <location>
    <facility>
      <name>Site Reference ID/Investigator# 73539</name>
      <address>
        <city>Benowa</city>
        <zip>4217</zip>
        <country>Australia</country>
      </address>
    </facility>
  </location>
  <location>
    <facility>
      <name>Site Reference ID/Investigator# 73542</name>
      <address>
        <city>Brisbane</city>
        <zip>4102</zip>
        <country>Australia</country>
      </address>
    </facility>
  </location>
  <location>
    <facility>
      <name>Site Reference ID/Investigator# 73543</name>
      <address>
        <city>Brisbane</city>
        <zip>4102</zip>
        <country>Australia</country>
      </address>
    </facility>
  </location>
  <location>
    <facility>
      <name>Site Reference ID/Investigator# 73538</name>
      <address>
        <city>Carlton</city>
        <zip>3053</zip>
        <country>Australia</country>
      </address>
    </facility>
  </location>
  <location>
    <facility>
      <name>Site Reference ID/Investigator# 73540</name>
      <address>
        <city>Fremantle</city>
        <zip>6160</zip>
        <country>Australia</country>
      </address>
    </facility>
  </location>
  <location>
    <facility>
      <name>Site Reference ID/Investigator# 73541</name>
      <address>
        <city>Phillip</city>
        <zip>2606</zip>
        <country>Australia</country>
      </address>
    </facility>
  </location>
  <location>
    <facility>
      <name>Site Reference ID/Investigator# 73536</name>
      <address>
        <city>St. Leonards</city>
        <zip>2065</zip>
        <country>Australia</country>
      </address>
    </facility>
  </location>
  <location>
    <facility>
      <name>Site Reference ID/Investigator# 73537</name>
      <address>
        <city>Westmead</city>
        <zip>2145</zip>
        <country>Australia</country>
      </address>
    </facility>
  </location>
  <location>
    <facility>
      <name>Site Reference ID/Investigator# 66746</name>
      <address>
        <city>Barrie</city>
        <zip>L4M 6L2</zip>
        <country>Canada</country>
      </address>
    </facility>
  </location>
  <location>
    <facility>
      <name>Site Reference ID/Investigator# 66747</name>
      <address>
        <city>Halifax</city>
        <zip>B3H 1Z2</zip>
        <country>Canada</country>
      </address>
    </facility>
  </location>
  <location>
    <facility>
      <name>Site Reference ID/Investigator# 66748</name>
      <address>
        <city>Markham</city>
        <zip>L3P 1X2</zip>
        <country>Canada</country>
      </address>
    </facility>
  </location>
  <location>
    <facility>
      <name>Site Reference ID/Investigator# 66743</name>
      <address>
        <city>Moncton</city>
        <zip>E1C 8X3</zip>
        <country>Canada</country>
      </address>
    </facility>
  </location>
  <location>
    <facility>
      <name>Site Reference ID/Investigator# 114695</name>
      <address>
        <city>Peterborough</city>
        <zip>K9J 5K2</zip>
        <country>Canada</country>
      </address>
    </facility>
  </location>
  <location>
    <facility>
      <name>Site Reference ID/Investigator# 66750</name>
      <address>
        <city>Quebec City</city>
        <zip>G1V 4X7</zip>
        <country>Canada</country>
      </address>
    </facility>
  </location>
  <location>
    <facility>
      <name>Site Reference ID/Investigator# 66744</name>
      <address>
        <city>St. John's</city>
        <zip>A1C 2H5</zip>
        <country>Canada</country>
      </address>
    </facility>
  </location>
  <location>
    <facility>
      <name>Site Reference ID/Investigator# 96224</name>
      <address>
        <city>St. John's</city>
        <zip>A1A 5E8</zip>
        <country>Canada</country>
      </address>
    </facility>
  </location>
  <location>
    <facility>
      <name>Site Reference ID/Investigator# 66742</name>
      <address>
        <city>Surrey</city>
        <zip>V3V 0C6</zip>
        <country>Canada</country>
      </address>
    </facility>
  </location>
  <location>
    <facility>
      <name>Site Reference ID/Investigator# 66749</name>
      <address>
        <city>Waterloo</city>
        <zip>N2J 1C4</zip>
        <country>Canada</country>
      </address>
    </facility>
  </location>
  <location>
    <facility>
      <name>Site Reference ID/Investigator# 66745</name>
      <address>
        <city>Winnipeg</city>
        <zip>R3C 0N2</zip>
        <country>Canada</country>
      </address>
    </facility>
  </location>
  <location>
    <facility>
      <name>Site Reference ID/Investigator# 74335</name>
      <address>
        <city>Hradec Kralove</city>
        <zip>50005</zip>
        <country>Czech Republic</country>
      </address>
    </facility>
  </location>
  <location>
    <facility>
      <name>Site Reference ID/Investigator# 74334</name>
      <address>
        <city>Plzen-Bory</city>
        <zip>30599</zip>
        <country>Czech Republic</country>
      </address>
    </facility>
  </location>
  <location>
    <facility>
      <name>Site Reference ID/Investigator# 74333</name>
      <address>
        <city>Prague 10</city>
        <zip>10034</zip>
        <country>Czech Republic</country>
      </address>
    </facility>
  </location>
  <location>
    <facility>
      <name>Site Reference ID/Investigator# 74337</name>
      <address>
        <city>Prague 2</city>
        <zip>128 08</zip>
        <country>Czech Republic</country>
      </address>
    </facility>
  </location>
  <location>
    <facility>
      <name>Site Reference ID/Investigator# 74336</name>
      <address>
        <city>Usti nad Labem</city>
        <zip>40113</zip>
        <country>Czech Republic</country>
      </address>
    </facility>
  </location>
  <location>
    <facility>
      <name>Site Reference ID/Investigator# 73546</name>
      <address>
        <city>Aarhus C</city>
        <zip>8000</zip>
        <country>Denmark</country>
      </address>
    </facility>
  </location>
  <location>
    <facility>
      <name>Site Reference ID/Investigator# 73544</name>
      <address>
        <city>Copenhagen NV</city>
        <zip>2400</zip>
        <country>Denmark</country>
      </address>
    </facility>
  </location>
  <location>
    <facility>
      <name>Site Reference ID/Investigator# 73547</name>
      <address>
        <city>Hellerup</city>
        <zip>2900</zip>
        <country>Denmark</country>
      </address>
    </facility>
  </location>
  <location>
    <facility>
      <name>Site Reference ID/Investigator# 73545</name>
      <address>
        <city>Roskilde</city>
        <zip>4000</zip>
        <country>Denmark</country>
      </address>
    </facility>
  </location>
  <location>
    <facility>
      <name>Site Reference ID/Investigator# 73550</name>
      <address>
        <city>Nantes Cedex 1</city>
        <zip>44093</zip>
        <country>France</country>
      </address>
    </facility>
  </location>
  <location>
    <facility>
      <name>Site Reference ID/Investigator# 73548</name>
      <address>
        <city>Paris Cedex 10</city>
        <zip>75475</zip>
        <country>France</country>
      </address>
    </facility>
  </location>
  <location>
    <facility>
      <name>Site Reference ID/Investigator# 73549</name>
      <address>
        <city>Pessac</city>
        <zip>33604</zip>
        <country>France</country>
      </address>
    </facility>
  </location>
  <location>
    <facility>
      <name>Site Reference ID/Investigator# 73551</name>
      <address>
        <city>Poitiers Cedex</city>
        <zip>86021</zip>
        <country>France</country>
      </address>
    </facility>
  </location>
  <location>
    <facility>
      <name>Site Reference ID/Investigator# 76134</name>
      <address>
        <city>Reims Cedex</city>
        <zip>51090</zip>
        <country>France</country>
      </address>
    </facility>
  </location>
  <location>
    <facility>
      <name>Site Reference ID/Investigator# 74340</name>
      <address>
        <city>Berlin</city>
        <zip>10117</zip>
        <country>Germany</country>
      </address>
    </facility>
  </location>
  <location>
    <facility>
      <name>Site Reference ID/Investigator# 74338</name>
      <address>
        <city>Bochum</city>
        <zip>44791</zip>
        <country>Germany</country>
      </address>
    </facility>
  </location>
  <location>
    <facility>
      <name>Site Reference ID/Investigator# 74341</name>
      <address>
        <city>Darmstadt-Eberstadt</city>
        <zip>64297</zip>
        <country>Germany</country>
      </address>
    </facility>
  </location>
  <location>
    <facility>
      <name>Site Reference ID/Investigator# 74344</name>
      <address>
        <city>Dessau-Rosslau</city>
        <zip>06847</zip>
        <country>Germany</country>
      </address>
    </facility>
  </location>
  <location>
    <facility>
      <name>Site Reference ID/Investigator# 74343</name>
      <address>
        <city>Erlangen</city>
        <zip>91054</zip>
        <country>Germany</country>
      </address>
    </facility>
  </location>
  <location>
    <facility>
      <name>Site Reference ID/Investigator# 74339</name>
      <address>
        <city>Kiel</city>
        <zip>24105</zip>
        <country>Germany</country>
      </address>
    </facility>
  </location>
  <location>
    <facility>
      <name>Site Reference ID/Investigator# 74342</name>
      <address>
        <city>Mainz</city>
        <zip>55131</zip>
        <country>Germany</country>
      </address>
    </facility>
  </location>
  <location>
    <facility>
      <name>Site Reference ID/Investigator# 73614</name>
      <address>
        <city>Athens</city>
        <zip>16121</zip>
        <country>Greece</country>
      </address>
    </facility>
  </location>
  <location>
    <facility>
      <name>Site Reference ID/Investigator# 73617</name>
      <address>
        <city>Athens</city>
        <zip>16121</zip>
        <country>Greece</country>
      </address>
    </facility>
  </location>
  <location>
    <facility>
      <name>Site Reference ID/Investigator# 73615</name>
      <address>
        <city>Haidari, Athens</city>
        <zip>12462</zip>
        <country>Greece</country>
      </address>
    </facility>
  </location>
  <location>
    <facility>
      <name>Site Reference ID/Investigator# 73616</name>
      <address>
        <city>Thessaloniki</city>
        <zip>54643</zip>
        <country>Greece</country>
      </address>
    </facility>
  </location>
  <location>
    <facility>
      <name>Site Reference ID/Investigator# 74347</name>
      <address>
        <city>Budapest</city>
        <zip>1085</zip>
        <country>Hungary</country>
      </address>
    </facility>
  </location>
  <location>
    <facility>
      <name>Site Reference ID/Investigator# 74346</name>
      <address>
        <city>Miskolc</city>
        <zip>3529</zip>
        <country>Hungary</country>
      </address>
    </facility>
  </location>
  <location>
    <facility>
      <name>Site Reference ID/Investigator# 74348</name>
      <address>
        <city>Szeged</city>
        <zip>6720</zip>
        <country>Hungary</country>
      </address>
    </facility>
  </location>
  <location>
    <facility>
      <name>Site Reference ID/Investigator# 74350</name>
      <address>
        <city>Szombathely</city>
        <zip>9700</zip>
        <country>Hungary</country>
      </address>
    </facility>
  </location>
  <location>
    <facility>
      <name>Site Reference ID/Investigator# 73621</name>
      <address>
        <city>Amsterdam</city>
        <zip>1105 AZ</zip>
        <country>Netherlands</country>
      </address>
    </facility>
  </location>
  <location>
    <facility>
      <name>Site Reference ID/Investigator# 81913</name>
      <address>
        <city>Breda</city>
        <zip>4818 CK</zip>
        <country>Netherlands</country>
      </address>
    </facility>
  </location>
  <location>
    <facility>
      <name>Site Reference ID/Investigator# 73622</name>
      <address>
        <city>Rotterdam</city>
        <zip>3015 CA</zip>
        <country>Netherlands</country>
      </address>
    </facility>
  </location>
  <location>
    <facility>
      <name>Site Reference ID/Investigator# 61444</name>
      <address>
        <city>Carolina</city>
        <zip>00985</zip>
        <country>Puerto Rico</country>
      </address>
    </facility>
  </location>
  <location>
    <facility>
      <name>Site Reference ID/Investigator# 73627</name>
      <address>
        <city>Lund</city>
        <zip>22185</zip>
        <country>Sweden</country>
      </address>
    </facility>
  </location>
  <location>
    <facility>
      <name>Site Reference ID/Investigator# 73624</name>
      <address>
        <city>Stockholm</city>
        <zip>17176</zip>
        <country>Sweden</country>
      </address>
    </facility>
  </location>
  <location>
    <facility>
      <name>Site Reference ID/Investigator# 73631</name>
      <address>
        <city>Bern</city>
        <zip>3010</zip>
        <country>Switzerland</country>
      </address>
    </facility>
  </location>
  <location>
    <facility>
      <name>Site Reference ID/Investigator# 73630</name>
      <address>
        <city>Lausanne</city>
        <zip>1011</zip>
        <country>Switzerland</country>
      </address>
    </facility>
  </location>
  <location>
    <facility>
      <name>Site Reference ID/Investigator# 73628</name>
      <address>
        <city>St. Gallen</city>
        <zip>9007</zip>
        <country>Switzerland</country>
      </address>
    </facility>
  </location>
  <location>
    <facility>
      <name>Site Reference ID/Investigator# 73629</name>
      <address>
        <city>Zurich</city>
        <zip>8091</zip>
        <country>Switzerland</country>
      </address>
    </facility>
  </location>
  <location>
    <facility>
      <name>Site Reference ID/Investigator# 73633</name>
      <address>
        <city>Ankara</city>
        <zip>06100</zip>
        <country>Turkey</country>
      </address>
    </facility>
  </location>
  <location>
    <facility>
      <name>Site Reference ID/Investigator# 73636</name>
      <address>
        <city>Istanbul</city>
        <zip>34390</zip>
        <country>Turkey</country>
      </address>
    </facility>
  </location>
  <location_countries>
    <country>United States</country>
    <country>Australia</country>
    <country>Canada</country>
    <country>Czech Republic</country>
    <country>Denmark</country>
    <country>France</country>
    <country>Germany</country>
    <country>Greece</country>
    <country>Hungary</country>
    <country>Netherlands</country>
    <country>Puerto Rico</country>
    <country>Sweden</country>
    <country>Switzerland</country>
    <country>Turkey</country>
  </location_countries>
  <link>
    <url>http://rxabbvie.com</url>
    <description>United States Prescribing Information is provided. Important Note: This clinical study may be evaluating a usage that is not currently FDA approved. Please see US Prescribing Information for approved uses</description>
  </link>
  <verification_date>April 2015</verification_date>
  <lastchanged_date>April 19, 2015</lastchanged_date>
  <firstreceived_date>March 2, 2012</firstreceived_date>
  <responsible_party>
    <responsible_party_type>Sponsor</responsible_party_type>
  </responsible_party>
  <keyword>open-label</keyword>
  <keyword>adalimumab</keyword>
  <keyword>PIONEER (OPEN-LABEL EXTENSION)</keyword>
  <keyword>hidradenitis suppurativa</keyword>
  <keyword>acne inversa</keyword>
  <keyword>HS</keyword>
  <keyword>tumor necrosis factor</keyword>
  <keyword>boil</keyword>
  <keyword>acne</keyword>
  <is_fda_regulated>Yes</is_fda_regulated>
  <is_section_801>Yes</is_section_801>
  <has_expanded_access>No</has_expanded_access>
  <condition_browse>
    <!-- CAUTION:  The following MeSH terms are assigned with an imperfect algorithm  -->
    <mesh_term>Hidradenitis</mesh_term>
    <mesh_term>Hidradenitis Suppurativa</mesh_term>
  </condition_browse>
  <intervention_browse>
    <!-- CAUTION:  The following MeSH terms are assigned with an imperfect algorithm  -->
    <mesh_term>Adalimumab</mesh_term>
  </intervention_browse>
  <!-- Results have not yet been posted for this study                                -->
</clinical_study>
