<?xml version="1.0" encoding="UTF-8"?>
<clinical_study rank="280">
  <!-- This xml conforms to an XML Schema at:
    https://clinicaltrials.gov/ct2/html/images/info/public.xsd
 and an XML DTD at:
    https://clinicaltrials.gov/ct2/html/images/info/public.dtd -->
  <required_header>
    <download_date>ClinicalTrials.gov processed this data on July 08, 2015</download_date>
    <link_text>Link to the current ClinicalTrials.gov record.</link_text>
    <url>https://clinicaltrials.gov/show/NCT01243450</url>
  </required_header>
  <id_info>
    <org_study_id>RAM-04</org_study_id>
    <nct_id>NCT01243450</nct_id>
  </id_info>
  <brief_title>Bioequivalence Study of Generic Tretinoin 0.04% Microsphere Gel, 0.04% Retin-A Micro® and Placebo</brief_title>
  <official_title>Bioequivalence Study of Generic Tretinoin 0.04% Microsphere Gel, 0.04% Retin-A Micro® and Placebo</official_title>
  <sponsors>
    <lead_sponsor>
      <agency>Spear Pharmaceuticals</agency>
      <agency_class>Industry</agency_class>
    </lead_sponsor>
  </sponsors>
  <source>Spear Pharmaceuticals</source>
  <oversight_info>
    <authority>United States: Food and Drug Administration</authority>
    <has_dmc>Yes</has_dmc>
  </oversight_info>
  <brief_summary>
    <textblock>
      The objective will be to assess clinical bioequivalence of 0.1% Retin-A Micro® Gel and Spear
      Pharmaceutical's generic 0.1% Tretinoin Microsphere Gel with a placebo arm.
    </textblock>
  </brief_summary>
  <detailed_description>
    <textblock>
      Acne study
    </textblock>
  </detailed_description>
  <overall_status>Completed</overall_status>
  <start_date>October 2009</start_date>
  <completion_date type="Actual">October 2010</completion_date>
  <primary_completion_date type="Actual">October 2010</primary_completion_date>
  <phase>Phase 3</phase>
  <study_type>Interventional</study_type>
  <study_design>Allocation: Randomized, Endpoint Classification: Bio-equivalence Study, Intervention Model: Parallel Assignment, Masking: Double Blind (Subject, Caregiver, Investigator, Outcomes Assessor), Primary Purpose: Treatment</study_design>
  <primary_outcome>
    <measure>Acne Lesion Percent Reduction</measure>
    <time_frame>12 week</time_frame>
    <safety_issue>No</safety_issue>
    <description>Reduction in number of Acne lesions by counting over 12 weeks</description>
  </primary_outcome>
  <number_of_arms>3</number_of_arms>
  <enrollment type="Actual">958</enrollment>
  <condition>Acne</condition>
  <arm_group>
    <arm_group_label>Active generic</arm_group_label>
    <arm_group_type>Active Comparator</arm_group_type>
    <description>Treatment of acne for 12 weeks with generic tretinoin</description>
  </arm_group>
  <arm_group>
    <arm_group_label>Placebo</arm_group_label>
    <arm_group_type>Placebo Comparator</arm_group_type>
    <description>Treatment of acne for 12 weeks with Placebo</description>
  </arm_group>
  <arm_group>
    <arm_group_label>Brand</arm_group_label>
    <arm_group_type>Active Comparator</arm_group_type>
    <description>Treatment of acne over 12 weeks with tretinoin Brand</description>
  </arm_group>
  <intervention>
    <intervention_type>Drug</intervention_type>
    <intervention_name>Tretinoin</intervention_name>
    <description>Treatment of acne</description>
    <arm_group_label>Active generic</arm_group_label>
    <arm_group_label>Brand</arm_group_label>
    <other_name>active medication</other_name>
  </intervention>
  <intervention>
    <intervention_type>Drug</intervention_type>
    <intervention_name>placebo</intervention_name>
    <description>treatment of acne</description>
    <arm_group_label>Placebo</arm_group_label>
    <other_name>inactive medication</other_name>
  </intervention>
  <eligibility>
    <criteria>
      <textblock>
        A subject will be eligible to participate if they meet all of the following inclusion
        criteria:

          -  Normal, healthy male and female children and adults.

          -  Age 12 to 40 years.

          -  Written and verbal informed consent must be obtained. Subjects age 12 to 17
             (inclusive) must sign an assent for the study and a parent or a legal guardian must
             sign the informed consent (per FDA letter 8.21.07).

          -  Women of child-bearing potential must be non-pregnant and non-nursing, and must be
             willing to avoid pregnancy during the course of the study and during the menstrual
             cycle following completion of their participation in the study, adequate
             contraception is defined as regular use of any two of the following: oral, injectable
             contraceptives, condoms, spermicides, diaphragm, IUD, implantable and contraceptive
             patches. (oral contraceptives if used for at least three months and injectable
             contraceptives if used for at least 6 months)- prior to enrollment in the study, or
             abstinence.

          -  Have at least 20 inflammatory (papules and pustules) and 25 non-inflammatory (open
             and closed comedones) lesions with a maximum of 2 nodulocystic lesions on the face
             (per FDA letter 8.21.07).

          -  Global severity score from 2-4

          -  Able to refrain from the use of all other topical acne medications or antibiotics
             during the treatment period.

          -  Considered reliable and capable of understanding their responsibility and role in the
             study.

        Exclusion Criteria

        A subject will be eligible to participate if they meet none of the following exclusion
        criteria:

          -  Subjects with active cystic acne as evidenced by more than 2 facial nodules.

          -  More than 40 papules and/or pustules (inflammatory lesions)

          -  More than 60 open and or closed comedones/milia (non-inflammatory lesions)

          -  Overall severity grade of less than 2 or greater than 4,

          -  History of allergy or hypersensitivity to tretinoin.

          -  Significant history or clinical evidence of auto-immune, cardiovascular,
             gastrointestinal, hematological, hepatic, neurological, pancreatic, or renal disease

          -  Use of systemic retinoid treatment within six months prior to study initiation.

          -  Oral contraceptives should not be started or changed within 3 months prior to study
             initiation or planned to change during the study.

          -  Pregnant or breast-feeding.

          -  Participation in a clinical study for acne within 4 months preceding study
             initiation.
      </textblock>
    </criteria>
    <gender>Both</gender>
    <minimum_age>12 Years</minimum_age>
    <maximum_age>40 Years</maximum_age>
    <healthy_volunteers>Accepts Healthy Volunteers</healthy_volunteers>
  </eligibility>
  <overall_official>
    <last_name>William Cunningham, MD</last_name>
    <role>Study Director</role>
    <affiliation>Cu-Tech</affiliation>
  </overall_official>
  <location>
    <facility>
      <name>Cu-Tech, LLC</name>
      <address>
        <city>Mountain Lakes</city>
        <state>New Jersey</state>
        <zip>07046</zip>
        <country>United States</country>
      </address>
    </facility>
  </location>
  <location_countries>
    <country>United States</country>
  </location_countries>
  <verification_date>November 2014</verification_date>
  <lastchanged_date>November 17, 2014</lastchanged_date>
  <firstreceived_date>November 16, 2010</firstreceived_date>
  <firstreceived_results_date>September 7, 2014</firstreceived_results_date>
  <responsible_party>
    <responsible_party_type>Sponsor</responsible_party_type>
  </responsible_party>
  <is_fda_regulated>Yes</is_fda_regulated>
  <is_section_801>Yes</is_section_801>
  <has_expanded_access>No</has_expanded_access>
  <intervention_browse>
    <!-- CAUTION:  The following MeSH terms are assigned with an imperfect algorithm  -->
    <mesh_term>Tretinoin</mesh_term>
  </intervention_browse>
  <!-- Results are available for this study                                           -->
</clinical_study>
