<?xml version="1.0" encoding="UTF-8"?>
<clinical_study rank="183">
  <!-- This xml conforms to an XML Schema at:
    https://clinicaltrials.gov/ct2/html/images/info/public.xsd
 and an XML DTD at:
    https://clinicaltrials.gov/ct2/html/images/info/public.dtd -->
  <required_header>
    <download_date>ClinicalTrials.gov processed this data on July 08, 2015</download_date>
    <link_text>Link to the current ClinicalTrials.gov record.</link_text>
    <url>https://clinicaltrials.gov/show/NCT01111994</url>
  </required_header>
  <id_info>
    <org_study_id>VDC2009Z</org_study_id>
    <nct_id>NCT01111994</nct_id>
  </id_info>
  <brief_title>Efficacy &amp; Safety of Clindamycin and Tretinoin in Acne</brief_title>
  <official_title>Efficacy &amp; Safety of Clindamycin Phosphase 1.2% and Tretinoin 0.025% Gel vs. Vehicle for the Treatment of Acne and Acne-Induced Post Inflammatory Hyperpigmentation in Patients With Skin of Color</official_title>
  <sponsors>
    <lead_sponsor>
      <agency>Callender Center for Clinical Research</agency>
      <agency_class>Other</agency_class>
    </lead_sponsor>
    <collaborator>
      <agency>Society Hill Dermatology</agency>
      <agency_class>Other</agency_class>
    </collaborator>
  </sponsors>
  <source>Callender Center for Clinical Research</source>
  <oversight_info>
    <authority>United States: Institutional Review Board</authority>
    <has_dmc>No</has_dmc>
  </oversight_info>
  <brief_summary>
    <textblock>
      The purpose of this study is ascertain the efficacy and safety of Clindamycin

      Phosphate 1.2% and Tretinoin 0.025% in the treatment of Acne and Post

      Inflammatory Hyperpigmentation in patients with skin of color.
    </textblock>
  </brief_summary>
  <detailed_description>
    <textblock>
      Acne is a chronic disorder of the pilosebaceous glands characterized by

      inflammatory papules, pustules, opened and closed comedones, cysts and

      nodules. Post inflammatory hyperpigmentation is a condition in which an

      inflammation from a disease such as acne, trauma, or abrasion results in areas

      of the skin with increased melanin content compared to the surrounding skin.

      There are several treatments available for acne, which include benzoyl

      peroxide,antibiotics (topical or oral), and topical retinoids (tretinoin,

      tazarotene, adapalene).  Combination therapy, such as topical retinoid and

      clindamycin, has been shown to be more effective than monotherapy in

      addressing all pathogenic factors of acne.
    </textblock>
  </detailed_description>
  <overall_status>Active, not recruiting</overall_status>
  <start_date>November 2009</start_date>
  <completion_date type="Anticipated">April 2010</completion_date>
  <primary_completion_date type="Anticipated">March 2010</primary_completion_date>
  <phase>Phase 4</phase>
  <study_type>Interventional</study_type>
  <study_design>Allocation: Randomized, Endpoint Classification: Safety/Efficacy Study, Intervention Model: Single Group Assignment, Masking: Double Blind (Subject, Investigator), Primary Purpose: Treatment</study_design>
  <primary_outcome>
    <measure>Improvement of acne and post inflammatory hyperpigmentation</measure>
    <time_frame>3 months</time_frame>
    <safety_issue>Yes</safety_issue>
  </primary_outcome>
  <number_of_arms>1</number_of_arms>
  <enrollment type="Anticipated">30</enrollment>
  <condition>Acne</condition>
  <intervention>
    <intervention_type>Drug</intervention_type>
    <intervention_name>Clindamycin Phosphate 1.2% and Tretinoin 0.025% Gel</intervention_name>
    <description>Clindamycin Phosphate 1.2% and Tretinoin 0.025% Gel QD for 3 months</description>
    <other_name>Ziana Gel</other_name>
  </intervention>
  <eligibility>
    <criteria>
      <textblock>
        Inclusion Criteria:

          -  Mild to moderate facial acne and mild to moderate post-inflammatory hyperpigmentation

          -  Photo skin types IV - VI

          -  Ages 12 and older

          -  Both sexes

          -  Two week washout period for topical anti-acne medications, medicated cosmetics,and
             bleaching products

          -  Thirty day washout period for oral corticosteroids, oral antibiotics,and oral
             contraceptives

        Exclusion Criteria:

          -  Seborrheic dermatitis

          -  PIH of solely dermal origin

          -  Acne vulfaris known to be resistant to oral antibiotics

          -  Use of erythromycin-containing products

          -  Use of neuromuscular blocking agents

          -  Pregnancy, breastfeeding, a positive pregnancy test in the office, or plans to become
             pregnant.  Women of childbearing age must use reliable forms of contraception (e.g.,
             abstinence, oral contraceptives, or spermicide and condoms).
      </textblock>
    </criteria>
    <gender>Both</gender>
    <minimum_age>12 Years</minimum_age>
    <maximum_age>N/A</maximum_age>
    <healthy_volunteers>No</healthy_volunteers>
  </eligibility>
  <overall_official>
    <last_name>Valerie Callender, MD</last_name>
    <role>Principal Investigator</role>
    <affiliation>Callender Center for Clinical Research</affiliation>
  </overall_official>
  <location>
    <facility>
      <name>Callender Center for Clinical Research</name>
      <address>
        <city>Mitchellville</city>
        <state>Maryland</state>
        <zip>20721</zip>
        <country>United States</country>
      </address>
    </facility>
  </location>
  <location>
    <facility>
      <name>Society Hill Dermatology</name>
      <address>
        <city>Philadelphia</city>
        <state>Pennsylvania</state>
        <zip>19107</zip>
        <country>United States</country>
      </address>
    </facility>
  </location>
  <location_countries>
    <country>United States</country>
  </location_countries>
  <link>
    <url>http://www.callenderskin.com</url>
    <description>Home page to the Callender Skin &amp; Laser Center that includes &quot;Research Studies&quot; section</description>
  </link>
  <verification_date>May 2010</verification_date>
  <lastchanged_date>May 19, 2010</lastchanged_date>
  <firstreceived_date>April 26, 2010</firstreceived_date>
  <responsible_party>
    <name_title>Valerie D. Callender, M.D.</name_title>
    <organization>Callender Center for Clinical Research</organization>
  </responsible_party>
  <keyword>hyperpigmentation</keyword>
  <is_fda_regulated>No</is_fda_regulated>
  <has_expanded_access>No</has_expanded_access>
  <condition_browse>
    <!-- CAUTION:  The following MeSH terms are assigned with an imperfect algorithm  -->
    <mesh_term>Hyperpigmentation</mesh_term>
  </condition_browse>
  <intervention_browse>
    <!-- CAUTION:  The following MeSH terms are assigned with an imperfect algorithm  -->
    <mesh_term>Clindamycin</mesh_term>
    <mesh_term>Clindamycin palmitate</mesh_term>
    <mesh_term>Clindamycin phosphate</mesh_term>
    <mesh_term>Tretinoin</mesh_term>
  </intervention_browse>
  <!-- Results have not yet been posted for this study                                -->
</clinical_study>
