<?xml version="1.0" encoding="UTF-8"?>
<clinical_study rank="107">
  <!-- This xml conforms to an XML Schema at:
    https://clinicaltrials.gov/ct2/html/images/info/public.xsd
 and an XML DTD at:
    https://clinicaltrials.gov/ct2/html/images/info/public.dtd -->
  <required_header>
    <download_date>ClinicalTrials.gov processed this data on July 08, 2015</download_date>
    <link_text>Link to the current ClinicalTrials.gov record.</link_text>
    <url>https://clinicaltrials.gov/show/NCT01387048</url>
  </required_header>
  <id_info>
    <org_study_id>BS-HAU-2011</org_study_id>
    <secondary_id>2011-000152-42</secondary_id>
    <nct_id>NCT01387048</nct_id>
  </id_info>
  <brief_title>Study for Long-term Treatment of Acne Vulgaris With Skinoren Versus Differin</brief_title>
  <acronym>SKADI</acronym>
  <official_title>Phase IV An Evaluator-Blind Controlled Parallel-Group Study To Assess Efficacy And Safety Of Skinoren® 15% Gel And Differin® 0,1% Gel For The Treatment And Maintenance Treatment Of Facial Acne Vulgaris And Late-Type Acne In Females</official_title>
  <sponsors>
    <lead_sponsor>
      <agency>University of Magdeburg</agency>
      <agency_class>Other</agency_class>
    </lead_sponsor>
    <collaborator>
      <agency>Bayer</agency>
      <agency_class>Industry</agency_class>
    </collaborator>
  </sponsors>
  <source>University of Magdeburg</source>
  <oversight_info>
    <authority>Germany: Federal Institute for Drugs and Medical Devices</authority>
    <has_dmc>Yes</has_dmc>
  </oversight_info>
  <brief_summary>
    <textblock>
      The purpose of this study is to assess the effect of Skinoren® 15% gel compared to no
      therapy on the maintenance of clinical therapy success in subjects with mild to moderate
      acne vulgaris previously treated for 3 months by a monotherapy of this substance and to
      assess the effect of Skinoren® 15% gel, compared to Differin® 0.1% gel on the efficacy and
      safety during a 9-month long-term treatment period.
    </textblock>
  </brief_summary>
  <detailed_description>
    <textblock>
      Differin gel, containing adapalene 0.1%, has been used now for several years in the topical
      treatment of mild to moderate acne. It has comedolytic and anti-inflammatory activities,and
      is equally effective and less irritant than other topical retinoids. Adapalene has been
      shown to maintain therapeutic effect achieved after three months of monotherapy for further
      three months. Furthermore, its effect in maintenance therapy has been shown in several
      studies after initial combination with topical or systemic antimicrobials. Skinoren 15% gel
      (azelaic acid) is an alternative treatment affecting several pathogenetic factors of acne,
      which has potential in maintenance therapy due to its good tolerability and safety and
      missing contraindications concerning long-term treatment, which allow even use in pregnancy.

      Azelaic acid (AzA; HOOC-(CH2)7-COOH) is a naturally occurring compound that interferes with
      acne pathogenesis by virtue of its antikeratinizing, antibacterial, and anti-inflammatory
      properties. Vehicle-controlled studies have verified that AzA exercises a significant and
      clinically relevant effect on both non-inflammatory and inflammatory acne lesions. In the
      treatment of moderate to severe acne, 20 percent AzA cream may be favorably combined with
      minocycline (90 percent good and excellent results), and may contribute towards reducing
      recurrences following discontinuation of systemic therapy (maintenance therapy with AzA
      cream). Particular advantages of AzA therapy include its favorable safety and side effect
      profile. It is non-teratogenic, is not associated with systemic adverse events or
      photodynamic reactions, exhibits excellent local tolerability, and does not induce
      resistance in Propionibacterium acnes. The 15 % azelaic acid gel has recently proven
      efficacy in a maintenance treatment of papulopustular rosacea after a combination treatment
      with oral doxycycline.

      Mild to moderate acne vulgaris is defined as global severity of 2 through 4, according to
      the Investigator´s Static Global Assessment (ISGA) and Leeds Revised Acne Grading Scale from
      2 trough 7.This inclusion criterion corresponds to the clinical grades usually treated with
      topical anti-acne therapies.

      The non-treatment group during the maintenance phase helps to demonstrate the efficacy of
      Skinoren 15% gel in a maintenance treatment, thereby corroborating the necessity for
      maintenance therapy reflecting acne as a chronic disease.

      Acne lesion counting has been used widely in the evaluation of new acne treatments as a
      change in facial acne lesions counts over time in an individual patient could reflect a true
      change. However, lesion counts are more valid in greater patient populations as planned in
      this study. Therefore, the lesion counts are defined as secondary efficacy criteria except
      during the maintenance phase for the population treated with azelaic acid. As described
      before, microcomedones are considered as precursor lesion. Moreover, their counts are
      constantly reduced during acne treatment and precede the clinical relapse. Therefore,
      microcomedones counts will be used in this trial as a marker of maintenance of therapeutic
      effect achieved during initial treatment phase.
    </textblock>
  </detailed_description>
  <overall_status>Completed</overall_status>
  <start_date>August 2011</start_date>
  <completion_date type="Actual">October 2012</completion_date>
  <primary_completion_date type="Actual">August 2012</primary_completion_date>
  <phase>Phase 4</phase>
  <study_type>Interventional</study_type>
  <study_design>Allocation: Randomized, Endpoint Classification: Safety/Efficacy Study, Intervention Model: Parallel Assignment, Masking: Single Blind (Investigator), Primary Purpose: Treatment</study_design>
  <primary_outcome>
    <measure>Superiority of Skinoren 15% Gel</measure>
    <time_frame>36 weeks</time_frame>
    <safety_issue>Yes</safety_issue>
    <description>Superiority of Skinoren 15% Gel-group over the observational group in the maintanance phase. Change of Global Severity Grades (ISGA and Leeds)</description>
  </primary_outcome>
  <primary_outcome>
    <measure>Non-inferiority of Skinoren 15 % gel over the Differin 0.1% gel</measure>
    <time_frame>36 weeks</time_frame>
    <safety_issue>Yes</safety_issue>
    <description>Non-inferiority of Skinoren 15% Gel over the current &quot;gold standard&quot; Differin 0.1% gel in the long-term-treatment period: Change of  Global severity grades</description>
  </primary_outcome>
  <secondary_outcome>
    <measure>- Change of non-inflammatory, inflammatory and total lesions at         all visits.</measure>
    <time_frame>36 weeks</time_frame>
    <safety_issue>Yes</safety_issue>
    <description>- Secondary Endpoints:
Microcomedone count changes from week 12-36</description>
  </secondary_outcome>
  <secondary_outcome>
    <measure>Change of non-inflammatory, inflammatory and total lesions  at all visits</measure>
    <time_frame>36 weeks</time_frame>
    <safety_issue>Yes</safety_issue>
    <description>Subjects efficacy assessment</description>
  </secondary_outcome>
  <secondary_outcome>
    <measure>change of non-inflammatory, inflammatory and total lesions at all visits</measure>
    <time_frame>36 weeks</time_frame>
    <safety_issue>Yes</safety_issue>
    <description>subjects tolerability assessment</description>
  </secondary_outcome>
  <secondary_outcome>
    <measure>Change of non-inflammatory, inflammatory and total lesions at all visits</measure>
    <time_frame>36 weeks</time_frame>
    <safety_issue>Yes</safety_issue>
    <description>Subjects DLQI assessment</description>
  </secondary_outcome>
  <secondary_outcome>
    <measure>change of non-inflammatory, inflammatory and total lesions at all visits</measure>
    <time_frame>36 weeks</time_frame>
    <safety_issue>Yes</safety_issue>
    <description>Investigators tolerability assessment</description>
  </secondary_outcome>
  <secondary_outcome>
    <measure>change of non-inflammatory, inflammatory and total lesions at all visits</measure>
    <time_frame>36 weeks</time_frame>
    <safety_issue>Yes</safety_issue>
    <description>Relapse rate: Number of subjects which lose more than 50% of their initial improvement achieved at maintanance phase</description>
  </secondary_outcome>
  <number_of_arms>3</number_of_arms>
  <enrollment type="Actual">60</enrollment>
  <condition>Acne Vulgaris</condition>
  <arm_group>
    <arm_group_label>Skinoren gel 15 %, topical</arm_group_label>
    <arm_group_type>Experimental</arm_group_type>
    <description>primary treatment 12 weeks with Skinoren gel®, followed by maintenance therapy with Skinoren gel® for another 24 weeks,</description>
  </arm_group>
  <arm_group>
    <arm_group_label>Differin Gel 0.1%</arm_group_label>
    <arm_group_type>Active Comparator</arm_group_type>
    <description>primary 12 weeks therapy with Differin gel®, followed by maintenance therapy with Differin gel® for another 24 weeks.</description>
  </arm_group>
  <arm_group>
    <arm_group_label>Skinoren</arm_group_label>
    <arm_group_type>Experimental</arm_group_type>
    <description>primary 12 weeks therapy with Skinoren gel®, followed by observation only for another 24 weeks,</description>
  </arm_group>
  <intervention>
    <intervention_type>Drug</intervention_type>
    <intervention_name>skinoren</intervention_name>
    <description>gel 15%, twice daily, 36 weeks</description>
    <arm_group_label>Skinoren gel 15 %, topical</arm_group_label>
    <other_name>Generikum</other_name>
  </intervention>
  <intervention>
    <intervention_type>Drug</intervention_type>
    <intervention_name>differin</intervention_name>
    <description>0.1% gel, once daily in the evening</description>
    <arm_group_label>Differin Gel 0.1%</arm_group_label>
    <other_name>Epiduo</other_name>
  </intervention>
  <intervention>
    <intervention_type>Drug</intervention_type>
    <intervention_name>skinoren</intervention_name>
    <description>12 weeks treatment, the following 24 months only observation</description>
    <arm_group_label>Skinoren</arm_group_label>
    <other_name>Generikum</other_name>
  </intervention>
  <eligibility>
    <criteria>
      <textblock>
        Inclusion Criteria:

          1. Female subjects between 18 and 45 years of age, inclusive, in good general health.

          2. Female Subjects of childbearing potential using effective contraceptional methods
             must have been taking the same type of birth control for at least 6 months prior to
             entering the study and must not change type of birth control during the study. The
             subject´s should be willing to perform UPT in decision by physician, if indicated.

          3. Subjects with mild to moderate acne vulgaris or late-type acne with global facial
             severity grade 2 through 4 according to the &quot;Investigator´s Static Global Assessment
             (ISGA)&quot; and B-G (2-7) according to the &quot;Leeds revised acne grading system&quot;.

          4. Subjects with visible microcomedones on the Cyanoacrylate strip taken on the
             forehead.

          5. Subjects must read and sign the approved Informed Consent Form (and any local or
             national authorized requirements )prior to any participation in the study. Subjects
             must be willing and capable of cooperating to the extent and degree required by the
             protocol (including refraining from the use of cosmetics and ointments during the
             course of treatment). Subject must be able to follow all study procedures, attend all
             schedule visits, and complete the study successfully.

        Exclusion Criteria:

          1. Female subjects who are pregnant, trying to become or willing to become pregnant, or
             who are lactating.

          2. Subjects who have any clinically relevant finding at their screening physical
             examination or medical history such as severe systemic diseases or diseases of the
             facial skin other than acne vulgaris (eg, acne conglobata, acne fulminans,
             secondary-acne or severe nodulocystic acne requiring treatment with oral
             isotretinoin).

          3. Subjects who have a known hypersensitivity or previous allergic reaction to any of
             the active components of the study medication.

          4. Subjects who are using and not willing to refrain from the following other types of
             facial products: astringents, toners, abradants, facials, peels containing glycolic
             or other acids, masks, washes or soaps.

          5. Subjects who have used topical corticosteroids on the face or systemic
             corticosteroids within the past 2 weeks.

          6. Subjects who have used topical antibiotics on the face or systemic antibiotics (only
             penicillin allowed) within the last 2 weeks.

          7. Subjects who have used topical anti-acne medications  within the past 2 weeks.

          8. Subjects who have used systemic retinoids within the past 6 months.

          9. Subjects who use medications that are reported to exacerbate acne

         10. Subjects who are using drugs known to be photosensitizers because of the possibility
             of increased phototoxicity.

         11. Subjects who have had a facial procedure performed by an esthetician, beautician,
             physician, nurse, or other practitioner, within the last 4 weeks.

         12. Subjects who planned intensive UV exposure during study

         13. Subjects who participated in another investigational drug or device research study
             within 30 days of enrollment.
      </textblock>
    </criteria>
    <gender>Female</gender>
    <minimum_age>18 Years</minimum_age>
    <maximum_age>45 Years</maximum_age>
    <healthy_volunteers>No</healthy_volunteers>
  </eligibility>
  <overall_official>
    <last_name>Anja Thielitz, Dr. med.</last_name>
    <role>Principal Investigator</role>
    <affiliation>unfillated</affiliation>
  </overall_official>
  <location>
    <facility>
      <name>Clinic for Dermatology and Vereology, Central Hospital Magdeburg</name>
      <address>
        <city>Magdeburg</city>
        <state>Saxony-Anhalt</state>
        <zip>39120</zip>
        <country>Germany</country>
      </address>
    </facility>
  </location>
  <location_countries>
    <country>Germany</country>
  </location_countries>
  <verification_date>July 2013</verification_date>
  <lastchanged_date>July 5, 2013</lastchanged_date>
  <firstreceived_date>June 29, 2011</firstreceived_date>
  <responsible_party>
    <responsible_party_type>Principal Investigator</responsible_party_type>
    <investigator_affiliation>University of Magdeburg</investigator_affiliation>
    <investigator_full_name>Antje Wiede</investigator_full_name>
    <investigator_title>Dr. rer. nat.</investigator_title>
  </responsible_party>
  <keyword>acne vulgaris</keyword>
  <keyword>late-type acne</keyword>
  <keyword>Skinoren</keyword>
  <keyword>maintenance</keyword>
  <is_fda_regulated>No</is_fda_regulated>
  <has_expanded_access>No</has_expanded_access>
  <condition_browse>
    <!-- CAUTION:  The following MeSH terms are assigned with an imperfect algorithm  -->
    <mesh_term>Acne Vulgaris</mesh_term>
  </condition_browse>
  <intervention_browse>
    <!-- CAUTION:  The following MeSH terms are assigned with an imperfect algorithm  -->
    <mesh_term>Adapalene</mesh_term>
    <mesh_term>Azelaic acid</mesh_term>
  </intervention_browse>
  <!-- Results have not yet been posted for this study                                -->
</clinical_study>
