<?xml version="1.0" encoding="UTF-8"?>
<clinical_study rank="168">
  <!-- This xml conforms to an XML Schema at:
    https://clinicaltrials.gov/ct2/html/images/info/public.xsd
 and an XML DTD at:
    https://clinicaltrials.gov/ct2/html/images/info/public.dtd -->
  <required_header>
    <download_date>ClinicalTrials.gov processed this data on July 08, 2015</download_date>
    <link_text>Link to the current ClinicalTrials.gov record.</link_text>
    <url>https://clinicaltrials.gov/show/NCT02270411</url>
  </required_header>
  <id_info>
    <org_study_id>Inno-6036</org_study_id>
    <nct_id>NCT02270411</nct_id>
  </id_info>
  <brief_title>Inflammatory Cells From Various Pathologies</brief_title>
  <official_title>Development of a Method to Isolate Inflammatory Cells From Skin Biopsies of Patients With Various Pathologies for Quantitative Flow Cytometry Analysis</official_title>
  <sponsors>
    <lead_sponsor>
      <agency>Innovaderm Research Inc.</agency>
      <agency_class>Other</agency_class>
    </lead_sponsor>
  </sponsors>
  <source>Innovaderm Research Inc.</source>
  <oversight_info>
    <authority>Canada: Health Canada</authority>
    <has_dmc>No</has_dmc>
  </oversight_info>
  <brief_summary>
    <textblock>
      The objective of this non-therapeutic experiment is to develop a method to isolate
      inflammatory cells from skin biopsies as well as a method to evaluate the expression of
      genes in those cells that are involved in inflammation. It could eventually be used to
      better understand the following conditions:  atopic  dermatitis,  acne  rosacea  and  acne
      vulgaris.  It  can  also  be  used  to  better understand how various medications work  in
      patients with atopic dermatitis, acne rosacea and acne vulgaris.

      Up  to 15 healthy volunteers, 15 subjects with atopic dermatitis, 15 subjects with acne
      rosacea and up  to 15 subjects with acne vulgaris will be selected. For healthy volunteers
      and subjects with atopic dermatitis, a maximum of  four (4) skin biopsies (2-4 mm) per
      subject will be  taken.

      For subjects with acne rosacea and acne vulgaris, a maximum of two (2) skin biopsies (3 mm)
      per  subject  will  be  collected.  Biopsies  will  be  performed  on  either  the  trunk
      or  the  limbs, excluding  the  hands  and  the  feet.  The  biopsies will  be  used  to
      develop  a method  to  isolate inflammatory  cells  from  the  skin. Various protocols will
      be  tested  to  find  the best method. No medication will be given to you for this
      experiment.
    </textblock>
  </brief_summary>
  <detailed_description>
    <textblock>
      Innovaderm, in collaboration with &quot;The Immunoregulation laboratories of CRCHUM&quot; and &quot;McGill
      University division of dermatology&quot;, recently developed a novel 6-hour method to study
      IL-17A (Interleukin) and IL-22 from fresh biopsies of psoriatic patients. This reproducible
      experimental approach combines enzymatic digestion and mechanical dissociation for skin cell
      isolation. This is followed by a multi-color flow cytometry analysis in the absence of in
      vitro expansion and re-stimulation. Using this method, we examined the cellular source of
      IL-17A and IL-22 on a small number (20x10³) of viable CD45+ (Cluster of Differentiation
      Antigen 45) cells that are freshly isolated from 4 mm punch skin biopsies (n=22 patients
      with psoriasis). The method was used for the study on &quot;Persistence of IL-17A+ T lymphocytes
      and IL-17A expression in psoriatic plaques refractory to ustekinumab therapy&quot; presented
      during the 72nd annual meeting of the American Academy of Dermatology in Denver. A detailed
      presentation of this method will be done during the upcoming annual meeting of the Society
      for Investigative Dermatology in Albuquerque, New Mexico.

      We would like to investigate and adapt this method  for other dermatological conditions such
      as Atopic Dermatitis, Acne Rosacea and Acne Vulgaris.
    </textblock>
  </detailed_description>
  <overall_status>Recruiting</overall_status>
  <start_date>May 2014</start_date>
  <completion_date type="Anticipated">December 2015</completion_date>
  <primary_completion_date type="Anticipated">November 2015</primary_completion_date>
  <phase>N/A</phase>
  <study_type>Observational</study_type>
  <study_design>Observational Model: Cohort, Time Perspective: Cross-Sectional</study_design>
  <primary_outcome>
    <measure>Isolate Inflammatory Cells for Atopic Dermatitis</measure>
    <time_frame>1 Day</time_frame>
    <safety_issue>No</safety_issue>
    <description>The objective of this experiment is to develop and validate in vitro methods to isolate inflammatory cells from skin biopsies for quantitative flow cytometry analysis. Real-time polymerase chain reaction (RT-PCR) will also be performed using skin biopsy samples to validate flow cytometry results. Such methods could eventually be used to better understand the pathophysiology and the mechanism of action of various medications in patients with atopic dermatitis.</description>
  </primary_outcome>
  <secondary_outcome>
    <measure>Isolate Inflammatory Cells for Acne Rosacea</measure>
    <time_frame>1 Day</time_frame>
    <safety_issue>No</safety_issue>
    <description>The objective of this experiment is to develop and validate in vitro methods to isolate inflammatory cells from skin biopsies for quantitative flow cytometry analysis. Real-time polymerase chain reaction (RT-PCR) will also be performed using skin biopsy samples to validate flow cytometry results. Such methods could eventually be used to better understand the pathophysiology and the mechanism of action of various medications in patients with acne rosacea.</description>
  </secondary_outcome>
  <secondary_outcome>
    <measure>Isolate Inflammatory Cells for Acne Vulgaris</measure>
    <time_frame>1 Day</time_frame>
    <safety_issue>No</safety_issue>
    <description>The objective of this experiment is to develop and validate in vitro methods to isolate inflammatory cells from skin biopsies for quantitative flow cytometry analysis. Real-time polymerase chain reaction (RT-PCR) will also be performed using skin biopsy samples to validate flow cytometry results. Such methods could eventually be used to better understand the pathophysiology and the mechanism of action of various medications in patients with acne vulgaris.</description>
  </secondary_outcome>
  <number_of_groups>4</number_of_groups>
  <enrollment type="Anticipated">60</enrollment>
  <condition>Atopic Dermatitis</condition>
  <condition>Acne Rosacea</condition>
  <condition>Acne Vulgaris</condition>
  <arm_group>
    <arm_group_label>Healthy Subjects</arm_group_label>
  </arm_group>
  <arm_group>
    <arm_group_label>Atopic Dermatitis</arm_group_label>
    <description>Patient has a history of atopic dermatitis for at least 6 months.</description>
  </arm_group>
  <arm_group>
    <arm_group_label>Acne Rosacea</arm_group_label>
    <description>Patient has a history of acne rosacea for at least 6 months.</description>
  </arm_group>
  <arm_group>
    <arm_group_label>Acne Vulgaris</arm_group_label>
    <description>Patient has a history of acne vulgaris for at least 6 months.</description>
  </arm_group>
  <eligibility>
    <study_pop>
      <textblock>
        Invitation to volunteer
      </textblock>
    </study_pop>
    <sampling_method>Non-Probability Sample</sampling_method>
    <criteria>
      <textblock>
        Inclusion Criteria:

          -  Subject, male or female, is aged 18 years or older at the screening visit.

          -  Female subjects of childbearing potential must have a negative urine pregnancy test
             at the Screening visit.

          -  Subjects must be able and willing to provide written informed consent and comply with
             the requirements of this study protocol.

             **Special inclusion criteria for volunteers with atopic dermatitis, acne rosacea or
             acne vulgaris

          -  Patient has a history of atopic dermatitis, acne rosacea or acne vulgaris for at
             least 6 months.

        Exclusion Criteria:

          -  Female subject is pregnant or lactating.

          -  Subject is currently participating in a clinical trial with an experimental drug or
             device.

          -  Subject is known to have hepatitis B or hepatitis C viral infection.

          -  Subject is known to have immune deficiency or is immunocompromised

          -  Subject has a known hypersensitivity/allergy to lidocaine

          -  Patient has a history of keloids

          -  Patient is taking heparin, warfarin or has a contraindication to skin biopsies.

          -  Patient has used systemic medication, medical devices or natural health products to
             treat rosacea, atopic dermatitis or acne vulgaris or UVB (Ultraviolet B) phototherapy
             on the areas to be biopsied within 4 weeks of biopsy day

          -  Patient has used oral, intravenous, intramuscular or intra-lesional or
             intra-articular steroids, or immunosuppressive medication on the areas to be biopsied
             within 4 weeks of biopsy day

          -  Patient has used topical medication, natural health products or medical devices to
             treat rosacea, atopic dermatitis or acne vulgaris on the areas to be biopsied within
             4 weeks of biopsy day

          -  Patients is currently using or has used isotretinoin
      </textblock>
    </criteria>
    <gender>Both</gender>
    <minimum_age>18 Years</minimum_age>
    <maximum_age>N/A</maximum_age>
    <healthy_volunteers>Accepts Healthy Volunteers</healthy_volunteers>
  </eligibility>
  <overall_official>
    <last_name>Robert Bissonnette, MD</last_name>
    <role>Principal Investigator</role>
    <affiliation>Innovaderm Research</affiliation>
  </overall_official>
  <overall_contact>
    <last_name>Audrey Rinaudo</last_name>
    <phone>514-521-4285</phone>
    <phone_ext>212</phone_ext>
    <email>arinaudo@innovaderm.ca</email>
  </overall_contact>
  <location>
    <facility>
      <name>Innovaderm Research</name>
      <address>
        <city>Montreal</city>
        <state>Quebec</state>
        <zip>H2K 4L5</zip>
        <country>Canada</country>
      </address>
    </facility>
    <status>Recruiting</status>
    <contact>
      <last_name>CATHERINE BOUCHARD-PILOTE</last_name>
      <phone>514-521-4285</phone>
      <phone_ext>247</phone_ext>
      <email>cbouchard-pilote@innovaderm.ca</email>
    </contact>
    <investigator>
      <last_name>Robert Bissonnette, MD</last_name>
      <role>Principal Investigator</role>
    </investigator>
    <investigator>
      <last_name>Simon Nigen, MD</last_name>
      <role>Sub-Investigator</role>
    </investigator>
    <investigator>
      <last_name>Catherine Maari, MD</last_name>
      <role>Sub-Investigator</role>
    </investigator>
    <investigator>
      <last_name>Chantal Bolduc, MD</last_name>
      <role>Sub-Investigator</role>
    </investigator>
  </location>
  <location_countries>
    <country>Canada</country>
  </location_countries>
  <verification_date>March 2015</verification_date>
  <lastchanged_date>March 25, 2015</lastchanged_date>
  <firstreceived_date>October 17, 2014</firstreceived_date>
  <responsible_party>
    <responsible_party_type>Sponsor</responsible_party_type>
  </responsible_party>
  <is_fda_regulated>No</is_fda_regulated>
  <has_expanded_access>No</has_expanded_access>
  <condition_browse>
    <!-- CAUTION:  The following MeSH terms are assigned with an imperfect algorithm  -->
    <mesh_term>Acne Vulgaris</mesh_term>
    <mesh_term>Dermatitis, Atopic</mesh_term>
    <mesh_term>Eczema</mesh_term>
  </condition_browse>
  <!-- Results have not yet been posted for this study                                -->
</clinical_study>
