<?xml version="1.0" encoding="UTF-8"?>
<clinical_study rank="217">
  <!-- This xml conforms to an XML Schema at:
    https://clinicaltrials.gov/ct2/html/images/info/public.xsd
 and an XML DTD at:
    https://clinicaltrials.gov/ct2/html/images/info/public.dtd -->
  <required_header>
    <download_date>ClinicalTrials.gov processed this data on July 08, 2015</download_date>
    <link_text>Link to the current ClinicalTrials.gov record.</link_text>
    <url>https://clinicaltrials.gov/show/NCT02413346</url>
  </required_header>
  <id_info>
    <org_study_id>SC1403</org_study_id>
    <nct_id>NCT02413346</nct_id>
  </id_info>
  <brief_title>A Multi-Center Open-Label Evaluation of the Safety of Sarecycline Tablets in the Treatment of Acne Vulgaris</brief_title>
  <official_title>A Multi-Center Open-Label Evaluation of the Safety of Sarecycline Tablets in the Treatment of Acne Vulgaris</official_title>
  <sponsors>
    <lead_sponsor>
      <agency>Warner Chilcott</agency>
      <agency_class>Industry</agency_class>
    </lead_sponsor>
  </sponsors>
  <source>Warner Chilcott</source>
  <oversight_info>
    <authority>United States: Food and Drug Administration</authority>
    <has_dmc>No</has_dmc>
  </oversight_info>
  <brief_summary>
    <textblock>
      Open-label study will evaluate the safety of an approximate 1.5 mg/kg/day dose of oral
      sarecycline in the long-term treatment of subjects with moderate to severe facial acne
      vulgaris.
    </textblock>
  </brief_summary>
  <overall_status>Active, not recruiting</overall_status>
  <start_date>March 2015</start_date>
  <completion_date type="Anticipated">November 2016</completion_date>
  <primary_completion_date type="Anticipated">September 2016</primary_completion_date>
  <phase>Phase 3</phase>
  <study_type>Interventional</study_type>
  <study_design>Endpoint Classification: Safety Study, Intervention Model: Single Group Assignment, Masking: Open Label, Primary Purpose: Treatment</study_design>
  <primary_outcome>
    <measure>Number of Adverse Event</measure>
    <time_frame>up to Week 40</time_frame>
    <safety_issue>Yes</safety_issue>
  </primary_outcome>
  <number_of_arms>1</number_of_arms>
  <enrollment type="Anticipated">500</enrollment>
  <condition>Acne Vulgaris</condition>
  <arm_group>
    <arm_group_label>Sarecycline</arm_group_label>
    <arm_group_type>Experimental</arm_group_type>
    <description>Sarecycline 1.5mg/kg given once daily for 40 weeks.  Sarecycline will be administered orally as 60 mg, 100 mg or 150 mg of sarecycline based on the subject's body weight.</description>
  </arm_group>
  <intervention>
    <intervention_type>Drug</intervention_type>
    <intervention_name>Sarecycline</intervention_name>
    <description>Administered based on patient body weight.</description>
    <arm_group_label>Sarecycline</arm_group_label>
    <other_name>Sarecycline</other_name>
  </intervention>
  <eligibility>
    <criteria>
      <textblock>
        Inclusion Criteria:

          -  Successfully completed participation in Phase 3 study of saracycline (SC1401 or
             SC1402)

          -  Signed informed consent or assent form

          -  Body weight between 33 kg and 136 kg, inclusive

          -  Negative urine pregnancy test for females of childbearing potential

          -  Agrees to use effective method of contraception thoughout study, if applicable.

          -  Able to fulfill protocol requirements, indicated willingness to participate in study
             and agrees to all study procedures by providing written informed consent/assent and
             authorization to disclose (personal health information)

        Exclusion Criteria:

          -  Currently participating in another clinical study, unless it is a pharmacokinetic
             sarecycline study and participation approved by medical monitor; has received
             investigational medication (except sarecycline) within 30 days of enrollment.

          -  Discontinued participation in a Phase 3 study with sarecycline for any reason

          -  Had poor compliance wtih study requirements/study drug dosing in a Phase 3 study with
             sarecycline

          -  Is receiving/planning to receive any systemic acne medication, systemic retinoids,
             systemic corticosteroids or any androgen/anti-androgenic therapy (eg, testosterone,
             spironolactone)

          -  Is pregnant, lactating or planning a pregnancy during the study period

          -  Has a significant intercurrent illness (including clinically significant abnormality
             in clinical laboratory tests), psychiatric disorder, or other factors that, in the
             opinion of the Investigator or Medical Monitor, precludes participation in the study

          -  Is judged by the Investigator to be unsuitable for any reason
      </textblock>
    </criteria>
    <gender>Both</gender>
    <minimum_age>9 Years</minimum_age>
    <maximum_age>N/A</maximum_age>
    <healthy_volunteers>No</healthy_volunteers>
  </eligibility>
  <overall_official>
    <last_name>Elena Schifando, DO</last_name>
    <role>Study Director</role>
    <affiliation>Actavis Inc.</affiliation>
  </overall_official>
  <location>
    <facility>
      <name>Actavis Investigational Study Site #206</name>
      <address>
        <city>Mobile</city>
        <state>Alabama</state>
        <zip>36608</zip>
        <country>United States</country>
      </address>
    </facility>
  </location>
  <location>
    <facility>
      <name>Actavis Investigational Study Site #236</name>
      <address>
        <city>Hot Springs</city>
        <state>Arkansas</state>
        <zip>71913</zip>
        <country>United States</country>
      </address>
    </facility>
  </location>
  <location>
    <facility>
      <name>Actavis Investigational Study Site #245</name>
      <address>
        <city>Carlsbad</city>
        <state>California</state>
        <zip>92008</zip>
        <country>United States</country>
      </address>
    </facility>
  </location>
  <location>
    <facility>
      <name>Actavis Investigational Study Site #129</name>
      <address>
        <city>Encino</city>
        <state>California</state>
        <zip>91436</zip>
        <country>United States</country>
      </address>
    </facility>
  </location>
  <location>
    <facility>
      <name>Actavis Investigational Study Site #209</name>
      <address>
        <city>Fremont</city>
        <state>California</state>
        <zip>94538</zip>
        <country>United States</country>
      </address>
    </facility>
  </location>
  <location>
    <facility>
      <name>Actavis Investigational Study Site #147</name>
      <address>
        <city>Sacramento</city>
        <state>California</state>
        <zip>95819</zip>
        <country>United States</country>
      </address>
    </facility>
  </location>
  <location>
    <facility>
      <name>Actavis Investigational Study Site #125</name>
      <address>
        <city>San Diego</city>
        <state>California</state>
        <zip>92123</zip>
        <country>United States</country>
      </address>
    </facility>
  </location>
  <location>
    <facility>
      <name>Actavis Investigational Study Site #150</name>
      <address>
        <city>San Diego</city>
        <state>California</state>
        <zip>92120</zip>
        <country>United States</country>
      </address>
    </facility>
  </location>
  <location>
    <facility>
      <name>Actavis Investigational Study Site #204</name>
      <address>
        <city>San Diego</city>
        <state>California</state>
        <zip>92123</zip>
        <country>United States</country>
      </address>
    </facility>
  </location>
  <location>
    <facility>
      <name>Actavis Investigational Study Site #222</name>
      <address>
        <city>Denver</city>
        <state>Colorado</state>
        <zip>80220</zip>
        <country>United States</country>
      </address>
    </facility>
  </location>
  <location>
    <facility>
      <name>Actavis Investigational Study Site #148</name>
      <address>
        <city>Wheat Ridge</city>
        <state>Colorado</state>
        <zip>80033</zip>
        <country>United States</country>
      </address>
    </facility>
  </location>
  <location>
    <facility>
      <name>Actavis Investigational Study Site #226</name>
      <address>
        <city>Clearwater</city>
        <state>Florida</state>
        <zip>33761</zip>
        <country>United States</country>
      </address>
    </facility>
  </location>
  <location>
    <facility>
      <name>Actavis Investigational Study Site #238</name>
      <address>
        <city>Jupiter</city>
        <state>Florida</state>
        <zip>33458</zip>
        <country>United States</country>
      </address>
    </facility>
  </location>
  <location>
    <facility>
      <name>Actavis Investigational Study Site #145</name>
      <address>
        <city>Miami</city>
        <state>Florida</state>
        <zip>33175</zip>
        <country>United States</country>
      </address>
    </facility>
  </location>
  <location>
    <facility>
      <name>Actavis Investigational Study Site #249</name>
      <address>
        <city>Miami</city>
        <state>Florida</state>
        <zip>33142</zip>
        <country>United States</country>
      </address>
    </facility>
  </location>
  <location>
    <facility>
      <name>Actavis Investigational Study Site #211</name>
      <address>
        <city>Miramar</city>
        <state>Florida</state>
        <zip>33207</zip>
        <country>United States</country>
      </address>
    </facility>
  </location>
  <location>
    <facility>
      <name>Actavis Investigation Study Site # 140</name>
      <address>
        <city>North Miami Beach</city>
        <state>Florida</state>
        <zip>33162</zip>
        <country>United States</country>
      </address>
    </facility>
  </location>
  <location>
    <facility>
      <name>Actavis Investigational Study Site #151</name>
      <address>
        <city>Orange</city>
        <state>Florida</state>
        <zip>32073</zip>
        <country>United States</country>
      </address>
    </facility>
  </location>
  <location>
    <facility>
      <name>Actavis Investigational Study Site #203</name>
      <address>
        <city>Tampa</city>
        <state>Florida</state>
        <zip>33609</zip>
        <country>United States</country>
      </address>
    </facility>
  </location>
  <location>
    <facility>
      <name>Actavis Investigational Study Site #242</name>
      <address>
        <city>Snellville</city>
        <state>Georgia</state>
        <zip>30078</zip>
        <country>United States</country>
      </address>
    </facility>
  </location>
  <location>
    <facility>
      <name>Actavis Investigational Study Site #124</name>
      <address>
        <city>Boise</city>
        <state>Idaho</state>
        <zip>83704</zip>
        <country>United States</country>
      </address>
    </facility>
  </location>
  <location>
    <facility>
      <name>Actavis Investigational Study Site #106</name>
      <address>
        <city>Chicago</city>
        <state>Illinois</state>
        <zip>60611</zip>
        <country>United States</country>
      </address>
    </facility>
  </location>
  <location>
    <facility>
      <name>Actavis Investigational Study Site #113</name>
      <address>
        <city>South Bend</city>
        <state>Indiana</state>
        <zip>46617</zip>
        <country>United States</country>
      </address>
    </facility>
  </location>
  <location>
    <facility>
      <name>Actavis Investigational Study Site #213</name>
      <address>
        <city>Louisville</city>
        <state>Kentucky</state>
        <zip>40202</zip>
        <country>United States</country>
      </address>
    </facility>
  </location>
  <location>
    <facility>
      <name>Actavis Investigational Study Site #217</name>
      <address>
        <city>Rockville</city>
        <state>Maryland</state>
        <zip>20850</zip>
        <country>United States</country>
      </address>
    </facility>
  </location>
  <location>
    <facility>
      <name>Actavis Investigational Study Site #251</name>
      <address>
        <city>Clarkston</city>
        <state>Michigan</state>
        <zip>48346</zip>
        <country>United States</country>
      </address>
    </facility>
  </location>
  <location>
    <facility>
      <name>Actavis Investigational Study Site #235</name>
      <address>
        <city>Clinton Township</city>
        <state>Michigan</state>
        <zip>48038</zip>
        <country>United States</country>
      </address>
    </facility>
  </location>
  <location>
    <facility>
      <name>Actavis Investigational Study Site #227</name>
      <address>
        <city>Fort Gratiot</city>
        <state>Michigan</state>
        <zip>48059</zip>
        <country>United States</country>
      </address>
    </facility>
  </location>
  <location>
    <facility>
      <name>Actavis Investigational Study Site #111</name>
      <address>
        <city>Warren</city>
        <state>Michigan</state>
        <zip>48088</zip>
        <country>United States</country>
      </address>
    </facility>
  </location>
  <location>
    <facility>
      <name>Actavis Investigational Study Site #221</name>
      <address>
        <city>Fridley</city>
        <state>Minnesota</state>
        <zip>55432</zip>
        <country>United States</country>
      </address>
    </facility>
  </location>
  <location>
    <facility>
      <name>Actavis Investigational Study Site #231</name>
      <address>
        <city>Omaha</city>
        <state>Nebraska</state>
        <zip>68144</zip>
        <country>United States</country>
      </address>
    </facility>
  </location>
  <location>
    <facility>
      <name>Actavis Investigational Study Site #146</name>
      <address>
        <city>New York</city>
        <state>New York</state>
        <zip>10016</zip>
        <country>United States</country>
      </address>
    </facility>
  </location>
  <location>
    <facility>
      <name>Actavis Investigational Study Site #208</name>
      <address>
        <city>New York</city>
        <state>New York</state>
        <zip>10155</zip>
        <country>United States</country>
      </address>
    </facility>
  </location>
  <location>
    <facility>
      <name>Actavis Investigational Study Site #240</name>
      <address>
        <city>Rochester</city>
        <state>New York</state>
        <zip>14623</zip>
        <country>United States</country>
      </address>
    </facility>
  </location>
  <location>
    <facility>
      <name>Actavis Investigational Study Site #230</name>
      <address>
        <city>Stony Brook</city>
        <state>New York</state>
        <zip>11790</zip>
        <country>United States</country>
      </address>
    </facility>
  </location>
  <location>
    <facility>
      <name>Actavis Investigational Study Site #229</name>
      <address>
        <city>Raleigh</city>
        <state>North Carolina</state>
        <zip>27612</zip>
        <country>United States</country>
      </address>
    </facility>
  </location>
  <location>
    <facility>
      <name>Actavis Investigational Study Site #225</name>
      <address>
        <city>Goodlettsville</city>
        <state>Tennessee</state>
        <zip>37072</zip>
        <country>United States</country>
      </address>
    </facility>
  </location>
  <location>
    <facility>
      <name>Actavis Investigational Study Site #128</name>
      <address>
        <city>Knoxville</city>
        <state>Tennessee</state>
        <zip>37917</zip>
        <country>United States</country>
      </address>
    </facility>
  </location>
  <location>
    <facility>
      <name>Actavis Investigational Study Site #216</name>
      <address>
        <city>Knoxville</city>
        <state>Tennessee</state>
        <zip>37922</zip>
        <country>United States</country>
      </address>
    </facility>
  </location>
  <location>
    <facility>
      <name>Actavis Investigational Study Site #109</name>
      <address>
        <city>Nashville</city>
        <state>Tennessee</state>
        <zip>37215</zip>
        <country>United States</country>
      </address>
    </facility>
  </location>
  <location>
    <facility>
      <name>Actavis Investigational Study Site #223</name>
      <address>
        <city>Arlington</city>
        <state>Texas</state>
        <zip>76011</zip>
        <country>United States</country>
      </address>
    </facility>
  </location>
  <location>
    <facility>
      <name>Actavis Investigational Study Site #220</name>
      <address>
        <city>College Station</city>
        <state>Texas</state>
        <zip>77845</zip>
        <country>United States</country>
      </address>
    </facility>
  </location>
  <location>
    <facility>
      <name>Actavis Investigational Study Site #104</name>
      <address>
        <city>Dallas</city>
        <state>Texas</state>
        <zip>75234</zip>
        <country>United States</country>
      </address>
    </facility>
  </location>
  <location>
    <facility>
      <name>Actavis Investigational Study Site #105</name>
      <address>
        <city>Houston</city>
        <state>Texas</state>
        <zip>77056</zip>
        <country>United States</country>
      </address>
    </facility>
  </location>
  <location>
    <facility>
      <name>Actavis Investigational Study Site #142</name>
      <address>
        <city>Houston</city>
        <state>Texas</state>
        <zip>77004</zip>
        <country>United States</country>
      </address>
    </facility>
  </location>
  <location>
    <facility>
      <name>Actavis Investigational Study Site #201</name>
      <address>
        <city>Katy</city>
        <state>Texas</state>
        <zip>77494</zip>
        <country>United States</country>
      </address>
    </facility>
  </location>
  <location>
    <facility>
      <name>Actavis Investigational Study Site #223</name>
      <address>
        <city>Pflugerville</city>
        <state>Texas</state>
        <zip>78660</zip>
        <country>United States</country>
      </address>
    </facility>
  </location>
  <location>
    <facility>
      <name>Actavis Investigational Study Site #101</name>
      <address>
        <city>Plano</city>
        <state>Texas</state>
        <zip>75093</zip>
        <country>United States</country>
      </address>
    </facility>
  </location>
  <location>
    <facility>
      <name>Actavis Investigational Study Site #207</name>
      <address>
        <city>San Antonio</city>
        <state>Texas</state>
        <zip>78218</zip>
        <country>United States</country>
      </address>
    </facility>
  </location>
  <location>
    <facility>
      <name>Actavis Investigational Study Site #212</name>
      <address>
        <city>West Jordan</city>
        <state>Utah</state>
        <zip>84088</zip>
        <country>United States</country>
      </address>
    </facility>
  </location>
  <location>
    <facility>
      <name>Actavis Investigational Study Site #244</name>
      <address>
        <city>Norfolk</city>
        <state>Virginia</state>
        <zip>23507</zip>
        <country>United States</country>
      </address>
    </facility>
  </location>
  <location>
    <facility>
      <name>Actavis Investigational Study Site #144</name>
      <address>
        <city>Spokane</city>
        <state>Washington</state>
        <zip>99202</zip>
        <country>United States</country>
      </address>
    </facility>
  </location>
  <location>
    <facility>
      <name>Actavis Investigational Study Site #233</name>
      <address>
        <city>Walla Walla</city>
        <state>Washington</state>
        <zip>99362</zip>
        <country>United States</country>
      </address>
    </facility>
  </location>
  <location_countries>
    <country>United States</country>
  </location_countries>
  <verification_date>June 2015</verification_date>
  <lastchanged_date>June 30, 2015</lastchanged_date>
  <firstreceived_date>April 2, 2015</firstreceived_date>
  <responsible_party>
    <responsible_party_type>Sponsor</responsible_party_type>
  </responsible_party>
  <is_fda_regulated>Yes</is_fda_regulated>
  <is_section_801>Yes</is_section_801>
  <has_expanded_access>No</has_expanded_access>
  <condition_browse>
    <!-- CAUTION:  The following MeSH terms are assigned with an imperfect algorithm  -->
    <mesh_term>Acne Vulgaris</mesh_term>
  </condition_browse>
  <!-- Results have not yet been posted for this study                                -->
</clinical_study>
