<?xml version="1.0" encoding="UTF-8"?>
<clinical_study rank="389">
  <!-- This xml conforms to an XML Schema at:
    https://clinicaltrials.gov/ct2/html/images/info/public.xsd
 and an XML DTD at:
    https://clinicaltrials.gov/ct2/html/images/info/public.dtd -->
  <required_header>
    <download_date>ClinicalTrials.gov processed this data on July 08, 2015</download_date>
    <link_text>Link to the current ClinicalTrials.gov record.</link_text>
    <url>https://clinicaltrials.gov/show/NCT01528488</url>
  </required_header>
  <id_info>
    <org_study_id>EVOZAC20110210</org_study_id>
    <nct_id>NCT01528488</nct_id>
  </id_info>
  <brief_title>Prophylactic EVOZAC® Calming Skin Spray for EGFR-TKIs Associated Rash Eruption in NSCLC</brief_title>
  <official_title>A Randomized, Double-blind, Prospective Trial of Prophylactic EVOZAC® Calming Skin Spray for EGFR-TKIs Associated Rash Eruption in Non-small Cell Lung Cancer</official_title>
  <sponsors>
    <lead_sponsor>
      <agency>Sun Yat-sen University</agency>
      <agency_class>Other</agency_class>
    </lead_sponsor>
  </sponsors>
  <source>Sun Yat-sen University</source>
  <oversight_info>
    <authority>China: Food and Drug Administration</authority>
    <has_dmc>No</has_dmc>
  </oversight_info>
  <brief_summary>
    <textblock>
      The epidermal growth factor receptor (EGFR) has become an important target for cancer
      therapy, and the small molecular tyrosine kinase inhibitors (EGFR-TKIs) have played an
      important role in the treatment of non-small cell lung cancer (NSCLC). What accompanies with
      the encouraging efficacy in NSCLC is the common side effects, of which the most common one
      is the specific papular and pustular acne-like rash which affects mainly the face, scalp,
      and upper torso. But till now, no medicament has been proved effective enough to treat or
      prevent the EGFR-TKIs associated rash. The EVOZAC® Calming Skin Spray has shown acceptable
      activity at the rash prevention in our preliminary study, so the investigators conduct the
      randomized, double-blind, controlled trial to evaluate the efficacy and safety of EVOZAC®
      Calming Skin Spray in prevention of EGFR-TKIs associated rash in NSCLC.
    </textblock>
  </brief_summary>
  <detailed_description>
    <textblock>
      Not suitable: no more information is needed to be described.
    </textblock>
  </detailed_description>
  <overall_status>Completed</overall_status>
  <start_date>December 2011</start_date>
  <completion_date type="Actual">July 2013</completion_date>
  <primary_completion_date type="Actual">June 2013</primary_completion_date>
  <phase>Phase 2/Phase 3</phase>
  <study_type>Interventional</study_type>
  <study_design>Allocation: Randomized, Endpoint Classification: Safety/Efficacy Study, Intervention Model: Parallel Assignment, Masking: Double Blind (Subject, Caregiver, Investigator, Outcomes Assessor), Primary Purpose: Prevention</study_design>
  <primary_outcome>
    <measure>Lesion counts in total face at completion of the study period (week 4)</measure>
    <time_frame>12 months</time_frame>
    <safety_issue>No</safety_issue>
  </primary_outcome>
  <number_of_arms>2</number_of_arms>
  <enrollment type="Actual">118</enrollment>
  <condition>Non-small Cell Lung Cancer</condition>
  <arm_group>
    <arm_group_label>EVOZAC</arm_group_label>
    <arm_group_type>Experimental</arm_group_type>
    <description>EVOZAC should be sprayed to the skin of the total face three times per day.</description>
  </arm_group>
  <arm_group>
    <arm_group_label>Physiological saline</arm_group_label>
    <arm_group_type>Placebo Comparator</arm_group_type>
    <description>Physiological saline should be sprayed to the total face three times per day.</description>
  </arm_group>
  <intervention>
    <intervention_type>Other</intervention_type>
    <intervention_name>EVOZAC Calming Skin Spray</intervention_name>
    <description>EVOZAC Calming Skin Spray should be sprayed to the skin in the total face, three times per day</description>
    <arm_group_label>EVOZAC</arm_group_label>
  </intervention>
  <intervention>
    <intervention_type>Other</intervention_type>
    <intervention_name>Physiological saline</intervention_name>
    <description>Physiological saline was used as the placebo of EVOZAC® Calming Skin Spray and should be also sprayed on the total face, three times per day</description>
    <arm_group_label>Physiological saline</arm_group_label>
  </intervention>
  <eligibility>
    <criteria>
      <textblock>
        Inclusion Criteria:

          -  Histologically proven NSCLC diagnosis

          -  Life expectancy over four weeks

          -  absolute neutrophil count ≥ 2.0X109/L, Pt ≥ 100X109/L, hemoglobin ≥ 90g/l

          -  With normal hepatic function(AST, ALT &lt; 2.5 x upper limit of normal , and Total
             bilirubin ≤ upper limit of normal)

          -  Suitable for EGFR-TKIs treatment and expectant duration over four weeks

          -  No specific therapies received within 4 weeks prior to enrollment which may induce
             similar skin reaction,such as Cetuximab, Sorafenib, Avastin.

          -  With a pre-existing peripheral neuropathy (National Cancer Institute Common Toxicity
             Criteria for Adverse Events [NCI-CTC] grade ≥ 3)

          -  No other concomitant therapy referred to the face skin during the study

          -  Signed and dated informed consent

        Exclusion Criteria:

          -  Performance status ≥ 3(ECOG)

          -  Pregnant or breast-feeding patients

          -  The lesion counts can't be evaluated due to concomitant diseases or other conditions

          -  Not suitable for EGFR-TKIs treatment
      </textblock>
    </criteria>
    <gender>Both</gender>
    <minimum_age>N/A</minimum_age>
    <maximum_age>N/A</maximum_age>
    <healthy_volunteers>No</healthy_volunteers>
  </eligibility>
  <overall_official>
    <last_name>li zhang, MD</last_name>
    <role>Principal Investigator</role>
    <affiliation>Sun Yat-sen University</affiliation>
  </overall_official>
  <location>
    <facility>
      <name>Department of Medical Oncology,Cancer Center of Sun Yat-Sen University</name>
      <address>
        <city>Guangzhou</city>
        <state>Guangdong</state>
        <zip>510060</zip>
        <country>China</country>
      </address>
    </facility>
  </location>
  <location_countries>
    <country>China</country>
  </location_countries>
  <verification_date>November 2013</verification_date>
  <lastchanged_date>November 4, 2013</lastchanged_date>
  <firstreceived_date>February 3, 2012</firstreceived_date>
  <responsible_party>
    <responsible_party_type>Principal Investigator</responsible_party_type>
    <investigator_affiliation>Sun Yat-sen University</investigator_affiliation>
    <investigator_full_name>Li Zhang</investigator_full_name>
    <investigator_title>professor</investigator_title>
  </responsible_party>
  <is_fda_regulated>No</is_fda_regulated>
  <has_expanded_access>No</has_expanded_access>
  <condition_browse>
    <!-- CAUTION:  The following MeSH terms are assigned with an imperfect algorithm  -->
    <mesh_term>Carcinoma, Non-Small-Cell Lung</mesh_term>
  </condition_browse>
  <!-- Results have not yet been posted for this study                                -->
</clinical_study>
