<?xml version="1.0" encoding="UTF-8"?>
<clinical_study rank="78">
  <!-- This xml conforms to an XML Schema at:
    https://clinicaltrials.gov/ct2/html/images/info/public.xsd
 and an XML DTD at:
    https://clinicaltrials.gov/ct2/html/images/info/public.dtd -->
  <required_header>
    <download_date>ClinicalTrials.gov processed this data on July 08, 2015</download_date>
    <link_text>Link to the current ClinicalTrials.gov record.</link_text>
    <url>https://clinicaltrials.gov/show/NCT00877409</url>
  </required_header>
  <id_info>
    <org_study_id>EAA461-08/v8</org_study_id>
    <secondary_id>EAA461-08/v8</secondary_id>
    <nct_id>NCT00877409</nct_id>
  </id_info>
  <brief_title>Safety and Efficacy Study of Acnase Creme in the Treatment of Acne Vulgaris I and II</brief_title>
  <acronym>ACNASE</acronym>
  <official_title>A Monocentric, Single-Blind, Randomized, Placebo-Controlled Study of the Safety and Efficacy of the Topical Drug Acnase Creme in the Treatment of Acne Vulgaris I and II</official_title>
  <sponsors>
    <lead_sponsor>
      <agency>Zurita Laboratorio Farmaceutico Ltda.</agency>
      <agency_class>Industry</agency_class>
    </lead_sponsor>
  </sponsors>
  <source>Zurita Laboratorio Farmaceutico Ltda.</source>
  <oversight_info>
    <authority>Brazil: Ethics Committee</authority>
    <authority>Brazil: National Health Surveillance Agency</authority>
    <has_dmc>No</has_dmc>
  </oversight_info>
  <brief_summary>
    <textblock>
      The objective of this study is to establish the safety in use of the topical drug Acnase
      Creme and its effectiveness in treatment of acne grade I (comedones) and II (comedones,
      papules, pustules).
    </textblock>
  </brief_summary>
  <detailed_description>
    <textblock>
      The acne is a common dermatosis in dermatological practice, affects more than 80% of the
      population during the second and third decades of life. It is found worldwide, with no
      evidence of racial or ethnic differences that influence the susceptibility to its
      development. However there is influence of genetic factors, hormones, the use of certain
      drugs that may have previous or aggravate the disease.

      It is an inflammatory disease of the follicle polissebáceo, which consists of large
      sebaceous glands, multiacinares, rudimentary hair follicle and a channel comprising a
      acro-infundibulum in its upper portion and an infra-infundibulum in the dermal portion.

      This is a benign condition, self-limited, but can cause serious psychological problems or
      disfiguring scars, which can persist for the rest of life.

      The initial change is a disorder of follicular epithelial differentiation, during which the
      cornea cells (keratinocytes) which are the follicle polissebáceo are excessively released in
      the lumen. The result of this event is the appearance of the precursor, microcomedão, from
      which the lesions of acne are developed (closed comedones, open comedones, papules, pustules
      and nodules). The dilation of the follicular infundibulum with the material produces a
      corneal comedão closed. This is the first clinically visible lesions of acne. As
      hyperkeratosis extends to the upper infundibulum, extended its opening, it formed the
      comedão open.

      The pathogenesis of acne is complex and understood only in part. The follicular occlusion
      with adherent keratinocytes and activation of hormone secretion resulting in the formation
      of sebaceous microcomedão. Studies suggest that free fatty acids intrafoliculares control
      inflammation through chemotactic properties on leukocytes, monocytes and neutrophils. The
      free fatty acids may provide the primary stimulus for the retention hyperkeratosis
      follicularis. Moreover, tallow provides a favorable substrate for the proliferation of
      Propiniobacterium acnes (P. acnes). Studies suggest that P. acnes, a microaerophilic
      bacterium (almost anaerobic), Gram-positive, has a lipase able to hydrolyze triglycerides in
      sebum into free fatty acids. Therefore, these pathogens play critical role in the generation
      of inflammatory lesions. The P. acnes produces proteases and neuroaminidases, which may
      increase the permeability of the follicular epithelium. Also produce a chemotactic factor of
      low molecular weight that selects the polymorphonuclear leukocytes. In the process of
      phagocytosis of bacteria are released hydrolases, which break the integrity of the
      follicular wall. Subsequently, the content intrafolicular - fragments of keratin, fat, hair,
      and P. acnes - is expelled to the dermis.

      If surface aggregation of neutrophils, as was a wheal, and with the presence of purulent
      secretion, a pustule. With the infiltration of inflammation deep and extensive, a nodule or
      cyst is produced.

      Clinically, the eruption acnéica is located predominantly in the face (90%) and to a lesser
      extent, in the back (60%) and chest (15%). As young man, mainly affects the face, while in
      older, the back.
    </textblock>
  </detailed_description>
  <overall_status>Not yet recruiting</overall_status>
  <start_date>April 2009</start_date>
  <completion_date type="Anticipated">July 2009</completion_date>
  <primary_completion_date type="Anticipated">July 2009</primary_completion_date>
  <phase>Phase 3</phase>
  <study_type>Interventional</study_type>
  <study_design>Allocation: Randomized, Endpoint Classification: Safety/Efficacy Study, Intervention Model: Parallel Assignment, Masking: Single Blind (Subject), Primary Purpose: Treatment</study_design>
  <primary_outcome>
    <measure>Average clinical development of target lesions of the groups for each experimental time.</measure>
    <time_frame>12 weeks</time_frame>
    <safety_issue>No</safety_issue>
  </primary_outcome>
  <secondary_outcome>
    <measure>Clinical evolution of the acne through the counting of inflammatory and non - inflammatory lesions.</measure>
    <time_frame>12 weeks</time_frame>
    <safety_issue>No</safety_issue>
  </secondary_outcome>
  <secondary_outcome>
    <measure>Evaluation of oily skin through the clinical evaluation with four-point scale (absent, mild, moderate, intense)</measure>
    <time_frame>12 weeks</time_frame>
    <safety_issue>No</safety_issue>
  </secondary_outcome>
  <secondary_outcome>
    <measure>Observation of occurrence and intensity of clinical parameters erythema, scaling, itching and burning through the clinical evaluation with four-point scale (absent, mild, moderate, severe).</measure>
    <time_frame>12 weeks</time_frame>
    <safety_issue>Yes</safety_issue>
  </secondary_outcome>
  <number_of_arms>2</number_of_arms>
  <enrollment type="Anticipated">80</enrollment>
  <condition>Acne Vulgaris</condition>
  <arm_group>
    <arm_group_label>Acnase</arm_group_label>
    <arm_group_type>Active Comparator</arm_group_type>
  </arm_group>
  <arm_group>
    <arm_group_label>Vehicle</arm_group_label>
    <arm_group_type>Placebo Comparator</arm_group_type>
  </arm_group>
  <intervention>
    <intervention_type>Drug</intervention_type>
    <intervention_name>Benzoyl Peroxide 5% and Sulphur 2%</intervention_name>
    <description>The product will be applied topically forming a thin layer, 1 time a day (at night) throughout the area affected by lesions.</description>
    <arm_group_label>Acnase</arm_group_label>
    <other_name>Acnase</other_name>
  </intervention>
  <intervention>
    <intervention_type>Drug</intervention_type>
    <intervention_name>Vehicle of Acnase</intervention_name>
    <description>The product will be applied topically forming a thin layer, 1 time a day (at night) throughout the area affected by lesions.</description>
    <arm_group_label>Vehicle</arm_group_label>
    <other_name>Control</other_name>
    <other_name>Vehicle</other_name>
    <other_name>Placebo</other_name>
  </intervention>
  <eligibility>
    <criteria>
      <textblock>
        Inclusion Criteria:

          -  Age: 12 to 35 years;

          -  Oily skin with tendency to acne;

          -  Presence of non-inflammatory lesions and inflammatory, acne vulgaris diagnosed as
             grade I or II, as the following: I) Comedones - only comedones; II) Papulopustular -
             comedones, papules and pustules; III) Nodulocystic - comedones, papules, pustules,
             nodules and cysts; IV) Conglobates - severe acne, usually affects other areas of the
             body, out of preference, giving comedones, papules, pustules, abscesses, confluent
             nodules, cysts and scars.

          -  Agreement in compliance with the procedures of the trial and attend the clinic on
             certain days and times for medical evaluations and scores of injuries acne;

          -  Signing of the Term of Free and Informed Consent and agreement of the lowest in the
             case of patients between 12 and 17 years.

        Exclusion Criteria:

          -  Pregnancy (pregnancy test by urinary indication to women voluntary of childbearing
             age);

          -  Nursing;

          -  Nodulocystic and Conglobates acne;

          -  Conditions associated hormone (tireoid disease, micropolicysts ovaries, adrenal or
             pituitary disorders);

          -  Drug use systemic corticosteroids, anticonvulsants, photo-sensibility and / or new
             drugs for up to 01 months before the selection;

          -  Use of topical therapy, systemic or physical (cleaning of the skin) for the treatment
             of acne at least 01 months before the selection;

          -  History of atopic or allergic skin;

          -  History of hypersensitivity to Benzoyl peroxide or sulfur;

          -  Skin Conditions active (and / or spread) that may interfere with the outcome of the
             study;

          -  Beginning or end-use of contraceptives; (for females)

          -  Sunlight intense exposure until 01 months before the assessment;

          -  Aesthetic treatments, skin up to 01 months before the selection;

          -  Use of specific oily cosmetic for skin / acne and makeup, facial moisturizing, etc..;

          -  Use of the drug Acnase prior to inclusion in the study.
      </textblock>
    </criteria>
    <gender>Both</gender>
    <minimum_age>12 Years</minimum_age>
    <maximum_age>35 Years</maximum_age>
    <healthy_volunteers>No</healthy_volunteers>
  </eligibility>
  <overall_official>
    <last_name>Sérgio Schalka, MD</last_name>
    <role>Principal Investigator</role>
    <affiliation>Medcin Instituto da Pele Ltda</affiliation>
  </overall_official>
  <overall_contact>
    <last_name>Sergio Schalka, MD</last_name>
    <phone>55-11-36546362</phone>
    <email>sergio@medcinonline.com.br</email>
  </overall_contact>
  <location>
    <facility>
      <name>Medcin Instituto da Pele Ltda.</name>
      <address>
        <city>Osasco</city>
        <state>São Paulo</state>
        <zip>06023-000</zip>
        <country>Brazil</country>
      </address>
    </facility>
    <status>Not yet recruiting</status>
    <contact>
      <last_name>Sergio Schalka, MD</last_name>
      <phone>55-11-36546362</phone>
      <email>sergio@medcinonline.com.br</email>
    </contact>
    <investigator>
      <last_name>Sergio Schalka, MD</last_name>
      <role>Principal Investigator</role>
    </investigator>
  </location>
  <location_countries>
    <country>Brazil</country>
  </location_countries>
  <verification_date>April 2009</verification_date>
  <lastchanged_date>April 6, 2009</lastchanged_date>
  <firstreceived_date>April 6, 2009</firstreceived_date>
  <responsible_party>
    <name_title>Zurita Laboratorio Farmaceutico Ltda.</name_title>
    <organization>Zurita Laboratorio Farmaceutico Ltda.</organization>
  </responsible_party>
  <keyword>Acnase</keyword>
  <keyword>Acne Vulgaris</keyword>
  <keyword>Safety</keyword>
  <keyword>Efficacy</keyword>
  <is_fda_regulated>No</is_fda_regulated>
  <has_expanded_access>No</has_expanded_access>
  <condition_browse>
    <!-- CAUTION:  The following MeSH terms are assigned with an imperfect algorithm  -->
    <mesh_term>Acne Vulgaris</mesh_term>
  </condition_browse>
  <intervention_browse>
    <!-- CAUTION:  The following MeSH terms are assigned with an imperfect algorithm  -->
    <mesh_term>Benzoyl Peroxide</mesh_term>
  </intervention_browse>
  <!-- Results have not yet been posted for this study                                -->
</clinical_study>
