<?xml version="1.0" encoding="UTF-8"?>
<clinical_study rank="315">
  <!-- This xml conforms to an XML Schema at:
    https://clinicaltrials.gov/ct2/html/images/info/public.xsd
 and an XML DTD at:
    https://clinicaltrials.gov/ct2/html/images/info/public.dtd -->
  <required_header>
    <download_date>ClinicalTrials.gov processed this data on July 08, 2015</download_date>
    <link_text>Link to the current ClinicalTrials.gov record.</link_text>
    <url>https://clinicaltrials.gov/show/NCT01138514</url>
  </required_header>
  <id_info>
    <org_study_id>PRG-716</org_study_id>
    <nct_id>NCT01138514</nct_id>
  </id_info>
  <brief_title>Clinical Study Between Two Clindamycin 1%/Benzoyl Peroxide 5% Topical Gels</brief_title>
  <official_title>A Multi-Center, Double-Blind, Randomized, Vehicle-Controlled, Parallel-Group Study to Compare Perrigo Israel Pharmaceuticals, Ltd., Clindamycin 1%/Benzoyl Peroxide 5% Topical Gel to a Comparator Clindamycin / Benzoyl Peroxide Topical Gel, and Both Active Treatments to a Vehicle Control in the Treatment of Acne Vulgaris</official_title>
  <sponsors>
    <lead_sponsor>
      <agency>Perrigo Company</agency>
      <agency_class>Industry</agency_class>
    </lead_sponsor>
  </sponsors>
  <source>Perrigo Company</source>
  <oversight_info>
    <authority>United States: Institutional Review Board</authority>
    <has_dmc>Yes</has_dmc>
  </oversight_info>
  <brief_summary>
    <textblock>
      The purpose of this study is to compare the efficacy and safety profiles of Perrigo Israel
      Pharmaceuticals, Ltd. Clindamycin 1%/Benzoyl Peroxide 5% Topical Gel and Benzaclin® Topical
      Gel (Clindamycin- Benzoyl Peroxide Gel).
    </textblock>
  </brief_summary>
  <overall_status>Completed</overall_status>
  <start_date>October 2009</start_date>
  <completion_date type="Actual">October 2010</completion_date>
  <primary_completion_date type="Actual">October 2010</primary_completion_date>
  <phase>Phase 3</phase>
  <study_type>Interventional</study_type>
  <study_design>Allocation: Randomized, Endpoint Classification: Bio-equivalence Study, Intervention Model: Parallel Assignment, Masking: Double Blind (Subject, Investigator), Primary Purpose: Treatment</study_design>
  <primary_outcome>
    <measure>Mean percent change from baseline in both inflammatory and non-inflammatory lesions</measure>
    <time_frame>11 weeks</time_frame>
    <safety_issue>No</safety_issue>
  </primary_outcome>
  <number_of_arms>3</number_of_arms>
  <enrollment type="Actual">1555</enrollment>
  <condition>Acne Vulgaris</condition>
  <arm_group>
    <arm_group_label>Clindamycin 1%/Benzoyl Peroxide 5%</arm_group_label>
    <arm_group_type>Active Comparator</arm_group_type>
  </arm_group>
  <arm_group>
    <arm_group_label>Reference Product</arm_group_label>
    <arm_group_type>Active Comparator</arm_group_type>
  </arm_group>
  <arm_group>
    <arm_group_label>Vehicle</arm_group_label>
    <arm_group_type>Placebo Comparator</arm_group_type>
  </arm_group>
  <intervention>
    <intervention_type>Drug</intervention_type>
    <intervention_name>Clindamycin 1% / Benzoyl Peroxide 5% (Perrigo)</intervention_name>
    <description>Applied to the entire face twice daily for 10 weeks</description>
    <arm_group_label>Clindamycin 1%/Benzoyl Peroxide 5%</arm_group_label>
  </intervention>
  <intervention>
    <intervention_type>Drug</intervention_type>
    <intervention_name>Clindamycin 1% / Benzoyl Peroxide 5% (Benzaclin)</intervention_name>
    <description>Applied to the entire face twice daily for 10 weeks</description>
    <arm_group_label>Reference Product</arm_group_label>
  </intervention>
  <intervention>
    <intervention_type>Drug</intervention_type>
    <intervention_name>Placebo</intervention_name>
    <description>Placebo</description>
    <arm_group_label>Vehicle</arm_group_label>
  </intervention>
  <eligibility>
    <criteria>
      <textblock>
        Inclusion Criteria:

          -  Healthy men or women, 12 to 65 years of age

          -  Willing to participate and sign provide written consent

          -  Moderate to severe acne

        Exclusion Criteria:

          -  Pregnant or lactating women

          -  History of unresponsiveness or hypersensitivity to clindamycin, benzoyl peroxide or
             lincomycin

          -  Use of systemic, topical or facial products which may interfere with the study

          -  Participation in any clinical study in the 30 days prior to study entry

          -  Prolonged exposure to sunlight or excessive exposure to UV lights

          -  Chronic use of NSAIDS
      </textblock>
    </criteria>
    <gender>Both</gender>
    <minimum_age>12 Years</minimum_age>
    <maximum_age>65 Years</maximum_age>
    <healthy_volunteers>No</healthy_volunteers>
  </eligibility>
  <verification_date>June 2012</verification_date>
  <lastchanged_date>June 19, 2012</lastchanged_date>
  <firstreceived_date>June 4, 2010</firstreceived_date>
  <responsible_party>
    <responsible_party_type>Sponsor</responsible_party_type>
  </responsible_party>
  <is_fda_regulated>Yes</is_fda_regulated>
  <is_section_801>Yes</is_section_801>
  <has_expanded_access>No</has_expanded_access>
  <condition_browse>
    <!-- CAUTION:  The following MeSH terms are assigned with an imperfect algorithm  -->
    <mesh_term>Acne Vulgaris</mesh_term>
  </condition_browse>
  <intervention_browse>
    <!-- CAUTION:  The following MeSH terms are assigned with an imperfect algorithm  -->
    <mesh_term>Benzoyl Peroxide</mesh_term>
    <mesh_term>Clindamycin</mesh_term>
    <mesh_term>Clindamycin palmitate</mesh_term>
    <mesh_term>Clindamycin phosphate</mesh_term>
  </intervention_browse>
  <!-- Results have not yet been posted for this study                                -->
</clinical_study>
