<?xml version="1.0" encoding="UTF-8"?>
<clinical_study rank="62">
  <!-- This xml conforms to an XML Schema at:
    https://clinicaltrials.gov/ct2/html/images/info/public.xsd
 and an XML DTD at:
    https://clinicaltrials.gov/ct2/html/images/info/public.dtd -->
  <required_header>
    <download_date>ClinicalTrials.gov processed this data on July 08, 2015</download_date>
    <link_text>Link to the current ClinicalTrials.gov record.</link_text>
    <url>https://clinicaltrials.gov/show/NCT01193764</url>
  </required_header>
  <id_info>
    <org_study_id>20100520 - Intramural - Berman</org_study_id>
    <nct_id>NCT01193764</nct_id>
  </id_info>
  <brief_title>Study Assessing the Effect of Chocolate Consumption in Subjects With A History of Acne Vulgaris</brief_title>
  <official_title>Double Blind Placebo Controlled Study Assessing the Effect of Chocolate Consumption in Subjects With A History of Acne Vulgaris</official_title>
  <sponsors>
    <lead_sponsor>
      <agency>University of Miami</agency>
      <agency_class>Other</agency_class>
    </lead_sponsor>
  </sponsors>
  <source>University of Miami</source>
  <oversight_info>
    <authority>United States: Institutional Review Board</authority>
    <has_dmc>Yes</has_dmc>
  </oversight_info>
  <brief_summary>
    <textblock>
      The investigators conducted a recent pilot study and found a strong positive correlation
      between the consumption of 100% chocolate and acne exacerbation. However, this study had
      limitations including the lack of placebo and the small sample size. Although studies have
      been conducted assessing chocolate's effect on acne, no study has been done evaluating this
      effect using chocolate with 100% cocoa content in a double blind placebo controlled fashion.
      This study will analyze the difference in the number and type of acneiform lesions per
      subject at the different time points (Day 4 and Day 7) compared to baseline in order to
      increase the validity of the investigators results. In addition, the investigators will use
      unsweetened cocoa powder,12 rather than chocolate candy, which contains higher quantities of
      additive ingredients such as sugar and milk to avoid interference with the results and the
      possibility to establish or not an association between the unsweetened cocoa and an effect
      on acne.
    </textblock>
  </brief_summary>
  <overall_status>Recruiting</overall_status>
  <start_date>September 2010</start_date>
  <completion_date type="Anticipated">March 2011</completion_date>
  <primary_completion_date type="Anticipated">March 2011</primary_completion_date>
  <phase>N/A</phase>
  <study_type>Interventional</study_type>
  <study_design>Allocation: Randomized, Intervention Model: Parallel Assignment, Masking: Double Blind (Subject, Caregiver, Investigator, Outcomes Assessor), Primary Purpose: Diagnostic</study_design>
  <primary_outcome>
    <measure>development of acneiform lesions</measure>
    <time_frame>7 days</time_frame>
    <safety_issue>No</safety_issue>
    <description>Evaluations will be performed using clinical assessments 4 days and 7 days after baseline evaluations (+/- 1 days).</description>
  </primary_outcome>
  <number_of_arms>2</number_of_arms>
  <enrollment type="Anticipated">24</enrollment>
  <condition>Acne</condition>
  <arm_group>
    <arm_group_label>cocoa</arm_group_label>
    <arm_group_type>Experimental</arm_group_type>
    <description>unsweetened 100% cocoa (Ghirardelli)</description>
  </arm_group>
  <arm_group>
    <arm_group_label>placebo</arm_group_label>
    <arm_group_type>Placebo Comparator</arm_group_type>
    <description>hydrolyzed gelatin powder (Gelita)</description>
  </arm_group>
  <intervention>
    <intervention_type>Dietary Supplement</intervention_type>
    <intervention_name>100% cocoa powder</intervention_name>
    <description>A single-center, prospective, double blind, placebo controlled study will be conducted in which male subjects with very mild acne swallow capsules filled with either unsweetened 100% cocoa (Ghirardelli), hydrolyzed gelatin powder (Gelita), or a combination of the two, at baseline. The study team will fill the capsules with either 6 oz. of hydrolyzed gelatin, 6 oz. cocoa powder (Ghirardelli ©), or a 6 oz. combination of cocoa powder (Ghirardelli ©) and hydrolyzed gelatin, totaling 6oz using a capsule encapsulation sheet (holding 60 capsules that need to be filled each time). All subjects will ingest the same number of total capsules. Evaluations will be performed using clinical assessments 4 days and 7 days after baseline evaluations (+/- 1 days).</description>
    <arm_group_label>cocoa</arm_group_label>
    <other_name>100% cocoa powder (Ghirardelli ©)</other_name>
    <other_name>blue and white gelatin capsules (Capsuline)</other_name>
  </intervention>
  <intervention>
    <intervention_type>Dietary Supplement</intervention_type>
    <intervention_name>gelatin (Gelita)</intervention_name>
    <description>A single-center, prospective, double blind, placebo controlled study will be conducted in which male subjects with very mild acne swallow capsules filled with either unsweetened 100% cocoa (Ghirardelli), hydrolyzed gelatin powder (Gelita), or a combination of the two, at baseline. The study team will fill the capsules with either 6 oz. of hydrolyzed gelatin, 6 oz. cocoa powder (Ghirardelli ©), or a 6 oz. combination of cocoa powder (Ghirardelli ©) and hydrolyzed gelatin, totaling 6oz using a capsule encapsulation sheet (holding 60 capsules that need to be filled each time). All subjects will ingest the same number of total capsules. Evaluations will be performed using clinical assessments 4 days and 7 days after baseline evaluations (+/- 1 days).</description>
    <arm_group_label>placebo</arm_group_label>
    <other_name>hydrolyzed gelatin (Gelita)</other_name>
    <other_name>blue and white gelatin capsules (Capsuline)</other_name>
  </intervention>
  <eligibility>
    <criteria>
      <textblock>
        Inclusion Criteria:

          -  Post-pubescent males between the ages of 18-35 with minimal facial acne lesions
             defined as no less than 1 comedone and/or papule and no more than 8 total comedones
             and papules at Screening/Baseline

          -  Subjects who have no more than 2 papules at baseline

          -  Subjects who have no facial pustules at Screening/Baseline

          -  Subjects who have a history of facial acne vulgaris

          -  Subjects with a score of 0 or 1 on the investigator's Global Assessment Scale (See
             Appendix A)

          -  Subjects must sign an informed consent form

          -  Subjects must remain in the South Florida area during the study

          -  Volunteers in general good health

          -  Volunteers on no over the counter or prescribed medication, including supplements

          -  Subjects must be literate in the English language

        Exclusion Criteria:

          -  Subjects of the female gender

          -  Subjects with a history of diabetes mellitus

          -  Subjects who have had allergic reactions to cocoa or gelatin

          -  Subjects who have more than 8 total comedones and papules at Screening/Baseline

          -  Subjects who have more than 2 papules at screening/baseline

          -  Subjects who have one or more pustules and/or nodules at Screening/Baseline

          -  Subjects with a history of taking anti-acne oral medication (i.e. isotretinoine)
             during the past six months

          -  Subjects who have used any oral antibiotics in the past two weeks

          -  Subjects currently applying any over-the-counter or prescribed anti-acne medication
             including, but not limited to, retinoic acid or benzoyl peroxide over the past six
             weeks

          -  Subjects who have used facial topical or injectable steroids 6 weeks prior to
             screening/baseline and during the study

          -  Subjects currently taking any over-the-counter or prescribed medication including but
             not limited to oral supplements, vitamin A, etc. over the past two weeks

          -  Subjects who used systemic corticosteroids 6 weeks prior to screening/baseline or
             during the study

          -  Subjects taking drugs known to be photosensitizers including, but not limited to,
             phenothiazines, amiodarone, quinine, thiazides, tetracyclines, sulphonamides,
             quinolones

          -  Subjects who are expected to have excess sun exposure during the study

          -  Subjects who will not be in the South Florida area during the study

          -  Subjects who are diagnosed with obesity with a BMI of 30 or greater

          -  Subjects who have a history of hypertriglyceridemia
      </textblock>
    </criteria>
    <gender>Male</gender>
    <minimum_age>18 Years</minimum_age>
    <maximum_age>35 Years</maximum_age>
    <healthy_volunteers>Accepts Healthy Volunteers</healthy_volunteers>
  </eligibility>
  <overall_official>
    <last_name>Samantha Block, B.S.</last_name>
    <role>Study Director</role>
    <affiliation>University of Miami</affiliation>
  </overall_official>
  <overall_official>
    <last_name>Brian Berman, M.D., Ph.D.</last_name>
    <role>Principal Investigator</role>
    <affiliation>University of Miami</affiliation>
  </overall_official>
  <overall_official>
    <last_name>Caroline Caperton, M.D., M.S.P.H.</last_name>
    <role>Study Chair</role>
    <affiliation>University of Miami</affiliation>
  </overall_official>
  <overall_official>
    <last_name>Whitney Valins, B.S.</last_name>
    <role>Study Chair</role>
    <affiliation>University of Miami</affiliation>
  </overall_official>
  <overall_contact>
    <last_name>Samantha Block, B.S.</last_name>
    <phone>305-243-5519</phone>
    <email>sblock@med.miami.edu</email>
  </overall_contact>
  <overall_contact_backup>
    <last_name>Caroline Caperton, M.D.</last_name>
    <phone>305-243-5519</phone>
    <email>dermatology.research@med.miami.edu</email>
  </overall_contact_backup>
  <location>
    <facility>
      <name>University of Miami</name>
      <address>
        <city>Miami</city>
        <state>Florida</state>
        <zip>33136</zip>
        <country>United States</country>
      </address>
    </facility>
    <status>Recruiting</status>
    <contact>
      <last_name>Sam Block, B.S.</last_name>
      <phone>305-243-5519</phone>
      <email>sblock@med.miami.edu</email>
    </contact>
    <contact_backup>
      <last_name>Caroline Caperton, M.D., M.S.P.H.</last_name>
      <phone>305-243-5519</phone>
      <email>dermatology.research@med.miami.edu</email>
    </contact_backup>
    <investigator>
      <last_name>Brian Berman, M.D., Ph.D.</last_name>
      <role>Principal Investigator</role>
    </investigator>
    <investigator>
      <last_name>Samantha Block, B.S.</last_name>
      <role>Sub-Investigator</role>
    </investigator>
    <investigator>
      <last_name>Caroline Caperton, M.D., M.S.P.H.</last_name>
      <role>Sub-Investigator</role>
    </investigator>
    <investigator>
      <last_name>Whitney Valins, B.S.</last_name>
      <role>Sub-Investigator</role>
    </investigator>
  </location>
  <location_countries>
    <country>United States</country>
  </location_countries>
  <verification_date>August 2010</verification_date>
  <lastchanged_date>September 1, 2010</lastchanged_date>
  <firstreceived_date>September 1, 2010</firstreceived_date>
  <responsible_party>
    <name_title>Brian Berman, Ph.D., M.D.</name_title>
    <organization>University of Miami, Department of Dermatology and Cutaneous Surgery</organization>
  </responsible_party>
  <keyword>acne</keyword>
  <keyword>cocoa</keyword>
  <keyword>chocolate</keyword>
  <keyword>gelatin</keyword>
  <keyword>pustule</keyword>
  <keyword>comedones</keyword>
  <keyword>papules</keyword>
  <keyword>pustules</keyword>
  <is_fda_regulated>No</is_fda_regulated>
  <has_expanded_access>No</has_expanded_access>
  <condition_browse>
    <!-- CAUTION:  The following MeSH terms are assigned with an imperfect algorithm  -->
    <mesh_term>Acne Vulgaris</mesh_term>
  </condition_browse>
  <!-- Results have not yet been posted for this study                                -->
</clinical_study>
