<?xml version="1.0" encoding="UTF-8"?>
<clinical_study rank="410">
  <!-- This xml conforms to an XML Schema at:
    https://clinicaltrials.gov/ct2/html/images/info/public.xsd
 and an XML DTD at:
    https://clinicaltrials.gov/ct2/html/images/info/public.dtd -->
  <required_header>
    <download_date>ClinicalTrials.gov processed this data on July 08, 2015</download_date>
    <link_text>Link to the current ClinicalTrials.gov record.</link_text>
    <url>https://clinicaltrials.gov/show/NCT02075671</url>
  </required_header>
  <id_info>
    <org_study_id>031416</org_study_id>
    <nct_id>NCT02075671</nct_id>
  </id_info>
  <brief_title>Photodynamic Therapy for Papulopustular Rosacea</brief_title>
  <official_title>Photodynamic Therapy for Papulopustular Rosacea</official_title>
  <sponsors>
    <lead_sponsor>
      <agency>George Washington University</agency>
      <agency_class>Other</agency_class>
    </lead_sponsor>
    <collaborator>
      <agency>DUSA Pharmaceuticals, Inc.</agency>
      <agency_class>Industry</agency_class>
    </collaborator>
  </sponsors>
  <source>George Washington University</source>
  <oversight_info>
    <authority>United States: Food and Drug Administration</authority>
    <has_dmc>No</has_dmc>
  </oversight_info>
  <brief_summary>
    <textblock>
      Rosacea is a chronic inflammatory disorder that is characterized by severe flushing
      (transient erythema), non-transient erythema, papules, pustules, and telangiectasia. Topical
      therapy is not always effective in treating symptoms of rosacea. Furthermore, rapid
      recurrence is common following the use of systemic antibiotics, resulting in the chronic use
      of these medications to control the disease. Although the exact pathogenesis of rosacea is
      unknown, treatment for this condition has been investigated based on its similarity to acne
      and photodamaged skin. Case reports have shown promising results in rosacea patients treated
      with methyl aminolevulinate photodynamic therapy (MAL - PDT).  Other than a case report
      which observed significant improvement of papules, pustules, erythema, and flushing
      following 5 - aminolevulinic acid photodynamic therapy (ALA-PDT) treatment of a patient with
      rosacea, the role of ALA-PDT in the treatment of rosacea has not been reported.

      We have designed a pilot study investigating the efficacy of ALA-PDT in treating
      papulopustular rosacea. The objectives of the study are as follows:

      Primary objective:

        1. To evaluate improvement of the inflammatory lesions (papules, pustules, nodules),
           erythema, and telangiectasia of rosacea as assessed by the Investigator's Global
           Assessment (IGA).

        2. To evaluate improvement of the inflammatory lesions (papules, pustules, nodules) of
           rosacea as assessed by the Inflammatory Lesion Investigator's Global Assessment
           (ILIGA).

           Secondary objectives:

        3. To evaluate improvement of rosacea associated erythema as assessed by the Clinical
           Erythema Assessment (CEA) scale.

        4. To evaluate improvement of the inflammatory lesions (papules, pustules, nodules) of
           rosacea as measured by a difference in inflammatory lesion count.

        5. To evaluate improvement of rosacea as assessed by the Patient Overall Assessment Scale.
    </textblock>
  </brief_summary>
  <overall_status>Recruiting</overall_status>
  <start_date>April 2014</start_date>
  <primary_completion_date type="Anticipated">December 2015</primary_completion_date>
  <phase>Phase 4</phase>
  <study_type>Interventional</study_type>
  <study_design>Allocation: Randomized, Endpoint Classification: Efficacy Study, Intervention Model: Single Group Assignment, Masking: Double Blind (Subject, Outcomes Assessor), Primary Purpose: Treatment</study_design>
  <primary_outcome>
    <measure>Improvement of the inflammatory lesions (papules, pustules, nodules), erythema, and telangiectasia of rosacea as assessed by the Investigator's Global Assessment (IGA)</measure>
    <time_frame>17 weeks</time_frame>
    <safety_issue>No</safety_issue>
  </primary_outcome>
  <primary_outcome>
    <measure>Improvement of the inflammatory lesions (papules, pustules, nodules) of rosacea as assessed by the Inflammatory Lesion Investigator's Global Assessment (ILIGA)</measure>
    <time_frame>17 weeks</time_frame>
    <safety_issue>No</safety_issue>
  </primary_outcome>
  <secondary_outcome>
    <measure>Evaluate improvement of rosacea associated erythema as assessed by the Clinical Erythema Assessment (CEA) scale</measure>
    <time_frame>17 weeks</time_frame>
    <safety_issue>No</safety_issue>
  </secondary_outcome>
  <secondary_outcome>
    <measure>Evaluate improvement of the inflammatory lesions (papules, pustules, nodules) of rosacea as measured by a difference in inflammatory lesion count</measure>
    <time_frame>17 weeks</time_frame>
    <safety_issue>No</safety_issue>
  </secondary_outcome>
  <secondary_outcome>
    <measure>Evaluate improvement of rosacea as assessed by the Patient Overall Assessment Scale</measure>
    <time_frame>17 weeks</time_frame>
    <safety_issue>No</safety_issue>
  </secondary_outcome>
  <number_of_arms>3</number_of_arms>
  <enrollment type="Anticipated">30</enrollment>
  <condition>Rosacea</condition>
  <condition>Papulopustular Rosacea</condition>
  <arm_group>
    <arm_group_label>Levulan and Blu-U Light</arm_group_label>
    <arm_group_type>Experimental</arm_group_type>
    <description>Entire face treated with 20% Aminolevulinic Acid (Levulan) and Blu-U light</description>
  </arm_group>
  <arm_group>
    <arm_group_label>Vehicle and Blu-U Light</arm_group_label>
    <arm_group_type>Sham Comparator</arm_group_type>
    <description>Entire face treated with vehicle substance only and Blu-U light</description>
  </arm_group>
  <arm_group>
    <arm_group_label>Vehicle Only</arm_group_label>
    <arm_group_type>Placebo Comparator</arm_group_type>
  </arm_group>
  <intervention>
    <intervention_type>Drug</intervention_type>
    <intervention_name>Aminolevulinic acid topical solution 20%</intervention_name>
    <arm_group_label>Levulan and Blu-U Light</arm_group_label>
    <other_name>Levulan Kerastick</other_name>
  </intervention>
  <intervention>
    <intervention_type>Device</intervention_type>
    <intervention_name>Blu-U Light Therapy</intervention_name>
    <arm_group_label>Levulan and Blu-U Light</arm_group_label>
    <arm_group_label>Vehicle and Blu-U Light</arm_group_label>
  </intervention>
  <eligibility>
    <criteria>
      <textblock>
        Inclusion Criteria:

          1. Ages 18-79 years

          2. Clinical diagnosis of papulopustular rosacea based on physician evaluation. Only
             patients with 3-50 papules and/or pustules, and a CEA total score ≥ 5, (See Section
             4.1.3) will be enrolled.

          3. History of failing at least one conventional treatment for rosacea (metronidazole,
             sodium sulfacetamide, tetracycline, azelaic acid) or not interested in continuous
             treatment with these agents.

        Exclusion Criteria:

          1. &lt; 18 or &gt; 79 years of age

          2. Allergy to 5 - aminolevulinic acid (ALA) or any component of the vehicle

          3. Use of topical acne or rosacea treatments (on the face) within 2 weeks prior to Visit
             1

          4. Use of systemic antibiotics within 1 month prior to Visit 1

          5. Use of topical retinoids (on the face) within 1 month prior to Visit 1

          6. Use of systemic retinoids, including isotretinoin, within 6 months prior to Visit 1.

          7. Use of laser or light based rosacea treatments (on the face) within 1 month prior to
             Visit 1

          8. Cosmetic procedures (e.g., superficial chemical peels, exfoliation or
             microdermabrasion of the face) within 2 months prior to Visit 1

          9. Use of topical corticosteroids (on the face) 1 month prior to Visit 1

         10. Use of systemic corticosteroids 3 months prior to Visit 1

         11. Known or suspected history of drug or alcohol abuse within the past 6 months as
             determined by the medical record or patient interview

         12. History of adverse reaction to light exposure

         13. History of disorder of porphyrin metabolism

         14. Scarring or infection in the area being treated

         15. Extensive facial hair that would either impair blue light exposure or interfere with
             lesion evaluation

         16. Inability to make study visits or anticipated poor compliance

         17. Pregnant females or nursing mothers. Eligible women of reproductive age will be
             required to have a negative urine pregnancy test at screening. They will also be
             required to be on at least one reliable form of effective birth control [examples:
             barrier method (condoms, diaphragm), oral, injectable, implant birth control or
             abstinence] during the course of this study and 30 days following the last treatment
             period.

         18. Life threatening illness that would interfere with the patient's ability to complete
             the study

         19. Participation in another clinical experimental therapeutic study within 30 days of
             screening visit

         20. Any history or evidence of severe illness or any other condition that would make the
             patient, in the opinion of the investigator, unsuitable for the study.
      </textblock>
    </criteria>
    <gender>Both</gender>
    <minimum_age>18 Years</minimum_age>
    <maximum_age>79 Years</maximum_age>
    <healthy_volunteers>Accepts Healthy Volunteers</healthy_volunteers>
  </eligibility>
  <overall_official>
    <last_name>Alison Ehrlich, MD, MHS</last_name>
    <role>Principal Investigator</role>
    <affiliation>George Washington University Department of Dermatology</affiliation>
  </overall_official>
  <overall_contact>
    <last_name>Monica Rengifo-pardo</last_name>
    <phone>202-741-2625</phone>
    <email>mrengifopardo@mfa.gwu.edu</email>
  </overall_contact>
  <overall_contact_backup>
    <last_name>Nicole Swanson</last_name>
    <phone>202-741-2437</phone>
    <email>nbisby@mfa.gwu.edu</email>
  </overall_contact_backup>
  <location>
    <facility>
      <name>Medical Faculty Associates - George Washington University</name>
      <address>
        <city>Washington</city>
        <state>District of Columbia</state>
        <zip>20037</zip>
        <country>United States</country>
      </address>
    </facility>
    <status>Recruiting</status>
    <contact>
      <last_name>Monica Rengifopardo, MD</last_name>
      <phone>202-741-2625</phone>
      <email>mrengifopardo@mfa.gwu.edu</email>
    </contact>
    <investigator>
      <last_name>Alison Ehrlich, MD, MHS</last_name>
      <role>Principal Investigator</role>
    </investigator>
  </location>
  <location_countries>
    <country>United States</country>
  </location_countries>
  <verification_date>April 2014</verification_date>
  <lastchanged_date>December 15, 2014</lastchanged_date>
  <firstreceived_date>February 27, 2014</firstreceived_date>
  <responsible_party>
    <responsible_party_type>Sponsor</responsible_party_type>
  </responsible_party>
  <keyword>Rosacea</keyword>
  <keyword>Photodynamic Therapy</keyword>
  <keyword>Aminolevulinic Acid</keyword>
  <keyword>Papulopustular Rosacea</keyword>
  <keyword>Blue Light</keyword>
  <is_fda_regulated>Yes</is_fda_regulated>
  <is_section_801>Yes</is_section_801>
  <has_expanded_access>No</has_expanded_access>
  <condition_browse>
    <!-- CAUTION:  The following MeSH terms are assigned with an imperfect algorithm  -->
    <mesh_term>Rosacea</mesh_term>
  </condition_browse>
  <intervention_browse>
    <!-- CAUTION:  The following MeSH terms are assigned with an imperfect algorithm  -->
    <mesh_term>Aminolevulinic Acid</mesh_term>
  </intervention_browse>
  <!-- Results have not yet been posted for this study                                -->
</clinical_study>
