<?xml version="1.0" encoding="UTF-8"?>
<clinical_study rank="172">
  <!-- This xml conforms to an XML Schema at:
    https://clinicaltrials.gov/ct2/html/images/info/public.xsd
 and an XML DTD at:
    https://clinicaltrials.gov/ct2/html/images/info/public.dtd -->
  <required_header>
    <download_date>ClinicalTrials.gov processed this data on July 08, 2015</download_date>
    <link_text>Link to the current ClinicalTrials.gov record.</link_text>
    <url>https://clinicaltrials.gov/show/NCT00160394</url>
  </required_header>
  <id_info>
    <org_study_id>S194-INT-04</org_study_id>
    <nct_id>NCT00160394</nct_id>
  </id_info>
  <brief_title>Comparison of Duac® Gel And Differin® Gel in Mild to Moderate Acne Vulgaris</brief_title>
  <official_title>Multi-Centre, Single-Blind, Parallel Group, Clinical Evaluation of the Efficacy and Safety of Duac® Gel And Differin® Gel in the Topical Treatment of Mild to Moderate Acne Vulgaris</official_title>
  <sponsors>
    <lead_sponsor>
      <agency>Stiefel, a GSK Company</agency>
      <agency_class>Industry</agency_class>
    </lead_sponsor>
    <collaborator>
      <agency>GlaxoSmithKline</agency>
      <agency_class>Industry</agency_class>
    </collaborator>
  </sponsors>
  <source>GlaxoSmithKline</source>
  <oversight_info>
    <authority>United Kingdom: Medicines and Healthcare Products Regulatory Agency</authority>
  </oversight_info>
  <brief_summary>
    <textblock>
      Comparing the efficacy and safety of a gel formulation containing a combination of
      clindamycin phosphate (equivalent to 1% clindamycin) and benzoyl peroxide (5%) once daily
      with a gel containing 0.1% adapalene once daily in the treatment of acne vulgaris of mild to
      moderate severity.
    </textblock>
  </brief_summary>
  <detailed_description>
    <textblock>
      Title: A Multi-Centre, Single-Blind, Parallel Group, Clinical Evaluation of the Efficacy and
      Safety of Duac® Gel (a Gel Containing Clindamycin Phosphate [Equivalent to 1% Clindamycin]
      and 5% Benzoyl Peroxide) And Differin® Gel (a Gel Containing 0.1% Adapalene) in the Topical
      Treatment of Mild to Moderate Acne Vulgaris

      Objectives:  To compare the efficacy and safety of a gel formulation containing a
      combination of clindamycin phosphate (equivalent to 1% clindamycin) and benzoyl peroxide
      (5%) once daily with a gel containing 0.1% adapalene once daily in the treatment of acne
      vulgaris of mild to moderate severity.

      Study methodology: Randomised, comparator-controlled, single-blind trial. The Investigators/
      Assessors will be blinded to the treatment received.

      Study population: Male and female patients, aged 12-39, with mild to moderate acne vulgaris.
    </textblock>
  </detailed_description>
  <overall_status>Completed</overall_status>
  <start_date>December 2004</start_date>
  <completion_date type="Actual">August 2005</completion_date>
  <primary_completion_date type="Actual">August 2005</primary_completion_date>
  <phase>Phase 4</phase>
  <study_type>Interventional</study_type>
  <study_design>Allocation: Randomized, Endpoint Classification: Safety/Efficacy Study, Intervention Model: Parallel Assignment, Masking: Single Blind, Primary Purpose: Treatment</study_design>
  <primary_outcome>
    <measure>Percentage change from baseline of inflammatory lesion counts at week 2</measure>
  </primary_outcome>
  <secondary_outcome>
    <measure>Absolute change from baseline of inflammatory lesion counts at week 2.</measure>
  </secondary_outcome>
  <secondary_outcome>
    <measure>Absolute change and percentage change from baseline of inflammatory lesion counts at weeks 1, 4, 8 and 12.</measure>
  </secondary_outcome>
  <secondary_outcome>
    <measure>Absolute change and percentage change from baseline of non-inflammatory lesion counts and total lesion counts at weeks 1, 2, 4, 8 and 12.</measure>
  </secondary_outcome>
  <secondary_outcome>
    <measure>Also, acne grade and global change score at weeks 1, 2, 4, 8 and 12 will be investigated.</measure>
  </secondary_outcome>
  <secondary_outcome>
    <measure>Patient's self-rating assessment at weeks 1, 2, 4, 8 and 12.</measure>
  </secondary_outcome>
  <enrollment type="Actual">130</enrollment>
  <condition>Acne Vulgaris</condition>
  <intervention>
    <intervention_type>Drug</intervention_type>
    <intervention_name>Duac® Gel / Differin® Gel</intervention_name>
  </intervention>
  <eligibility>
    <criteria>
      <textblock>
        Inclusion Criteria:

          1. Patients with mild to moderate acne vulgaris of the face with at least 15
             inflammatory lesions and/or non-inflammatory lesions, but no more than three
             nodulocystic lesions and an acne grade of greater than 2.0 and less than 7.0 (The
             Leeds Revised Acne Grading System7).

          2. Patients of either sex aged between 12 and 39 years, inclusive.

          3. Patients who are willing and able to provide written informed consent, after being
             informed of all the pertinent aspects of the trial. In the case of patients aged
             under 16 years of age, parental or guardian consent must be obtained in addition to
             patient assent.

          4. Patients agreeing not to use sun-beds or undergo any UV light treatment for 4 weeks
             prior to entering the study and to minimise the amount of exposure to direct sunlight
             for the duration of the study.

          5. Patients agreeing to minimise their alcohol consumption throughout the study, with a
             limit of 14 units per week.

        Exclusion Criteria:

          1. Female patients who are pregnant, breast-feeding, or sexually active and not using
             reliable contraception and/or not prepared to do so for the duration of the trial (a
             negative pregnancy test must be confirmed at Visit 1 and at the end of the study, for
             all females if menarche has occurred).

          2. Patients using anti-androgen containing contraceptives.

          3. Patients who, during the past month, have received oral or topical steroids, oral or
             topical antibiotics, or acne treatment of any type, including natural or artificial
             UV therapy.

          4. Patients who have a history of hypersensitivity or idiosyncratic reaction to
             clindamycin phosphate, benzoyl peroxide, adapalene or any components of the study
             medications.

          5. Patients using, or having used in the past month, any significant concomitant
             medication which might affect their acne, as judged by the Investigator.

          6. Patients with severe systemic diseases (e.g., severely impaired renal or liver
             function, severe cardiovascular, neurological disease, or any other diseases that may
             interfere with the evaluation of the study medications). This also applies to
             patients with psoriasis, acne rosacea, allergic rashes, bacterial, viral or fungal
             infections of the facial skin, or other diseases of the facial skin.

          7. Patients with a history of regional enteritis or ulcerative colitis, or a history of
             antibiotic-associated colitis.

          8. Patients who have a history of photosensitivity.

          9. Patients who are unreliable or unlikely to be available for the duration of the
             follow-up.

         10. Patients who have participated in a clinical trial involving a drug within 30 days of
             recruitment into the study (or are likely to do so at any time during their
             participation).

         11. Patients who are either an immediate family member, or a colleague, of study
             personnel.

         12. Patients who already have a member of their household entered onto this trial.
      </textblock>
    </criteria>
    <gender>Both</gender>
    <minimum_age>12 Years</minimum_age>
    <maximum_age>39 Years</maximum_age>
    <healthy_volunteers>No</healthy_volunteers>
  </eligibility>
  <overall_official>
    <last_name>A Chu, MB BS, FRCP</last_name>
    <role>Principal Investigator</role>
    <affiliation>Hammersmith Hospital, London</affiliation>
  </overall_official>
  <overall_official>
    <last_name>A Langner, MD, DSc</last_name>
    <role>Principal Investigator</role>
    <affiliation>Iwolang spoo, Warsaw</affiliation>
  </overall_official>
  <location>
    <facility>
      <name>Prof A Langner</name>
      <address>
        <city>Warsaw</city>
        <zip>00710</zip>
        <country>Poland</country>
      </address>
    </facility>
  </location>
  <location>
    <facility>
      <name>Dr V Goulden</name>
      <address>
        <city>Leeds</city>
        <zip>LS1 3EX</zip>
        <country>United Kingdom</country>
      </address>
    </facility>
  </location>
  <location>
    <facility>
      <name>Dr A Chu</name>
      <address>
        <city>London</city>
        <zip>W12 0NN</zip>
        <country>United Kingdom</country>
      </address>
    </facility>
  </location>
  <location_countries>
    <country>Poland</country>
    <country>United Kingdom</country>
  </location_countries>
  <verification_date>July 2011</verification_date>
  <lastchanged_date>July 12, 2011</lastchanged_date>
  <firstreceived_date>September 9, 2005</firstreceived_date>
  <responsible_party>
    <name_title>Cheri A. Hudson; Clinical Disclosure Advisor</name_title>
    <organization>GlaxoSmithKline</organization>
  </responsible_party>
  <keyword>Mild to Moderate</keyword>
  <has_expanded_access>No</has_expanded_access>
  <condition_browse>
    <!-- CAUTION:  The following MeSH terms are assigned with an imperfect algorithm  -->
    <mesh_term>Acne Vulgaris</mesh_term>
  </condition_browse>
  <intervention_browse>
    <!-- CAUTION:  The following MeSH terms are assigned with an imperfect algorithm  -->
    <mesh_term>Adapalene</mesh_term>
  </intervention_browse>
  <!-- Results have not yet been posted for this study                                -->
</clinical_study>
