<?xml version="1.0" encoding="UTF-8"?>
<clinical_study rank="405">
  <!-- This xml conforms to an XML Schema at:
    https://clinicaltrials.gov/ct2/html/images/info/public.xsd
 and an XML DTD at:
    https://clinicaltrials.gov/ct2/html/images/info/public.dtd -->
  <required_header>
    <download_date>ClinicalTrials.gov processed this data on July 08, 2015</download_date>
    <link_text>Link to the current ClinicalTrials.gov record.</link_text>
    <url>https://clinicaltrials.gov/show/NCT02034786</url>
  </required_header>
  <id_info>
    <org_study_id>Cryo 394.191</org_study_id>
    <secondary_id>394.191</secondary_id>
    <nct_id>NCT02034786</nct_id>
  </id_info>
  <brief_title>Safety Study of Filler Agent Composed of Autologous Mesenchymal Stem Cells and Hyaluronic Acid</brief_title>
  <acronym>LipAge</acronym>
  <official_title>Phase I Study of a Filler Agent Composed of Mesenchymal Stem Cells Obtained From Autologous Adipose Tissue Associated With Hyaluronic Acid</official_title>
  <sponsors>
    <lead_sponsor>
      <agency>Cryopraxis Criobiologia Ltda.</agency>
      <agency_class>Industry</agency_class>
    </lead_sponsor>
    <collaborator>
      <agency>Hospital Federal de Bonsucesso</agency>
      <agency_class>Other</agency_class>
    </collaborator>
  </sponsors>
  <source>Cryopraxis Criobiologia Ltda.</source>
  <oversight_info>
    <authority>Brazil: National Committee of Ethics in Research</authority>
    <has_dmc>No</has_dmc>
  </oversight_info>
  <brief_summary>
    <textblock>
      Lipodystrophies are part of a clinically heterogeneous group of disorders characterized by
      loss (lipoatrophies) and / or accumulation of fat, which usually results in a change of
      normal tissue surface. Millions of plastic and reconstructive surgeries are performed
      annually to repair soft tissue defects due to trauma, tumor resection and congenital
      defects. Surgical options for lipoatrophy, the lipodystrophy type characterized by
      subcutaneous adipose tissue atrophy, include: Transfer of autologous fat, Dermis - fat
      graft, Skin flaps and Commercially available fillers.

      Currently, the most commonly filler agent used for the lipodystrophy treatment is
      polymethylmethacrylate, considered permanent and with a history of short- and medium-term
      adverse effects. Biocompatible and temporary filler agents such as hyaluronic acid,
      polylactic acid and collagen have been used for over 25 years for cosmetic purposes and in
      lipoatrophies. More recently, the use of autologous fibroblasts proved to be efficient
      solving acne scars and enabling dermis regeneration. Studies in mice showed that the
      combination of pre - adipocytes with a biomaterial is much more effective in tissue
      reconstitution than the injection of adipose tissue only, providing volume and also
      stimulating cell proliferation and differentiation with increased production of
      extracellular matrix.

      This project aims a phase I clinical trial of a filler agent, composed of mesenchymal stem
      cells derived from autologous adipose tissue associated with hyaluronic acid.
    </textblock>
  </brief_summary>
  <detailed_description>
    <textblock>
      Open, controlled and randomized study. The intervention performed in this study will be the
      transdermal injection of the filler agent in patients undergoing elective cosmetic
      liposuction procedure, with legal age and without any of the exclusion criteria items.
      Patients will be evaluated according to the parameters for a total period of 12 months.

      Individuals in the control group will have transdermal injection of hyaluronic acid and will
      be evaluated with the same parameters used for the study group and also for the same period.

      In this study, 25 volunteers attended at Dermatologic Service of the Bonsucesso Federal
      Hospital (HFB) will be included.

      The research subjects will be evaluated preliminarily regarding inclusion and exclusion
      criteria of the study and the procedure will only be performed after the signing of the
      Informed Consent Form (ICF).

      The efficacy and safety study will be conducted following Good Laboratory and Clinics
      Practices.

      Patients who meet the study eligibility criteria will be randomly assigned to one of the two
      treatment groups: Test or Control.

      The first follow-up visit will occur in the first month post-procedure. Subsequent
      consultations will be held at 3, 6 and 12 months after the procedure.
    </textblock>
  </detailed_description>
  <overall_status>Not yet recruiting</overall_status>
  <start_date>March 2015</start_date>
  <completion_date type="Anticipated">June 2016</completion_date>
  <primary_completion_date type="Anticipated">May 2016</primary_completion_date>
  <phase>Phase 1</phase>
  <study_type>Interventional</study_type>
  <study_design>Allocation: Randomized, Endpoint Classification: Safety/Efficacy Study, Intervention Model: Parallel Assignment, Masking: Open Label, Primary Purpose: Treatment</study_design>
  <primary_outcome>
    <measure>Adverse Events Analysis</measure>
    <time_frame>Every visit over the first 12 months after intervention</time_frame>
    <safety_issue>Yes</safety_issue>
    <description>Proportion of patients with non-serious and serious adverse events in the first 12 months after the intervention.</description>
  </primary_outcome>
  <secondary_outcome>
    <measure>Efficacy Analysis</measure>
    <time_frame>1, 3, 6 and 12 months after the intervention</time_frame>
    <safety_issue>No</safety_issue>
    <description>Difference of volume increase, captured by images, between control and study group at different times after the intervention (1, 3, 6 and 12 months).</description>
  </secondary_outcome>
  <number_of_arms>2</number_of_arms>
  <enrollment type="Anticipated">25</enrollment>
  <condition>Lipodystrophies</condition>
  <condition>Aesthetics Procedure</condition>
  <arm_group>
    <arm_group_label>Test</arm_group_label>
    <arm_group_type>Experimental</arm_group_type>
    <description>Adipose tissue collection and Transdermal injection of the filler agent, composed of mesenchymal stem cells derived from the autologous adipose tissue, associated with hyaluronic acid.</description>
  </arm_group>
  <arm_group>
    <arm_group_label>Control</arm_group_label>
    <arm_group_type>Active Comparator</arm_group_type>
    <description>Transdermal injection of hyaluronic acid only.</description>
  </arm_group>
  <intervention>
    <intervention_type>Procedure</intervention_type>
    <intervention_name>Adipose tissue collection</intervention_name>
    <description>Only the patients selected for the Test Group will go through the procedure. The adipose tissue collection will occur in an elective surgery liposuction, in patients who meet the inclusion criteria, after signing the informed consent form. Thus, the material that would be disposed after surgery will be donated to the study.
The material for the study will be collected by the tumescent liposuction technique, which involves the removal of subcutaneous fat under local anesthesia.</description>
    <arm_group_label>Test</arm_group_label>
  </intervention>
  <intervention>
    <intervention_type>Biological</intervention_type>
    <intervention_name>Transdermal injection</intervention_name>
    <description>Transdermal injection of the filler agent composed of mesenchymal stem cells derived from autologous adipose tissue associated with hyaluronic acid.</description>
    <arm_group_label>Test</arm_group_label>
  </intervention>
  <intervention>
    <intervention_type>Procedure</intervention_type>
    <intervention_name>Transdermal injection</intervention_name>
    <description>Transdermal injection of hyaluronic acid only.</description>
    <arm_group_label>Control</arm_group_label>
  </intervention>
  <eligibility>
    <criteria>
      <textblock>
        Inclusion Criteria:

          -  Male or female over 18 years;

          -  Signature of the ICF;

          -  Suitable for the following preoperative laboratory tests results: complete blood
             count, coagulation, biochemistry, electrocardiogram, hepatogram and β-human chorionic
             gonadotropin (hCG) for women of childbearing age.

        Exclusion Criteria:

          -  Patients unable to undergo surgery liposuction with Klein technique as those with
             severe cardiovascular disease, severe coagulation disorders including thrombophilia
             and pregnancy;

          -  Patients with limited understanding of the procedure;

          -  Pregnant or lactating;

          -  Under 18 years;

          -  Immunosuppressed;

          -  Lack of signature of the ICF;

          -  Use of drugs;

          -  Patients with preoperative results considered inadequate.
      </textblock>
    </criteria>
    <gender>Both</gender>
    <minimum_age>18 Years</minimum_age>
    <maximum_age>N/A</maximum_age>
    <healthy_volunteers>Accepts Healthy Volunteers</healthy_volunteers>
  </eligibility>
  <overall_official>
    <last_name>Paulo RC Souza, M.D</last_name>
    <role>Principal Investigator</role>
    <affiliation>Dermatology Service</affiliation>
  </overall_official>
  <overall_contact>
    <last_name>Paulo RC Souza, M.D</last_name>
    <phone>+55212561-0182</phone>
    <email>faseb@faseb.org.br</email>
  </overall_contact>
  <location>
    <facility>
      <name>Hospital Federal de Bonsucesso</name>
      <address>
        <city>Rio de Janeiro</city>
        <country>Brazil</country>
      </address>
    </facility>
    <status>Not yet recruiting</status>
    <contact>
      <last_name>Paulo RC Souza, M.D</last_name>
      <phone>+55212561-0182</phone>
      <email>faseb@faseb.org.br</email>
    </contact>
    <investigator>
      <last_name>Paulo RC Souza, M.D</last_name>
      <role>Principal Investigator</role>
    </investigator>
  </location>
  <location_countries>
    <country>Brazil</country>
  </location_countries>
  <verification_date>February 2015</verification_date>
  <lastchanged_date>February 3, 2015</lastchanged_date>
  <firstreceived_date>January 10, 2014</firstreceived_date>
  <responsible_party>
    <responsible_party_type>Sponsor</responsible_party_type>
  </responsible_party>
  <keyword>Mesenchymal stem cell</keyword>
  <keyword>Hyaluronic acid</keyword>
  <keyword>Adipose Tissue</keyword>
  <keyword>Filler Agent</keyword>
  <is_fda_regulated>No</is_fda_regulated>
  <has_expanded_access>No</has_expanded_access>
  <condition_browse>
    <!-- CAUTION:  The following MeSH terms are assigned with an imperfect algorithm  -->
    <mesh_term>Lipodystrophy</mesh_term>
  </condition_browse>
  <intervention_browse>
    <!-- CAUTION:  The following MeSH terms are assigned with an imperfect algorithm  -->
    <mesh_term>Hyaluronic Acid</mesh_term>
  </intervention_browse>
  <!-- Results have not yet been posted for this study                                -->
</clinical_study>
