<?xml version="1.0" encoding="UTF-8"?>
<clinical_study rank="253">
  <!-- This xml conforms to an XML Schema at:
    https://clinicaltrials.gov/ct2/html/images/info/public.xsd
 and an XML DTD at:
    https://clinicaltrials.gov/ct2/html/images/info/public.dtd -->
  <required_header>
    <download_date>ClinicalTrials.gov processed this data on July 08, 2015</download_date>
    <link_text>Link to the current ClinicalTrials.gov record.</link_text>
    <url>https://clinicaltrials.gov/show/NCT00388778</url>
  </required_header>
  <id_info>
    <org_study_id>src-pts-964</org_study_id>
    <nct_id>NCT00388778</nct_id>
  </id_info>
  <brief_title>The Effect of Doxycycline 100mg and Doxycycline 20mg in Treatment of Mild and Moderate Acne</brief_title>
  <official_title>The Effect of Doxycycline 100mg and Doxycycline 20mg in Treatment of Mild and Moderate Acne</official_title>
  <sponsors>
    <lead_sponsor>
      <agency>Shahid Beheshti Medical University</agency>
      <agency_class>Other</agency_class>
    </lead_sponsor>
  </sponsors>
  <source>Shahid Beheshti Medical University</source>
  <oversight_info>
    <authority>Iran: Ethics Committee</authority>
  </oversight_info>
  <brief_summary>
    <textblock>
      The purpose of this study is to compare the safety and efficacy of twice daily
      subantimicrobial dose doxycycline 20mg with daily doxycycline 100mg in treatment of mild and
      moderate Acne.
    </textblock>
  </brief_summary>
  <overall_status>Recruiting</overall_status>
  <start_date>October 2005</start_date>
  <completion_date>October 2006</completion_date>
  <phase>Phase 2/Phase 3</phase>
  <study_type>Interventional</study_type>
  <study_design>Allocation: Randomized, Endpoint Classification: Safety/Efficacy Study, Intervention Model: Parallel Assignment, Masking: Double-Blind, Primary Purpose: Treatment</study_design>
  <enrollment type="Anticipated">100</enrollment>
  <condition>Acne</condition>
  <condition>Inflammation</condition>
  <intervention>
    <intervention_type>Drug</intervention_type>
    <intervention_name>Doxycycline</intervention_name>
  </intervention>
  <eligibility>
    <criteria>
      <textblock>
        Inclusion Criteria:

          -  Acne

        Exclusion Criteria:

          -  Pregnancy
      </textblock>
    </criteria>
    <gender>Both</gender>
    <minimum_age>18 Years</minimum_age>
    <maximum_age>40 Years</maximum_age>
    <healthy_volunteers>Accepts Healthy Volunteers</healthy_volunteers>
  </eligibility>
  <overall_official>
    <last_name>Parviz Toossi, M.D.</last_name>
    <role>Principal Investigator</role>
    <affiliation>Shahid Beheshti Medical University</affiliation>
  </overall_official>
  <overall_contact>
    <last_name>Parviz Toossi, M.D.</last_name>
    <phone>98-21-22744392</phone>
    <email>src@sbmu.ac.ir</email>
  </overall_contact>
  <location>
    <facility>
      <name>Skin Research Center, Shaheed Beheshti Medical University</name>
      <address>
        <city>Tehran</city>
        <zip>19899</zip>
        <country>Iran, Islamic Republic of</country>
      </address>
    </facility>
    <status>Recruiting</status>
    <contact>
      <last_name>Parviz Toossi, M.D.</last_name>
      <phone>98-21-22744392</phone>
      <email>src@sbmu.ac.ir</email>
    </contact>
    <investigator>
      <last_name>Parviz Toossi, M.D.</last_name>
      <role>Principal Investigator</role>
    </investigator>
    <investigator>
      <last_name>Nahid Mohtasham, MD</last_name>
      <role>Sub-Investigator</role>
    </investigator>
  </location>
  <location_countries>
    <country>Iran, Islamic Republic of</country>
  </location_countries>
  <verification_date>January 2008</verification_date>
  <lastchanged_date>January 22, 2008</lastchanged_date>
  <firstreceived_date>October 16, 2006</firstreceived_date>
  <has_expanded_access>No</has_expanded_access>
  <condition_browse>
    <!-- CAUTION:  The following MeSH terms are assigned with an imperfect algorithm  -->
    <mesh_term>Inflammation</mesh_term>
  </condition_browse>
  <intervention_browse>
    <!-- CAUTION:  The following MeSH terms are assigned with an imperfect algorithm  -->
    <mesh_term>Doxycycline</mesh_term>
  </intervention_browse>
  <!-- Results have not yet been posted for this study                                -->
</clinical_study>
