<?xml version="1.0" encoding="UTF-8"?>
<clinical_study rank="310">
  <!-- This xml conforms to an XML Schema at:
    https://clinicaltrials.gov/ct2/html/images/info/public.xsd
 and an XML DTD at:
    https://clinicaltrials.gov/ct2/html/images/info/public.dtd -->
  <required_header>
    <download_date>ClinicalTrials.gov processed this data on July 08, 2015</download_date>
    <link_text>Link to the current ClinicalTrials.gov record.</link_text>
    <url>https://clinicaltrials.gov/show/NCT01522456</url>
  </required_header>
  <id_info>
    <org_study_id>US10201</org_study_id>
    <nct_id>NCT01522456</nct_id>
  </id_info>
  <brief_title>Split-face Tolerability Comparison Between Adapalene-BPO Gel Versus Tretinoin Gel</brief_title>
  <official_title>Split-face Tolerability Comparison Between Epiduo® (Adapalene and Benzoyl Peroxide) Gel 0.1%/2.5% Versus Retin-A Micro® (Tretinoin Gel) Microsphere, 0.1% in Subjects With Acne Vulgaris</official_title>
  <sponsors>
    <lead_sponsor>
      <agency>Galderma Laboratories, L.P.</agency>
      <agency_class>Industry</agency_class>
    </lead_sponsor>
  </sponsors>
  <source>Galderma Laboratories, L.P.</source>
  <oversight_info>
    <authority>United States: Food and Drug Administration</authority>
    <has_dmc>No</has_dmc>
  </oversight_info>
  <brief_summary>
    <textblock>
      To compare the tolerability of Epiduo® (adapalene and benzoyl peroxide) Gel 0.1%/2.5% to
      Retin-A Micro® (tretinoin gel) microsphere, 0.1% in subjects with acne vulgaris treated once
      daily for three (3) weeks.
    </textblock>
  </brief_summary>
  <detailed_description>
    <textblock>
      Adult subjects with acne vulgaris will receive tretinoin gel 0.1% on one side of the face
      and adapalene 0.1% / benzoyl peroxide 2.5% gel on the other side of the face once daily for
      a period of 22 days.  Tolerability assessments on both sides of the face will be taken on
      each visit, which will be each weekday from baseline through day 22.
    </textblock>
  </detailed_description>
  <overall_status>Completed</overall_status>
  <start_date>April 2012</start_date>
  <completion_date type="Actual">May 2012</completion_date>
  <primary_completion_date type="Actual">May 2012</primary_completion_date>
  <phase>Phase 4</phase>
  <study_type>Interventional</study_type>
  <study_design>Allocation: Randomized, Endpoint Classification: Safety Study, Intervention Model: Parallel Assignment, Masking: Single Blind (Investigator), Primary Purpose: Treatment</study_design>
  <primary_outcome>
    <measure>Worst post-baseline tolerability assessment</measure>
    <time_frame>Day 1 - Day 22</time_frame>
    <safety_issue>Yes</safety_issue>
    <description>Worst post-baseline assessment for each of erythema, dryness, stinging/burning, and scaling.</description>
  </primary_outcome>
  <secondary_outcome>
    <measure>Tolerability assessments at day 22</measure>
    <time_frame>Day 22</time_frame>
    <safety_issue>Yes</safety_issue>
    <description>Erythema, scaling, dryness, and stinging/burning assessments at day 22</description>
  </secondary_outcome>
  <secondary_outcome>
    <measure>Cumulative tolerability assessments</measure>
    <time_frame>Baseline - Day 22</time_frame>
    <safety_issue>Yes</safety_issue>
    <description>Cumulative assessments for each of erythema, dryness, scaling, stinging/burning from baseline through day 22.</description>
  </secondary_outcome>
  <number_of_arms>2</number_of_arms>
  <enrollment type="Actual">73</enrollment>
  <condition>Acne Vulgaris</condition>
  <arm_group>
    <arm_group_label>Epiduo Gel</arm_group_label>
    <arm_group_type>Active Comparator</arm_group_type>
    <description>Fixed dose of adapalene 0.1% and benzoyl peroxide 2.5% gel</description>
  </arm_group>
  <arm_group>
    <arm_group_label>Retin-A Micro Microsphere 0.1%</arm_group_label>
    <arm_group_type>Active Comparator</arm_group_type>
    <description>Tretinoin gel, 0.1%</description>
  </arm_group>
  <intervention>
    <intervention_type>Drug</intervention_type>
    <intervention_name>Epiduo Gel</intervention_name>
    <description>Fixed dose of adapalene 0.1% and benzoyl peroxide 2.5% in an aqueous based gel.</description>
    <arm_group_label>Epiduo Gel</arm_group_label>
  </intervention>
  <intervention>
    <intervention_type>Drug</intervention_type>
    <intervention_name>Retin-A Micro Microsphere 0.1%</intervention_name>
    <description>Tretinoin gel, 0.1% by weight, in a formulation of porous microspheres in an aqueous gel.</description>
    <arm_group_label>Retin-A Micro Microsphere 0.1%</arm_group_label>
  </intervention>
  <eligibility>
    <criteria>
      <textblock>
        Inclusion Criteria:

          -  Subject is diagnosed with acne vulgaris

          -  For subjects using medications to treat a concurrent medical condition, type and dose
             must have been stable for at least 30 days prior to study entry.

        Exclusion Criteria:

          -  Female subjects who are pregnant, nursing or planning a pregnancy during the study.

          -  Subject has any other active dermatological condition on the face that may interfere
             with the conduct of the study.

          -  Subject uses or has recently used any medication which may interfere with the
             absorption, distribution, or elimination of study medications, or may interfere with
             the assessments of efficacy or safety of the study medications.

          -  Subject has a known allergy to any of the components of the study products.
      </textblock>
    </criteria>
    <gender>Both</gender>
    <minimum_age>18 Years</minimum_age>
    <maximum_age>35 Years</maximum_age>
    <healthy_volunteers>No</healthy_volunteers>
  </eligibility>
  <overall_official>
    <last_name>Ronald Gottschalk, MD</last_name>
    <role>Study Director</role>
    <affiliation>Galderma Laboratories, L.P.</affiliation>
  </overall_official>
  <location>
    <facility>
      <name>Stephens and Associates</name>
      <address>
        <city>Dallas</city>
        <state>Texas</state>
        <zip>75006</zip>
        <country>United States</country>
      </address>
    </facility>
  </location>
  <location_countries>
    <country>United States</country>
  </location_countries>
  <verification_date>June 2012</verification_date>
  <lastchanged_date>June 13, 2012</lastchanged_date>
  <firstreceived_date>January 23, 2012</firstreceived_date>
  <responsible_party>
    <responsible_party_type>Sponsor</responsible_party_type>
  </responsible_party>
  <is_fda_regulated>Yes</is_fda_regulated>
  <is_section_801>Yes</is_section_801>
  <has_expanded_access>No</has_expanded_access>
  <condition_browse>
    <!-- CAUTION:  The following MeSH terms are assigned with an imperfect algorithm  -->
    <mesh_term>Acne Vulgaris</mesh_term>
  </condition_browse>
  <intervention_browse>
    <!-- CAUTION:  The following MeSH terms are assigned with an imperfect algorithm  -->
    <mesh_term>Adapalene</mesh_term>
    <mesh_term>Benzoyl Peroxide</mesh_term>
    <mesh_term>Tretinoin</mesh_term>
  </intervention_browse>
  <!-- Results have not yet been posted for this study                                -->
</clinical_study>
