<?xml version="1.0" encoding="UTF-8"?>
<clinical_study rank="390">
  <!-- This xml conforms to an XML Schema at:
    https://clinicaltrials.gov/ct2/html/images/info/public.xsd
 and an XML DTD at:
    https://clinicaltrials.gov/ct2/html/images/info/public.dtd -->
  <required_header>
    <download_date>ClinicalTrials.gov processed this data on July 08, 2015</download_date>
    <link_text>Link to the current ClinicalTrials.gov record.</link_text>
    <url>https://clinicaltrials.gov/show/NCT01051024</url>
  </required_header>
  <id_info>
    <org_study_id>CAT-0917-CU</org_study_id>
    <nct_id>NCT01051024</nct_id>
  </id_info>
  <brief_title>Diamel in the Treatment of Polycystic Ovary Syndrome</brief_title>
  <official_title>Efficacy of Diamel in the Treatment of Polycystic Ovary Syndrome</official_title>
  <sponsors>
    <lead_sponsor>
      <agency>Catalysis SL</agency>
      <agency_class>Industry</agency_class>
    </lead_sponsor>
  </sponsors>
  <source>Catalysis SL</source>
  <oversight_info>
    <authority>Cuba: Institutional Review Board</authority>
    <has_dmc>Yes</has_dmc>
  </oversight_info>
  <brief_summary>
    <textblock>
      The purpose of this study is to assess the efficacy of Diamel administration in the
      treatment of Polycystic Ovary Syndrome. The duration of this double-blind placebo controlled
      phase 3 clinical trial will be 24 weeks.
    </textblock>
  </brief_summary>
  <overall_status>Completed</overall_status>
  <start_date>November 2009</start_date>
  <completion_date type="Actual">April 2011</completion_date>
  <primary_completion_date type="Actual">April 2011</primary_completion_date>
  <phase>Phase 3</phase>
  <study_type>Interventional</study_type>
  <study_design>Allocation: Randomized, Endpoint Classification: Efficacy Study, Intervention Model: Parallel Assignment, Masking: Double Blind (Subject, Caregiver, Investigator, Outcomes Assessor), Primary Purpose: Treatment</study_design>
  <primary_outcome>
    <measure>Normalization of blood concentrations of androgens at week 24</measure>
    <time_frame>24 weeks</time_frame>
    <safety_issue>Yes</safety_issue>
  </primary_outcome>
  <primary_outcome>
    <measure>Normalization of blood concentrations prolactin at week 24</measure>
    <time_frame>24 weeks</time_frame>
    <safety_issue>Yes</safety_issue>
  </primary_outcome>
  <primary_outcome>
    <measure>Normalization of blood concentrations of estrogens at week 24</measure>
    <time_frame>24 weeks</time_frame>
    <safety_issue>Yes</safety_issue>
  </primary_outcome>
  <primary_outcome>
    <measure>Normalization of blood concentrations of FSH at week 24</measure>
    <time_frame>24 weeks</time_frame>
    <safety_issue>Yes</safety_issue>
  </primary_outcome>
  <primary_outcome>
    <measure>Normalization of blood concentrations of LH at week 24</measure>
    <time_frame>24 weeks</time_frame>
    <safety_issue>Yes</safety_issue>
  </primary_outcome>
  <secondary_outcome>
    <measure>Regularization of the menstrual cycle at week 24.</measure>
    <time_frame>24 weeks</time_frame>
    <safety_issue>No</safety_issue>
  </secondary_outcome>
  <secondary_outcome>
    <measure>Reappearance of ovulatory cycles at week 24</measure>
    <time_frame>24 weeks</time_frame>
    <safety_issue>No</safety_issue>
  </secondary_outcome>
  <secondary_outcome>
    <measure>Normalization of blood concentrations of insulin at week 24</measure>
    <time_frame>24 weeks</time_frame>
    <safety_issue>No</safety_issue>
  </secondary_outcome>
  <secondary_outcome>
    <measure>Normalization of blood concentrations of cholesterol at week 24</measure>
    <time_frame>24 weeks</time_frame>
    <safety_issue>No</safety_issue>
  </secondary_outcome>
  <secondary_outcome>
    <measure>Normalization of blood concentrations of triglycerides at week 24</measure>
    <time_frame>24 weeks</time_frame>
    <safety_issue>No</safety_issue>
  </secondary_outcome>
  <secondary_outcome>
    <measure>Normalization of blood concentrations of glucose at week 24</measure>
    <time_frame>24 weeks</time_frame>
    <safety_issue>No</safety_issue>
  </secondary_outcome>
  <secondary_outcome>
    <measure>Improvement of clinical signs associated with polycystic ovary syndrome: acne, hirsutism, abdominal obesity, and blood pressure at week 24.</measure>
    <time_frame>24 weeks</time_frame>
    <safety_issue>No</safety_issue>
  </secondary_outcome>
  <number_of_arms>2</number_of_arms>
  <enrollment type="Actual">110</enrollment>
  <condition>Polycystic Ovary Syndrome</condition>
  <arm_group>
    <arm_group_label>A</arm_group_label>
    <arm_group_type>Experimental</arm_group_type>
    <description>Diamel</description>
  </arm_group>
  <arm_group>
    <arm_group_label>B</arm_group_label>
    <arm_group_type>Placebo Comparator</arm_group_type>
    <description>Placebo</description>
  </arm_group>
  <intervention>
    <intervention_type>Dietary Supplement</intervention_type>
    <intervention_name>Diamel</intervention_name>
    <description>Two Diamel tablets (Orally administered) three times a day (just before each meal: breakfast, lunch and dinner), for 24 weeks.</description>
    <arm_group_label>A</arm_group_label>
  </intervention>
  <intervention>
    <intervention_type>Dietary Supplement</intervention_type>
    <intervention_name>Placebo</intervention_name>
    <description>Two Placebo tablets (Orally administered) three times a day (just before each meal: breakfast, lunch and dinner), for 24 weeks.</description>
    <arm_group_label>B</arm_group_label>
  </intervention>
  <eligibility>
    <criteria>
      <textblock>
        Inclusion Criteria:

          -  Two of the following criteria:

               -  Oligo or Anovulation

               -  Polycystic Ovary diagnosed by ultrasound technique

               -  Clinical signs of Hyperandrogenism

          -  Signed informed consent

        Exclusion Criteria:

          -  Personal history of other causes of hyperandrogenism: Hyperprolactinemia, suprarenal
             tumors, ovary tumors, suprarenal hyperplasia, hypercortisolism.

          -  Patients under other experimental treatment

          -  Treatment with ovulation inducers and/or insulin sensitizers within 60 days before
             treatment

          -  Treatment with vitamins within 7 days before treatment

          -  Treatment with dietary supplements within 60 days before treatment

          -  Non-compensated intercurrent diseases: diabetes mellitus, thyroid disease,
             hypertension
      </textblock>
    </criteria>
    <gender>Female</gender>
    <minimum_age>18 Years</minimum_age>
    <maximum_age>40 Years</maximum_age>
    <healthy_volunteers>No</healthy_volunteers>
  </eligibility>
  <overall_official>
    <last_name>Mercedes Hernandez, MD</last_name>
    <role>Principal Investigator</role>
    <affiliation>&quot;Ramón González Coro&quot; Gynecologic and Obstetric Hospital</affiliation>
  </overall_official>
  <location>
    <facility>
      <name>&quot;Ramón González Coro&quot; Gynecologic and Obstetric Hospital</name>
      <address>
        <city>Havana City</city>
        <state>Havana</state>
        <zip>10400</zip>
        <country>Cuba</country>
      </address>
    </facility>
  </location>
  <location_countries>
    <country>Cuba</country>
  </location_countries>
  <verification_date>May 2012</verification_date>
  <lastchanged_date>May 2, 2012</lastchanged_date>
  <firstreceived_date>January 15, 2010</firstreceived_date>
  <responsible_party>
    <responsible_party_type>Sponsor</responsible_party_type>
  </responsible_party>
  <keyword>Dietary supplement</keyword>
  <keyword>Diamel</keyword>
  <keyword>Polycystic Ovary Syndrome</keyword>
  <keyword>Female Infertility</keyword>
  <is_fda_regulated>No</is_fda_regulated>
  <has_expanded_access>No</has_expanded_access>
  <condition_browse>
    <!-- CAUTION:  The following MeSH terms are assigned with an imperfect algorithm  -->
    <mesh_term>Polycystic Ovary Syndrome</mesh_term>
    <mesh_term>Syndrome</mesh_term>
  </condition_browse>
  <!-- Results have not yet been posted for this study                                -->
</clinical_study>
