<?xml version="1.0" encoding="UTF-8"?>
<clinical_study rank="313">
  <!-- This xml conforms to an XML Schema at:
    https://clinicaltrials.gov/ct2/html/images/info/public.xsd
 and an XML DTD at:
    https://clinicaltrials.gov/ct2/html/images/info/public.dtd -->
  <required_header>
    <download_date>ClinicalTrials.gov processed this data on July 08, 2015</download_date>
    <link_text>Link to the current ClinicalTrials.gov record.</link_text>
    <url>https://clinicaltrials.gov/show/NCT01938482</url>
  </required_header>
  <id_info>
    <org_study_id>117226</org_study_id>
    <nct_id>NCT01938482</nct_id>
  </id_info>
  <brief_title>Study to Evaluate the Safety, Tolerability and Pharmacokinetic of Single and 14 Day Repeat Topical Application of GSK1940029</brief_title>
  <official_title>A Randomized, Single-Blind, Dose-Rising Study to Evaluate the Safety, Tolerability and Preliminary Pharmacokinetics of Single and 14 Day Repeat Topical Applications of GSK1940029 Gel on the Intact Skin of Healthy Human Subjects</official_title>
  <sponsors>
    <lead_sponsor>
      <agency>GlaxoSmithKline</agency>
      <agency_class>Industry</agency_class>
    </lead_sponsor>
  </sponsors>
  <source>GlaxoSmithKline</source>
  <oversight_info>
    <authority>Australia : Therapeutic Goods Administration (TGA)</authority>
    <authority>Australia: Bellberry</authority>
    <has_dmc>No</has_dmc>
  </oversight_info>
  <brief_summary>
    <textblock>
      The proposed indication for GSK1940029 is topical treatment of acne, the early clinical plan
      will evaluate the irritation potential of GSK1940029 (Study SCD117225 - 3 Part study); and
      safety, tolerability and pharmacokinetics of GSK1940029 (Study SCD117226 - 2 Part study),
      after topical administration on healthy subjects and acne patients. Study SCD117226 will be
      a randomized, single-blind, dose-rising study to evaluate the safety, tolerability and
      preliminary pharmacokinetics of single and 14 day repeat topical applications of GSK1940029
      gel on the intact skin of healthy human subjects. Part 1: (single-dose) subjects will
      receive 0.3% or 1% GSK1940029 (or matching vehicle), as a single approximately (App) 24 hour
      (h) (22.5h) application to a surface area of 400 square centimeter (cm^2) (0.3%), 400 cm^2
      (1%) or 1200 cm^2 (1%), respectively, in each of three sequential cohorts. Part 2:
      (repeat-dose) subjects will receive 0.3% or 1% GSK1940029 (or matching vehicle), as 14 daily
      App24h (22.5h) application to a surface area of 400 cm^2 (0.3%), 400 cm^2 (1%) or 1200 cm^2
      (1%), respectively, in each of three sequential cohorts. Parts within Study SCD117225 and
      Study SCD117226 will have interdependencies. No significant primary irritation signal in
      Study SCD117225 Part 1 (primary irritation) would allow initiation of Study SCD117226 Part
      1. Once safety, tolerability and exposure information are determined in Study SCD117226 Part
      1, then Part 2 (cumulative irritation) of Study SCD117225 may be initiated along with Part 2
      of Study SCD117226. No significant cumulative irritation signal (study SCD117225 Part 2) in
      combination with adequate 14-day safety (study SCD117226 Part 2) would allow initiation of
      Part 3 (facial irritation) of Study SCD117225.
    </textblock>
  </brief_summary>
  <overall_status>Completed</overall_status>
  <start_date>October 2013</start_date>
  <completion_date type="Actual">February 2015</completion_date>
  <primary_completion_date type="Actual">February 2015</primary_completion_date>
  <phase>Phase 1</phase>
  <study_type>Interventional</study_type>
  <study_design>Allocation: Randomized, Endpoint Classification: Safety Study, Intervention Model: Single Group Assignment, Masking: Single Blind (Subject), Primary Purpose: Treatment</study_design>
  <primary_outcome>
    <measure>Safety of GSK1940029 as assessed by physical examination findings.</measure>
    <time_frame>Screening, Day -1, and follow-up (FU) (Days 6 to 8) of Part 1; Screening, Day -1, and FU (Days 20 to 22) of Part 2</time_frame>
    <safety_issue>No</safety_issue>
    <description>Complete physical examination will include assessments of the head, eyes, ears, nose, throat, skin, thyroid, neurological, lungs, cardiovascular, abdomen (liver and spleen), lymph nodes and extremities</description>
  </primary_outcome>
  <primary_outcome>
    <measure>Safety of GSK1940029 as assessed by vital signs</measure>
    <time_frame>Screening, Days 1, 2 and FU (Days 6 to 8) of Part 1; Screening, Days 1, 2, 7 14, and FU (Days 20 to 22) of Part 2</time_frame>
    <safety_issue>No</safety_issue>
    <description>Vital signs measurements will include systolic and diastolic blood pressure, heart rate and temperature</description>
  </primary_outcome>
  <primary_outcome>
    <measure>Safety of GSK1940029 as assessed by 12-lead electrocardiogram (ECG)</measure>
    <time_frame>Screening, Day 1 and Day 2 of Part 1; Screening, Day 1, 2, 7, 12, 13 and 14 of Part 2</time_frame>
    <safety_issue>No</safety_issue>
    <description>Single 12-lead ECG will be obtained at each timepoint</description>
  </primary_outcome>
  <primary_outcome>
    <measure>Safety of GSK1940029 as assessed by dual lead telemetry</measure>
    <time_frame>Pre-dose through 4h post-dose on Day 1 of Part 1 and Part 2</time_frame>
    <safety_issue>No</safety_issue>
    <description>Continuous dual lead cardiac telemetry will be performed</description>
  </primary_outcome>
  <primary_outcome>
    <measure>Safety of GSK1940029 as assessed by hematology and chemistry parameters of clinical laboratory test</measure>
    <time_frame>Screening, Days 1, 2 and FU (Days 6 to 8) of Part 1; Screening, Days 1, 4, 7, 14, and  FU (Days 20 to 22) of Part 2</time_frame>
    <safety_issue>No</safety_issue>
  </primary_outcome>
  <primary_outcome>
    <measure>Safety of GSK1940029 as assessed by urinalysis parameters of clinical laboratory test</measure>
    <time_frame>Screening, Days -1, 1, 2 and FU (Days 6 to 8) of Part 1; Screening, Days -1, 1, 2, 4, 7, 14, , and FU (Days 20 to 22) of Part 2</time_frame>
    <safety_issue>No</safety_issue>
  </primary_outcome>
  <primary_outcome>
    <measure>Safety of GSK1940029 as assessed by urine albumin:creatinine ratio (ACR)</measure>
    <time_frame>Days -1, 1, 2 and FU (Days 6 to 8) of Part 1; Days -1, 1, 2, 4, 7, 14 and FU (Days 20 to 22) of Part 2</time_frame>
    <safety_issue>No</safety_issue>
  </primary_outcome>
  <primary_outcome>
    <measure>Safety of GSK1940029 as assessed by adverse events</measure>
    <time_frame>Day -1 to FU (Days 6-8)of Part 1; Day -1 to FU (Day 20 - 22) of Part 2</time_frame>
    <safety_issue>No</safety_issue>
    <description>Clinical monitoring/observation will be done for adverse events</description>
  </primary_outcome>
  <secondary_outcome>
    <measure>Plasma GSK1940029 pharmacokinetics (PK)</measure>
    <time_frame>Part1: 1h, 2h, 4h, 6h, 8h, 12h, 16h, 22.5h, 24h and 36h post-dose. Part 2: 1h, 2h, 4h, 6h, 8h, 12h, 16h and 22.5h post-Day 1 dose; Pre-dose on Days 2, 12 and 13; and 1h, 2h, 4h, 6h, 8h, 12h, 16h, 22.5h and 22.5-24h post-Day 14 dose</time_frame>
    <safety_issue>No</safety_issue>
    <description>Blood samples for PK analysis of GSK1940029 will be collected. PK parameters will include Area under the concentration-time curve: from time zero (pre-dose) to last time of quantifiable concentration within a subject across all treatments [AUC(0-t)] and from time zero (pre-dose) extrapolated to infinite time [AUC(0-infinity)]; maximum observed concentration (Cmax); time of occurrence of cmax (tmax); and terminal phase half-life (t1/2) as data permit</description>
  </secondary_outcome>
  <secondary_outcome>
    <measure>Ocular tolerability of topical applications of GSK1940029</measure>
    <time_frame>Screening, Days -1, 1, 2 and FU (Days 6 to 8) of Part 1; Screening, Days -1, 7, 14 and FU (Days 20 to 22) of Part 2</time_frame>
    <safety_issue>No</safety_issue>
    <description>Eye examination will be performed. Ocular evaluations will include slit lamp examination with fluorscein, tear film breakup time, visual acuity and ocular surface disease index</description>
  </secondary_outcome>
  <number_of_arms>2</number_of_arms>
  <enrollment type="Actual">55</enrollment>
  <condition>Acne Vulgaris</condition>
  <arm_group>
    <arm_group_label>Part 1</arm_group_label>
    <arm_group_type>Experimental</arm_group_type>
    <description>Subjects will receive 0.3% or 1% GSK1940029 (or matching vehicle), as a single App 24h (22.5h) application to 400 cm^2 (0.3%), 400 cm^2 (1%) or 1200 cm^2 (1%), respectively, in each of three sequential cohorts</description>
  </arm_group>
  <arm_group>
    <arm_group_label>Part 2</arm_group_label>
    <arm_group_type>Experimental</arm_group_type>
    <description>Subjects will receive 0.3% or 1% GSK1940029 (or matching vehicle), as 14 daily App24h (22.5h) application to 400 cm^2 (0.3%), 400 cm^2 (1%) or 1200 cm^2 (1%), respectively, in each of three sequential cohorts</description>
  </arm_group>
  <intervention>
    <intervention_type>Drug</intervention_type>
    <intervention_name>0.3% GSK1940029 gel</intervention_name>
    <description>Will be supplied as gel for topical application</description>
    <arm_group_label>Part 1</arm_group_label>
    <arm_group_label>Part 2</arm_group_label>
  </intervention>
  <intervention>
    <intervention_type>Drug</intervention_type>
    <intervention_name>1% GSK1940029 gel</intervention_name>
    <description>Will be supplied as gel for topical application</description>
    <arm_group_label>Part 1</arm_group_label>
    <arm_group_label>Part 2</arm_group_label>
  </intervention>
  <intervention>
    <intervention_type>Drug</intervention_type>
    <intervention_name>0.3%/1% vehicle gel only</intervention_name>
    <description>Will be supplied as gel for topical application</description>
    <arm_group_label>Part 1</arm_group_label>
    <arm_group_label>Part 2</arm_group_label>
  </intervention>
  <eligibility>
    <criteria>
      <textblock>
        Inclusion Criteria:

          -  Healthy as determined by a responsible and experienced physician, based on a medical
             evaluation including medical history, physical examination, laboratory tests and
             cardiac monitoring.

          -  A subject with a clinical abnormality or laboratory parameters outside the reference
             range for the population being studied may be included only if the Investigator and
             the GlaxoSmithKline (GSK) Medical Monitor agree that the finding is unlikely to
             introduce additional risk factors and will not interfere with the study procedures.

          -  Male or female between 18 and 65 years of age inclusive, at the time of signing the
             informed consent.

          -  A female subject is eligible to participate if she is of:

          -  Non-childbearing potential defined as pre-menopausal females with a documented tubal
             ligation or hysterectomy; or postmenopausal defined as 12 months of spontaneous
             amenorrhea (in questionable cases a blood sample with simultaneous follicle
             stimulating hormone [FSH] &gt;40 milli international units MIU/ milliliter (mL) and
             estradiol &lt; 40 picograms (pg)/mL (&lt;147 picomole [pmol]/liter [L]) is confirmatory).
             Females on hormone replacement therapy (HRT) and whose menopausal status is in doubt
             will not be allowed.

          -  Male subjects with female partners of child-bearing potential must agree to use one
             of the contraception methods listed in the Protocol.  This criterion must be followed
             from the time of the first dose of study medication until after study follow-up
             visit.

          -  Alanine amino transfrase, alkaline phosphatase and bilirubin &lt;=1.5 x ULN (upper limit
             of normal) (isolated bilirubin &gt;1.5 x ULN is acceptable if bilirubin is fractionated
             and direct bilirubin &lt;35%).

          -  Based on single or averaged assessments, corrected QT interval (QTc)  &lt; 450
             milliseconds (msec); or QTc &lt;480 msec in subjects with Bundle Branch Block.

        Exclusion Criteria:

          -  A positive pre-study Hepatitis B surface antigen or positive Hepatitis C antibody
             result within 3 months of screening

          -  Current or chronic history of liver disease, or known hepatic or biliary
             abnormalities (with the exception of Gilbert's syndrome).  Subjects with a history of
             gall stones, asymptomatic gallstones or cholecystectomy will be excluded.

          -  A positive pre-study drug/alcohol screen.

          -  A positive test for Human Immunodeficiency virus HIV antibody.

          -  History of regular alcohol consumption within 6 months of the study defined as: an
             average weekly intake of &gt;14 standard drinks.  One standard drink is equivalent to 10
             gram of alcohol: 285 mL of beer, 100 mL of wine or 30 mL of 40% alcohol by volume
             distilled spirits.

          -  History of or current meibomian gland dysfunction or dry eye disease

          -  History or presence of significant skin disorder (such as but not limited to severe
             (extensive) atopic dermatitis, severe eczema, psoriasis or skin cancer) that would in
             any way confound interpretation of the study results, or subjects who present with
             damaged skin including sunburn, moles, uneven skin tones, scar tissue, tattoos, body
             piercings, sunburn, branding or other disfiguration on or near the intended site of
             application which could interfere with the grading.

          -  History of cutaneous photodisorder, such as photoallergic reaction or polymorphic
             light eruption.    -  History of cold urticaria and reactions to extreme
             temperatures.

          -  History of allergy to soaps, lotions, cosmetics, tape/adhesives, petrolatum or latex
             or topical drugs of same class as the study medication.

          -  History of sensitivity to any of the study medications, or components thereof or a
             history of drug or other allergy that, in the opinion of the investigator or GSK
             Medical Monitor, contraindicates their participation.

          -  History of sensitivity to heparin or heparin-induced thrombocytopenia.

          -  History of severe, chronic asthma or significant allergies (including food, drug or
             cutaneous allergies). Subjects with the presence or a history of atopy (seasonal
             allergies, allergic rhinitis) or mild (limited) eczema will be allowed to participate
             in the study, although applications at sites with active eczema will not be allowed.

          -  Use of topical medications such as but not limited to retinoids, steroids, and
             transdermal hormone replacement therapies on or near the intended site of application
             within 8 weeks prior to dosing through treatment follow up.  Use of other topical
             preparations such as those containing vitamins, supplements or herbal within 2 weeks
             prior to dosing through treatment follow up.

          -  Unable to refrain from the use of topical medications from the initial dose of study
             medication through follow-up.

          -  Foreseeable intensive ultraviolet (UV) exposure during the study (solar or
             artificial) as follows: subjects must not be exposed to direct sunlight for sun
             tanning or exposed to skin tanning devices (e.g. sunbed) for the duration of the
             study.

          -  Participation in any patch test for cumulative irritation or sensitization within 4
             weeks preceding the first dose of study medication.

          -  Exposure to more than four new chemical entities within 12 months prior to the first
             dosing day.

          -  The subject has participated in a clinical trial and has received an investigational
             product within the following time period prior to the first dosing day in the current
             study: 30 days, 5 half-lives or twice the duration of the biological effect of the
             investigational product (whichever is longer).

          -  Unable to refrain from the use of prescription or non-prescription drugs, including
             vitamins, herbal and dietary supplements (including St John's Wort) within 7 days (or
             14 days if the drug is a potential enzyme inducer) or 5 half-lives (whichever is
             longer) prior to the first dose of study medication, unless in the opinion of the
             Investigator and GSK Medical Monitor the medication will not interfere with the study
             procedures or compromise subject safety.

          -  Where participation in the study would result in donation of blood or blood products
             in excess of 500 mL within a 56 day period.

          -  Unwillingness or inability to follow the procedures outlined in the protocol.

          -  Subject is mentally or legally incapacitated.

          -  Unable to refrain from consumption of red wine, seville oranges, grapefruit or
             grapefruit juice and/or pummelos, exotic citrus fruits, grapefruit hybrids or fruit
             juices from 7 days prior to the first dose of study medication
      </textblock>
    </criteria>
    <gender>Both</gender>
    <minimum_age>18 Years</minimum_age>
    <maximum_age>65 Years</maximum_age>
    <healthy_volunteers>Accepts Healthy Volunteers</healthy_volunteers>
  </eligibility>
  <overall_official>
    <last_name>GSK Clinical Trials</last_name>
    <role>Study Director</role>
    <affiliation>GlaxoSmithKline</affiliation>
  </overall_official>
  <location>
    <facility>
      <name>GSK Investigational Site</name>
      <address>
        <city>Adelaide</city>
        <state>South Australia</state>
        <zip>5000</zip>
        <country>Australia</country>
      </address>
    </facility>
  </location>
  <location_countries>
    <country>Australia</country>
  </location_countries>
  <verification_date>April 2015</verification_date>
  <lastchanged_date>April 23, 2015</lastchanged_date>
  <firstreceived_date>September 5, 2013</firstreceived_date>
  <responsible_party>
    <responsible_party_type>Sponsor</responsible_party_type>
  </responsible_party>
  <keyword>Gel</keyword>
  <keyword>Acne</keyword>
  <keyword>SCD1</keyword>
  <keyword>Topical Administration</keyword>
  <is_fda_regulated>No</is_fda_regulated>
  <has_expanded_access>No</has_expanded_access>
  <condition_browse>
    <!-- CAUTION:  The following MeSH terms are assigned with an imperfect algorithm  -->
    <mesh_term>Acne Vulgaris</mesh_term>
  </condition_browse>
  <!-- Results have not yet been posted for this study                                -->
</clinical_study>
