<?xml version="1.0" encoding="UTF-8"?>
<clinical_study rank="383">
  <!-- This xml conforms to an XML Schema at:
    https://clinicaltrials.gov/ct2/html/images/info/public.xsd
 and an XML DTD at:
    https://clinicaltrials.gov/ct2/html/images/info/public.dtd -->
  <required_header>
    <download_date>ClinicalTrials.gov processed this data on July 08, 2015</download_date>
    <link_text>Link to the current ClinicalTrials.gov record.</link_text>
    <url>https://clinicaltrials.gov/show/NCT01380262</url>
  </required_header>
  <id_info>
    <org_study_id>STLDD-1</org_study_id>
    <nct_id>NCT01380262</nct_id>
  </id_info>
  <brief_title>Pre-emptive Low-dose Doxycycline During Anti-EGFR Treatment</brief_title>
  <acronym>STLDD-1</acronym>
  <official_title>Prospective Phase II Study on Skin Toxicity on Low-Dose Doxycycline in Metastatic Colorectal Cancer Patients During Cetuximab and Panitumumab Treatment</official_title>
  <sponsors>
    <lead_sponsor>
      <agency>Maria Sklodowska-Curie Memorial Cancer Center, Institute of Oncology</agency>
      <agency_class>Other</agency_class>
    </lead_sponsor>
  </sponsors>
  <source>Maria Sklodowska-Curie Memorial Cancer Center, Institute of Oncology</source>
  <oversight_info>
    <authority>Poland: Ethics Committee</authority>
    <has_dmc>No</has_dmc>
  </oversight_info>
  <brief_summary>
    <textblock>
      Up to 60% of patients with metastatic colorectal cancer can be treated with one of
      monoclonal antibodies targeted against epidermal growth factor receptor (EGFR). This
      treatment is associated with a specific spectrum of toxicity: acne-like rash from limited up
      to erythema, often with severe pruritus, sometimes combined with other types of skin
      toxicities (hair and nail changes). Previously in STEPP study investigators shown that
      pre-emptive treatment with oral doxycycline (200 mg daily), topical steroids and sun
      blockers reduces the number of more severe skin side effects of panitumumab.

      The study is designed to described the profile of skin toxicity of EGFR blocking drugs
      combined with low-dose doxycycline (100 mg daily) used in the pre-emptive manner.
    </textblock>
  </brief_summary>
  <detailed_description>
    <textblock>
      Patients with metastatic colorectal cancer treated with cetuximab or panitumumab usually
      develop the skin toxicity which can impair patients' quality of life as well as limit the
      treatment. We designed this trial to assess the effect of simplified protocol of pre-emptive
      treatment on the observed skin toxicities during cetuximab and panitumumab treatment of
      colorectal cancer.

      The study is a cohort observational, single center study which should result in estimation
      of particular types of toxicities, especially occurence of more severe (grade 2 and 3) side
      effects and assess the tolerance of doxycyline in the prolonged administration.

      The observation in the study is biweekly and is continued up to 8 weeks.
    </textblock>
  </detailed_description>
  <overall_status>Recruiting</overall_status>
  <start_date>June 2010</start_date>
  <completion_date type="Anticipated">September 2011</completion_date>
  <primary_completion_date type="Anticipated">September 2011</primary_completion_date>
  <phase>N/A</phase>
  <study_type>Observational</study_type>
  <study_design>Observational Model: Cohort, Time Perspective: Prospective</study_design>
  <primary_outcome>
    <measure>number of patients with a severe skin toxicity</measure>
    <time_frame>8 weeks</time_frame>
    <safety_issue>Yes</safety_issue>
  </primary_outcome>
  <secondary_outcome>
    <measure>total occurence of skin toxicities</measure>
    <time_frame>8 weeks</time_frame>
    <safety_issue>Yes</safety_issue>
    <description>analyzed for weeks: 2, 4, 6 and 8 separetly</description>
  </secondary_outcome>
  <secondary_outcome>
    <measure>number of patients with delayed administration of cetuximab or panitumumab due to severe skin toxicity</measure>
    <time_frame>8 weeks</time_frame>
    <safety_issue>Yes</safety_issue>
  </secondary_outcome>
  <secondary_outcome>
    <measure>quality of life assessed with DLQI</measure>
    <time_frame>8 weeks</time_frame>
    <safety_issue>No</safety_issue>
    <description>assessed as a correlation to severeness of skin toxicities</description>
  </secondary_outcome>
  <number_of_groups>1</number_of_groups>
  <enrollment type="Anticipated">40</enrollment>
  <condition>Colorectal Cancer</condition>
  <condition>Skin Toxicities</condition>
  <arm_group>
    <arm_group_label>Low Dose Doxycycline</arm_group_label>
    <description>Patients with metastatic colorectal cancer, qualified to either cetuximab or panitumumab based systemic treatment (either monotherapy or with chemotherapy) receiving a 100 mg of doxycycline daily</description>
  </arm_group>
  <eligibility>
    <study_pop>
      <textblock>
        Patients with metastatic colorectal cancer, qualified to either cetuximab or panitumumab
        based systemic treatment (either monotherapy or with chemotherapy) receiving a 100 mg of
        doxycycline daily.
      </textblock>
    </study_pop>
    <sampling_method>Probability Sample</sampling_method>
    <criteria>
      <textblock>
        Inclusion Criteria:

          -  diagnosis of metastatic colorectal cancer,

          -  previously qualified to either cetuximab or panitumumab,

          -  written consent.

        Exclusion Criteria:

          -  previous administration of cetuximab or panitumumab,

          -  contradictions to receive oral doxycycline.
      </textblock>
    </criteria>
    <gender>Both</gender>
    <minimum_age>18 Years</minimum_age>
    <maximum_age>85 Years</maximum_age>
    <healthy_volunteers>No</healthy_volunteers>
  </eligibility>
  <overall_official>
    <last_name>Lucjan S Wyrwicz, MD,PhD</last_name>
    <role>Principal Investigator</role>
    <affiliation>Maria Sklodowska-Curie Memorial Cancer Center, Institute of Oncology</affiliation>
  </overall_official>
  <overall_contact>
    <last_name>Lucjan S Wyrwicz, MD, PhD</last_name>
    <phone>+48225462933</phone>
    <email>lucjan@bioinfo.pl</email>
  </overall_contact>
  <overall_contact_backup>
    <last_name>Zbigniew I Nowecki, MD, PhD</last_name>
    <phone>+485462242</phone>
    <email>nowecki@coi.waw.pl</email>
  </overall_contact_backup>
  <location>
    <facility>
      <name>Department of Gastrointestinal Cancer, Maria Sklodowska-Curie Memorial Cancer Center, Institute of Oncology</name>
      <address>
        <city>Warszawa</city>
        <state>Mazowieckie</state>
        <zip>02-781</zip>
        <country>Poland</country>
      </address>
    </facility>
    <status>Recruiting</status>
    <investigator>
      <last_name>Lucjan S. Wyrwicz, MD, PhD</last_name>
      <role>Principal Investigator</role>
    </investigator>
    <investigator>
      <last_name>Agnieszka Byszek, MPharm</last_name>
      <role>Sub-Investigator</role>
    </investigator>
    <investigator>
      <last_name>Zbigniew I Nowecki, MD, PhD</last_name>
      <role>Sub-Investigator</role>
    </investigator>
  </location>
  <location_countries>
    <country>Poland</country>
  </location_countries>
  <verification_date>June 2011</verification_date>
  <lastchanged_date>June 24, 2011</lastchanged_date>
  <firstreceived_date>June 22, 2011</firstreceived_date>
  <responsible_party>
    <name_title>Maria Sklodowska-Curie Memorial Cancer Center, Institute of Oncology</name_title>
    <organization>Maria Sklodowska-Curie Memorial Cancer Center, Institute of Oncology</organization>
  </responsible_party>
  <keyword>Colorectal Cancer</keyword>
  <keyword>Skin Rash</keyword>
  <keyword>Pre-emptive treatment</keyword>
  <keyword>Doxycycline</keyword>
  <keyword>Anti-EGFR antibody</keyword>
  <keyword>Cetuximab</keyword>
  <keyword>Panitumumab</keyword>
  <is_fda_regulated>No</is_fda_regulated>
  <has_expanded_access>No</has_expanded_access>
  <condition_browse>
    <!-- CAUTION:  The following MeSH terms are assigned with an imperfect algorithm  -->
    <mesh_term>Colorectal Neoplasms</mesh_term>
  </condition_browse>
  <intervention_browse>
    <!-- CAUTION:  The following MeSH terms are assigned with an imperfect algorithm  -->
    <mesh_term>Doxycycline</mesh_term>
  </intervention_browse>
  <!-- Results have not yet been posted for this study                                -->
</clinical_study>
