<?xml version="1.0" encoding="UTF-8"?>
<clinical_study rank="255">
  <!-- This xml conforms to an XML Schema at:
    https://clinicaltrials.gov/ct2/html/images/info/public.xsd
 and an XML DTD at:
    https://clinicaltrials.gov/ct2/html/images/info/public.dtd -->
  <required_header>
    <download_date>ClinicalTrials.gov processed this data on July 08, 2015</download_date>
    <link_text>Link to the current ClinicalTrials.gov record.</link_text>
    <url>https://clinicaltrials.gov/show/NCT00599521</url>
  </required_header>
  <id_info>
    <org_study_id>RD.06.SPR.18114</org_study_id>
    <secondary_id>IND 076057</secondary_id>
    <nct_id>NCT00599521</nct_id>
  </id_info>
  <brief_title>Clinical Study to Test the Efficacy and Safety of Adapalene, 0.1%</brief_title>
  <official_title>A Multi-Center, Randomized, Double-Blind, Parallel Group Study to Demonstrate the Efficacy and Safety of Adapalene Lotion, 0.1% Compared With Vehicle Lotion in Subjects With Acne Vulgaris</official_title>
  <sponsors>
    <lead_sponsor>
      <agency>Galderma</agency>
      <agency_class>Industry</agency_class>
    </lead_sponsor>
  </sponsors>
  <source>Galderma</source>
  <oversight_info>
    <authority>United States: Food and Drug Administration</authority>
    <authority>Canada: Health Canada</authority>
    <has_dmc>No</has_dmc>
  </oversight_info>
  <brief_summary>
    <textblock>
      The purpose of this study is to determine whether Adapalene, 0.1% is safe and effective in
      the treatment of Acne Vulgaris.
    </textblock>
  </brief_summary>
  <detailed_description>
    <textblock>
      This study will compare the efficacy and safety of Adapalene, 0.1% and vehicle in the
      treatment of subjects with Acne Vulgaris. This is a multi-center, randomized, double-blind,
      parallel, vehicle controlled study involving subjects with acne vulgaris meeting
      pre-specified inclusion/exclusion criteria. Male and female subjects, 12 years of age or
      older, with 20-50 papules and pustules and 30 to 100 non-inflammatory lesions and have an
      Investigator's Global Assessment (IGA) score of 3 (Moderate) or 4 (Severe) are eligible for
      enrollment.  One nodule may be present at inclusion. Acne lesions are evaluated on the face
      only.  Subjects presenting with facial and truncal acne vulgaris can participate in this
      study.  Subjects will be randomized in a 1:1 ratio to Adapalene, 0.1% or Vehicle.
    </textblock>
  </detailed_description>
  <overall_status>Completed</overall_status>
  <start_date>November 2007</start_date>
  <completion_date type="Actual">December 2008</completion_date>
  <primary_completion_date type="Actual">November 2008</primary_completion_date>
  <phase>Phase 3</phase>
  <study_type>Interventional</study_type>
  <study_design>Allocation: Randomized, Endpoint Classification: Safety/Efficacy Study, Intervention Model: Parallel Assignment, Masking: Double Blind (Subject, Caregiver, Investigator, Outcomes Assessor), Primary Purpose: Treatment</study_design>
  <primary_outcome>
    <measure>Co-Primary Endpoint: Success Rate on Investigator's Global Assessment (IGA) From Baseline to Week 12</measure>
    <time_frame>From Baseline to Week 12</time_frame>
    <safety_issue>No</safety_issue>
    <description>Success defined as percentage of subjects who achieved at least a two-grade reduction in IGA scale (e.g from moderate to clear or almost clear)at week 12 from baseline, Last Observation Carried Forward, Intent to treat population. The IGA (Investigator Global Assessment) is defined as a 5 point scale (0 to 4).  &quot;0&quot; = clear , &quot;1&quot;= almost clear, &quot;2&quot;= mild, &quot;3&quot;= moderate, &quot;4&quot;=severe.</description>
  </primary_outcome>
  <primary_outcome>
    <measure>Co-Primary Endpoint: Absolute Change in Total Lesion Counts From Baseline to Week 12</measure>
    <time_frame>Baseline to 12 weeks</time_frame>
    <safety_issue>No</safety_issue>
  </primary_outcome>
  <primary_outcome>
    <measure>Co-Primary Endpoint: Absolute Change in Inflammatory Lesion Count From Baseline to Week 12</measure>
    <time_frame>Baseline to Week 12</time_frame>
    <safety_issue>No</safety_issue>
  </primary_outcome>
  <primary_outcome>
    <measure>Co-Primary Endpoint: Absolute Change in NonInflammatory Lesion Counts From Baseline to Week 12</measure>
    <time_frame>Baseline to Week 12</time_frame>
    <safety_issue>No</safety_issue>
  </primary_outcome>
  <secondary_outcome>
    <measure>Mean Percent Change in Total Lesion Count From Baseline to Week 12</measure>
    <time_frame>From Baseline to 12 weeks</time_frame>
    <safety_issue>No</safety_issue>
    <description>Percent change in lesion count from baseline to week 12</description>
  </secondary_outcome>
  <number_of_arms>2</number_of_arms>
  <enrollment type="Actual">1067</enrollment>
  <condition>Acne Vulgaris</condition>
  <arm_group>
    <arm_group_label>Adapalene lotion 0.1%</arm_group_label>
    <arm_group_type>Experimental</arm_group_type>
  </arm_group>
  <arm_group>
    <arm_group_label>Adapalene Lotion vehicle</arm_group_label>
    <arm_group_type>Placebo Comparator</arm_group_type>
  </arm_group>
  <intervention>
    <intervention_type>Drug</intervention_type>
    <intervention_name>Adapalene lotion 0.1%</intervention_name>
    <description>Adapalene, 0.1% will be applied topically to the face, once a day, for 12 weeks</description>
    <arm_group_label>Adapalene lotion 0.1%</arm_group_label>
  </intervention>
  <intervention>
    <intervention_type>Drug</intervention_type>
    <intervention_name>Adapalene Lotion Vehicle</intervention_name>
    <description>Vehicle will be applied topically to the face, once a day, for 12 weeks</description>
    <arm_group_label>Adapalene Lotion vehicle</arm_group_label>
  </intervention>
  <eligibility>
    <criteria>
      <textblock>
        Inclusion Criteria:

          -  Subjects with Moderate or Severe Acne Vulgaris,

          -  20-50 papules and pustules in total on the face excluding the nose

          -  30-100 non-inflammatory lesions on the face excluding the nose.

          -  Negative urine pregnancy test for all females.

        Exclusion Criteria:

          -  Subjects with more than one acne nodule.

          -  Subjects with any acne cyst on the face.

          -  Subjects with acne conglobata, acne fulminans, secondary acne (chloracne,
             drug-induced acne, etc.), or severe acne requiring systemic treatment.

          -  Subjects with underlying diseases or other dermatologic conditions that require the
             use of interfering topical or systemic therapy, such as, but not limited to, atopic
             dermatitis, perioral dermatitis or rosacea.

          -  Subjects who are pregnant, nursing, or planning a pregnancy.
      </textblock>
    </criteria>
    <gender>Both</gender>
    <minimum_age>12 Years</minimum_age>
    <maximum_age>N/A</maximum_age>
    <healthy_volunteers>No</healthy_volunteers>
  </eligibility>
  <location>
    <facility>
      <name>University of California</name>
      <address>
        <city>San Diego</city>
        <state>California</state>
        <zip>92123</zip>
        <country>United States</country>
      </address>
    </facility>
  </location>
  <location>
    <facility>
      <name>Dermatology Specialists, Inc.</name>
      <address>
        <city>Vista</city>
        <state>California</state>
        <zip>92083</zip>
        <country>United States</country>
      </address>
    </facility>
  </location>
  <location>
    <facility>
      <name>Cherry Creek Dermatology</name>
      <address>
        <city>Denver</city>
        <state>Colorado</state>
        <zip>80246</zip>
        <country>United States</country>
      </address>
    </facility>
  </location>
  <location>
    <facility>
      <name>Dermatology Research</name>
      <address>
        <city>North Pinellas Park</city>
        <state>Florida</state>
        <zip>33781</zip>
        <country>United States</country>
      </address>
    </facility>
  </location>
  <location>
    <facility>
      <name>Advanced Dermatology and Cosmetic Surgery</name>
      <address>
        <city>Ormond Beach</city>
        <state>Florida</state>
        <zip>32174</zip>
        <country>United States</country>
      </address>
    </facility>
  </location>
  <location>
    <facility>
      <name>Christie Clinic, PC</name>
      <address>
        <city>Champaign</city>
        <state>Illinois</state>
        <zip>61820</zip>
        <country>United States</country>
      </address>
    </facility>
  </location>
  <location>
    <facility>
      <name>Compliant Clinical Research</name>
      <address>
        <city>Olathe</city>
        <state>Kansas</state>
        <zip>66061</zip>
        <country>United States</country>
      </address>
    </facility>
  </location>
  <location>
    <facility>
      <name>Dermatology Specialists</name>
      <address>
        <city>Louisville</city>
        <state>Kentucky</state>
        <zip>40202</zip>
        <country>United States</country>
      </address>
    </facility>
  </location>
  <location>
    <facility>
      <name>East Coast Clinical Research, Inc.</name>
      <address>
        <city>Haverhill</city>
        <state>Massachusetts</state>
        <zip>01830</zip>
        <country>United States</country>
      </address>
    </facility>
  </location>
  <location>
    <facility>
      <name>Midwest Cutaneous Research</name>
      <address>
        <city>Clinton Township</city>
        <state>Michigan</state>
        <zip>48038</zip>
        <country>United States</country>
      </address>
    </facility>
  </location>
  <location>
    <facility>
      <name>Henry Ford Medical Center-Dept. of Dermatology</name>
      <address>
        <city>Detroit</city>
        <state>Michigan</state>
        <zip>48202</zip>
        <country>United States</country>
      </address>
    </facility>
  </location>
  <location>
    <facility>
      <name>Minnesota Clinical Study Centert</name>
      <address>
        <city>Fridley</city>
        <state>Minnesota</state>
        <zip>55432</zip>
        <country>United States</country>
      </address>
    </facility>
  </location>
  <location>
    <facility>
      <name>Skin Specialists, PC</name>
      <address>
        <city>Omaha</city>
        <state>Nebraska</state>
        <zip>68144</zip>
        <country>United States</country>
      </address>
    </facility>
  </location>
  <location>
    <facility>
      <name>Cindy Lamerson</name>
      <address>
        <city>Reno</city>
        <state>Nevada</state>
        <zip>89511</zip>
        <country>United States</country>
      </address>
    </facility>
  </location>
  <location>
    <facility>
      <name>Fran Cook-Bolden</name>
      <address>
        <city>New York</city>
        <state>New York</state>
        <zip>10021</zip>
        <country>United States</country>
      </address>
    </facility>
  </location>
  <location>
    <facility>
      <name>Dermatology Associates of Rochester</name>
      <address>
        <city>Rochester</city>
        <state>New York</state>
        <zip>14623</zip>
        <country>United States</country>
      </address>
    </facility>
  </location>
  <location>
    <facility>
      <name>University of North Carolina at Chapel Hill</name>
      <address>
        <city>Chapel Hill</city>
        <state>North Carolina</state>
        <zip>27599</zip>
        <country>United States</country>
      </address>
    </facility>
  </location>
  <location>
    <facility>
      <name>Wake Research Associates, LLC</name>
      <address>
        <city>Raleigh</city>
        <state>North Carolina</state>
        <zip>27612</zip>
        <country>United States</country>
      </address>
    </facility>
  </location>
  <location>
    <facility>
      <name>University Dermatology Consultants</name>
      <address>
        <city>Cincinnati</city>
        <state>Ohio</state>
        <zip>45219</zip>
        <country>United States</country>
      </address>
    </facility>
  </location>
  <location>
    <facility>
      <name>Central Sooner Research</name>
      <address>
        <city>Norman</city>
        <state>Oklahoma</state>
        <zip>73069</zip>
        <country>United States</country>
      </address>
    </facility>
  </location>
  <location>
    <facility>
      <name>Northwest Cutaneous Research Specialists</name>
      <address>
        <city>Portland</city>
        <state>Oregon</state>
        <zip>97210</zip>
        <country>United States</country>
      </address>
    </facility>
  </location>
  <location>
    <facility>
      <name>Palmetto Medical Research</name>
      <address>
        <city>Mount Pleasant</city>
        <state>South Carolina</state>
        <zip>29464</zip>
        <country>United States</country>
      </address>
    </facility>
  </location>
  <location>
    <facility>
      <name>Dermatology Associates</name>
      <address>
        <city>Knoxville</city>
        <state>Tennessee</state>
        <zip>37917</zip>
        <country>United States</country>
      </address>
    </facility>
  </location>
  <location>
    <facility>
      <name>Dermatology Research Associates</name>
      <address>
        <city>Nashville</city>
        <state>Tennessee</state>
        <zip>37203</zip>
        <country>United States</country>
      </address>
    </facility>
  </location>
  <location>
    <facility>
      <name>Tennessee Clinical Research Center</name>
      <address>
        <city>Nashville</city>
        <state>Tennessee</state>
        <zip>37215</zip>
        <country>United States</country>
      </address>
    </facility>
  </location>
  <location>
    <facility>
      <name>J&amp;S Studies, Inc.</name>
      <address>
        <city>Bryan</city>
        <state>Texas</state>
        <zip>77802</zip>
        <country>United States</country>
      </address>
    </facility>
  </location>
  <location>
    <facility>
      <name>The Center for Skin Research</name>
      <address>
        <city>Houston</city>
        <state>Texas</state>
        <zip>77056</zip>
        <country>United States</country>
      </address>
    </facility>
  </location>
  <location>
    <facility>
      <name>Dermatology Research Center</name>
      <address>
        <city>Salt Lake City</city>
        <state>Utah</state>
        <zip>84124</zip>
        <country>United States</country>
      </address>
    </facility>
  </location>
  <location>
    <facility>
      <name>Premier Clinical Research</name>
      <address>
        <city>Spokane</city>
        <state>Washington</state>
        <zip>99204</zip>
        <country>United States</country>
      </address>
    </facility>
  </location>
  <location>
    <facility>
      <name>Dermatology Associates</name>
      <address>
        <city>Calgary</city>
        <state>Alberta</state>
        <zip>T3A 2N1</zip>
        <country>Canada</country>
      </address>
    </facility>
  </location>
  <location>
    <facility>
      <name>Derm Research @ 888 Inc</name>
      <address>
        <city>Vancouver</city>
        <state>British Columbia</state>
        <zip>V5Z 3Y1</zip>
        <country>Canada</country>
      </address>
    </facility>
  </location>
  <location>
    <facility>
      <name>Ultranova Skincare</name>
      <address>
        <city>Barrie</city>
        <state>Ontario</state>
        <zip>L4M 6L2</zip>
        <country>Canada</country>
      </address>
    </facility>
  </location>
  <location>
    <facility>
      <name>North Bay Dermatology Centre</name>
      <address>
        <city>North Bay</city>
        <state>Ontario</state>
        <zip>P1B 3Z7</zip>
        <country>Canada</country>
      </address>
    </facility>
  </location>
  <location>
    <facility>
      <name>Siena Medical Research</name>
      <address>
        <city>Montreal</city>
        <state>Quebec</state>
        <zip>H3G 1C6</zip>
        <country>Canada</country>
      </address>
    </facility>
  </location>
  <location_countries>
    <country>United States</country>
    <country>Canada</country>
  </location_countries>
  <verification_date>March 2011</verification_date>
  <lastchanged_date>March 21, 2011</lastchanged_date>
  <firstreceived_date>January 11, 2008</firstreceived_date>
  <firstreceived_results_date>April 16, 2010</firstreceived_results_date>
  <responsible_party>
    <name_title>Marie Ciardella  Clinical Trials.gov Administrator</name_title>
    <organization>Galderma Laboratories, Inc</organization>
  </responsible_party>
  <keyword>Acne Vulgaris</keyword>
  <keyword>Adapalene</keyword>
  <is_fda_regulated>Yes</is_fda_regulated>
  <is_section_801>Yes</is_section_801>
  <has_expanded_access>No</has_expanded_access>
  <condition_browse>
    <!-- CAUTION:  The following MeSH terms are assigned with an imperfect algorithm  -->
    <mesh_term>Acne Vulgaris</mesh_term>
  </condition_browse>
  <intervention_browse>
    <!-- CAUTION:  The following MeSH terms are assigned with an imperfect algorithm  -->
    <mesh_term>Adapalene</mesh_term>
  </intervention_browse>
  <!-- Results are available for this study                                           -->
</clinical_study>
