<?xml version="1.0" encoding="UTF-8"?>
<clinical_study rank="364">
  <!-- This xml conforms to an XML Schema at:
    https://clinicaltrials.gov/ct2/html/images/info/public.xsd
 and an XML DTD at:
    https://clinicaltrials.gov/ct2/html/images/info/public.dtd -->
  <required_header>
    <download_date>ClinicalTrials.gov processed this data on July 08, 2015</download_date>
    <link_text>Link to the current ClinicalTrials.gov record.</link_text>
    <url>https://clinicaltrials.gov/show/NCT01614938</url>
  </required_header>
  <id_info>
    <org_study_id>HN201002</org_study_id>
    <nct_id>NCT01614938</nct_id>
  </id_info>
  <brief_title>Induction Chemotherapy Followed by Concurrent Radiation With Cetuximab or Cisplatin in Locally Advanced Nasopharyngeal Cancer</brief_title>
  <official_title>Phase II Trial of Docetaxel-Cisplatin Neoadjuvant Chemotherapy Followed by Concurrent Radiotherapy With Cetuximab or Weekly Cisplatin in Locally Advanced Nasopharyngeal Carcinoma</official_title>
  <sponsors>
    <lead_sponsor>
      <agency>Fudan University</agency>
      <agency_class>Other</agency_class>
    </lead_sponsor>
  </sponsors>
  <source>Fudan University</source>
  <oversight_info>
    <authority>China: Ministry of Health</authority>
    <has_dmc>Yes</has_dmc>
  </oversight_info>
  <brief_summary>
    <textblock>
      The purpose of this study is to compare the efficacy and toxicity of docetaxel-cisplatin
      neoadjuvant chemotherapy followed by concurrent radiotherapy with cetuximab or weekly
      cisplatin in locally advanced nasopharyngeal carcinoma.
    </textblock>
  </brief_summary>
  <detailed_description>
    <textblock>
      Although concurrent chemoradiation is the standard treatment modality for locally advanced
      nasopharyngeal carcinoma (NPC), high incidences of distant metastases and severe treatment
      related toxicities have become an obstacle to be overcome.  A phase Ⅱ study conducted by Hui
      et al. showed that neoadjuvant docetaxel-cisplatin (TP) chemotherapy followed by concurrent
      chemoradiotherapy was superior to the standard concomitant chemoradiation in terms of the
      3-year OS without significantly exacerbating the acute toxicities. Moreover, Bonner et al.
      demonstrated that RT with concurrent Cetuximab significantly improved the 5-year OS and did
      not increase the treatment induced toxicities when compared with RT alone. Therefore, we
      initiated this study to compare the efficacy and toxicity of the two regimens, neoadjuvant
      chemotherapy followed by concurrent radiotherapy with cetuximab or weekly cisplatin for
      locally advanced NPC.
    </textblock>
  </detailed_description>
  <overall_status>Active, not recruiting</overall_status>
  <start_date>August 2010</start_date>
  <completion_date type="Anticipated">August 2014</completion_date>
  <primary_completion_date type="Anticipated">August 2014</primary_completion_date>
  <phase>Phase 2</phase>
  <study_type>Interventional</study_type>
  <study_design>Allocation: Randomized, Endpoint Classification: Safety/Efficacy Study, Intervention Model: Parallel Assignment, Masking: Open Label, Primary Purpose: Treatment</study_design>
  <primary_outcome>
    <measure>Progression-free survival</measure>
    <time_frame>up to 3 years</time_frame>
    <safety_issue>No</safety_issue>
    <description>The time from date of randomization until date of first documented disease progression or death from any cause, assessed up to 3 years.</description>
  </primary_outcome>
  <secondary_outcome>
    <measure>Overall survival</measure>
    <time_frame>up to 3 years</time_frame>
    <safety_issue>No</safety_issue>
    <description>The time from date of randomization until date of death due to any cause, assessed up to 3 years.</description>
  </secondary_outcome>
  <secondary_outcome>
    <measure>Locoregional recurrence-free survival</measure>
    <time_frame>up to 3 years</time_frame>
    <safety_issue>No</safety_issue>
    <description>The time from date of randomization until date of first documented disease  recurrence at a locoregional site, assessed up to 3 years.</description>
  </secondary_outcome>
  <secondary_outcome>
    <measure>Distant metastasis-free survival</measure>
    <time_frame>up to 3 years</time_frame>
    <safety_issue>No</safety_issue>
    <description>The time from date of randomization until date of first documented distant metastasis, assessed up to 3 years.</description>
  </secondary_outcome>
  <secondary_outcome>
    <measure>Number of participants with hematologic toxicity events occurred during two cycles of neoadjuvant chemotherapy according to CTCAE v4.0</measure>
    <time_frame>1, 2, 3 weeks post-dose</time_frame>
    <safety_issue>Yes</safety_issue>
  </secondary_outcome>
  <secondary_outcome>
    <measure>Number of participants with acute toxicities (hematologic toxicity events, oral mucositis, acne-like rash) occurred during the concurrent treatment according to CTCAE v4.0</measure>
    <time_frame>participants will be followed for the duration of hospital stay, an expected average of 6 weeks</time_frame>
    <safety_issue>Yes</safety_issue>
  </secondary_outcome>
  <secondary_outcome>
    <measure>Number of participants with late toxicities (hematologic toxicity events, dysphagia, acne-like rash) occurred from 3 months after completion of radiotherapy to last follow-up visit according to CTCAE v4.0</measure>
    <time_frame>Every 3 months during the first 2 years, then every 6 months during year 3 after completion of radiotherapy</time_frame>
    <safety_issue>Yes</safety_issue>
  </secondary_outcome>
  <secondary_outcome>
    <measure>Score of the European Organization for Research and Treatment of Cancer Quality of Life Questionnaire Head and Neck Core 35 (EORTC QLQ-HN35) during the concurrent treatment</measure>
    <time_frame>participants will be followed for the duration of hospital stay, an expected average of 6 weeks</time_frame>
    <safety_issue>No</safety_issue>
    <description>QoL score will be documented on each weekend during the course of radiotherapy</description>
  </secondary_outcome>
  <secondary_outcome>
    <measure>Score of the European Organization for Research and Treatment of Cancer Quality of Life Questionnaire Head and Neck Core 35 (EORTC QLQ-HN35) at 3 months after completion of radiotherapy</measure>
    <time_frame>At 3 months after completion of radiotherapy</time_frame>
    <safety_issue>No</safety_issue>
  </secondary_outcome>
  <number_of_arms>2</number_of_arms>
  <enrollment type="Actual">46</enrollment>
  <condition>Nasopharyngeal Carcinoma</condition>
  <arm_group>
    <arm_group_label>cisplatin-radiotherapy (CRT)</arm_group_label>
    <arm_group_type>Active Comparator</arm_group_type>
    <description>The arm receiving docetaxel-cisplatin neoadjuvant chemotherapy followed by concurrent weekly cisplatin and radiotherapy</description>
  </arm_group>
  <arm_group>
    <arm_group_label>cetuximab-radiotherapy (ERT)</arm_group_label>
    <arm_group_type>Experimental</arm_group_type>
    <description>The arm receiving docetaxel-cisplatin neoadjuvant chemotherapy followed by concurrent cetuximab and radiotherapy</description>
  </arm_group>
  <intervention>
    <intervention_type>Drug</intervention_type>
    <intervention_name>Cetuximab</intervention_name>
    <description>400 mg/m2 initial dose before radiation, then 250 mg/m2 weekly during radiation</description>
    <arm_group_label>cetuximab-radiotherapy (ERT)</arm_group_label>
    <other_name>Erbitux</other_name>
  </intervention>
  <intervention>
    <intervention_type>Drug</intervention_type>
    <intervention_name>Cisplatin</intervention_name>
    <description>2 cycles of induction chemotherapy every 3 weeks with cisplatin 80 mg/m2 D1-3</description>
    <arm_group_label>cetuximab-radiotherapy (ERT)</arm_group_label>
    <other_name>Platinol</other_name>
  </intervention>
  <intervention>
    <intervention_type>Drug</intervention_type>
    <intervention_name>Docetaxel</intervention_name>
    <description>2 cycles of induction chemotherapy every 3 weeks with docetaxel 75 mg/m2 D1</description>
    <arm_group_label>cisplatin-radiotherapy (CRT)</arm_group_label>
    <arm_group_label>cetuximab-radiotherapy (ERT)</arm_group_label>
    <other_name>Taxotere</other_name>
  </intervention>
  <intervention>
    <intervention_type>Radiation</intervention_type>
    <intervention_name>Intensity-modulated radiotherapy</intervention_name>
    <description>a total dose of 66-70.4Gy in 30-32 fractions over 6-6.5 weeks planned to be delivered to the PTV of gross tumor</description>
    <arm_group_label>cisplatin-radiotherapy (CRT)</arm_group_label>
    <arm_group_label>cetuximab-radiotherapy (ERT)</arm_group_label>
    <other_name>IMRT</other_name>
  </intervention>
  <intervention>
    <intervention_type>Drug</intervention_type>
    <intervention_name>Cisplatin</intervention_name>
    <description>2 cycles of induction chemotherapy every 3 weeks with cisplatin 80 mg/m2 D1-3, then 6 cycles of concomitant chemotherapy every week with cisplatin 30 mg/m2 D1</description>
    <arm_group_label>cisplatin-radiotherapy (CRT)</arm_group_label>
    <other_name>Platinol</other_name>
  </intervention>
  <eligibility>
    <criteria>
      <textblock>
        Inclusion Criteria:

          1. Histopathologically proven nasopharyngeal carcinoma (WHO type 2 or 3)

          2. Stage Ⅲ-ⅣB disease (AJCC/UICC 2009)

          3. ECOG performance status of 0-1

          4. Life expectancy of more than 6 months

          5. Signed written informed consent

          6. Adequate organ function including the following:

               -  Absolute neutrophil count (ANC) &gt;= 1.5 * 109/l

               -  Platelets count &gt;= 100 * 109/l

               -  Hemoglobin &gt;= 10 g/dl

               -  AST and ALT &lt;= 2.5 times institutional upper limit of normal (ULN)

               -  Total bilirubin &lt;= 1.5 times institutional ULN

               -  Creatinine clearance &gt;= 50 ml/min

               -  Serum creatine &lt;= 1 times ULN

        Exclusion Criteria:

          1. Evidence of distant metastasis

          2. Prior chemotherapy or anti-cancer biologic therapy for any type of cancer, or prior
             radiotherapy to the head and neck region

          3. Other previous or concomitant cancer, except for in situ cervical cancer and
             cutaneous basal cell carcinoma

          4. Pregnant or breast-feeding females, or females and males of childbearing potential
             not taking adequate contraceptive measures

          5. Presence of an uncontrolled concomitant illness including, but not limited to,
             ongoing or active infection, symptomatic congestive heart failure, unstable angina
             pectoris, or cardiac arrhythmia
      </textblock>
    </criteria>
    <gender>Both</gender>
    <minimum_age>18 Years</minimum_age>
    <maximum_age>70 Years</maximum_age>
    <healthy_volunteers>No</healthy_volunteers>
  </eligibility>
  <overall_official>
    <last_name>Guopei Zhu, M.D.</last_name>
    <role>Principal Investigator</role>
    <affiliation>Fudan University</affiliation>
  </overall_official>
  <location>
    <facility>
      <name>Fudan University Shanghai Cancer Center</name>
      <address>
        <city>Shanghai</city>
        <state>Shanghai</state>
        <zip>200032</zip>
        <country>China</country>
      </address>
    </facility>
  </location>
  <location_countries>
    <country>China</country>
  </location_countries>
  <verification_date>June 2012</verification_date>
  <lastchanged_date>June 6, 2012</lastchanged_date>
  <firstreceived_date>June 5, 2012</firstreceived_date>
  <responsible_party>
    <responsible_party_type>Principal Investigator</responsible_party_type>
    <investigator_affiliation>Fudan University</investigator_affiliation>
    <investigator_full_name>Guo-Pei Zhu</investigator_full_name>
    <investigator_title>M.D., Associated Professor</investigator_title>
  </responsible_party>
  <keyword>Nasopharyngeal carcinoma</keyword>
  <keyword>Locally advanced</keyword>
  <keyword>Cetuximab</keyword>
  <keyword>Weekly cisplatin chemotherapy</keyword>
  <keyword>Intensity-modulated radiotherapy</keyword>
  <is_fda_regulated>No</is_fda_regulated>
  <has_expanded_access>No</has_expanded_access>
  <condition_browse>
    <!-- CAUTION:  The following MeSH terms are assigned with an imperfect algorithm  -->
    <mesh_term>Carcinoma</mesh_term>
    <mesh_term>Nasopharyngeal Neoplasms</mesh_term>
  </condition_browse>
  <intervention_browse>
    <!-- CAUTION:  The following MeSH terms are assigned with an imperfect algorithm  -->
    <mesh_term>Cetuximab</mesh_term>
    <mesh_term>Cisplatin</mesh_term>
    <mesh_term>Docetaxel</mesh_term>
  </intervention_browse>
  <!-- Results have not yet been posted for this study                                -->
</clinical_study>
