<?xml version="1.0" encoding="UTF-8"?>
<clinical_study rank="330">
  <!-- This xml conforms to an XML Schema at:
    https://clinicaltrials.gov/ct2/html/images/info/public.xsd
 and an XML DTD at:
    https://clinicaltrials.gov/ct2/html/images/info/public.dtd -->
  <required_header>
    <download_date>ClinicalTrials.gov processed this data on July 08, 2015</download_date>
    <link_text>Link to the current ClinicalTrials.gov record.</link_text>
    <url>https://clinicaltrials.gov/show/NCT02410031</url>
  </required_header>
  <id_info>
    <org_study_id>17195</org_study_id>
    <nct_id>NCT02410031</nct_id>
  </id_info>
  <brief_title>Risk Minimisation Study for Diane-35 and Its Generics</brief_title>
  <official_title>Study to Evaluate Physician Knowledge of Safety and Safe Use Information for Diane-35 and Its Generics in Europe: An Observational Post-Authorisation Safety Study</official_title>
  <sponsors>
    <lead_sponsor>
      <agency>Bayer</agency>
      <agency_class>Industry</agency_class>
    </lead_sponsor>
    <collaborator>
      <agency>RTI Health Solutions</agency>
      <agency_class>Other</agency_class>
    </collaborator>
  </sponsors>
  <source>Bayer</source>
  <oversight_info>
    <authority>European Union: European Medicines Agency</authority>
    <has_dmc>No</has_dmc>
  </oversight_info>
  <brief_summary>
    <textblock>
      The study will be an observational, cross-sectional study of knowledge, understanding, and
      self-reported behavior among a sample of physicians with recent experience in prescribing
      Diane-35 or its generics in a total of five European countries.   The primary objective of
      this study is to measure physician knowledge and understanding of the key information
      contained in the Diane-35 educational material: Patient information card, and Prescribers'
      Checklist.

      Specifically, the following objectives will be addressed:

        -  Investigate whether physicians have received any educational material related to
           Diane-35 or its generics

        -  Assess physicians' knowledge and understanding of key safety information pertaining to
           the patient information card

        -  Assess physicians' knowledge and understanding of key safety information pertaining to
           the following areas:

        -  Contraindications relevant to thromboembolism

        -  Risk factors for thromboembolism

        -  Signs and symptoms of thromboembolism
    </textblock>
  </brief_summary>
  <overall_status>Recruiting</overall_status>
  <start_date>May 2015</start_date>
  <completion_date type="Anticipated">December 2015</completion_date>
  <primary_completion_date type="Anticipated">December 2015</primary_completion_date>
  <phase>N/A</phase>
  <study_type>Observational</study_type>
  <study_design>N/A</study_design>
  <primary_outcome>
    <measure>The knowledge of the physician concerning Diane-35</measure>
    <time_frame>Day1</time_frame>
    <safety_issue>No</safety_issue>
    <description>The knowledge will be assessed based on a questionnaire with 22 questions which wil assess physician knowledge on key information contained in the Diane-35 educational material including patient information card, prescribers' checklist</description>
  </primary_outcome>
  <number_of_groups>1</number_of_groups>
  <enrollment type="Anticipated">27</enrollment>
  <condition>Acne Vulgaris</condition>
  <arm_group>
    <arm_group_label>Cyproterone acetate 2mg/ethinylestradiol 35 μg (Diane-35)</arm_group_label>
    <description>Prescribers of Diane-35 who agree and fulfill the criteria inclusion to participate in the survey</description>
  </arm_group>
  <intervention>
    <intervention_type>Drug</intervention_type>
    <intervention_name>Cyproterone acetate 2mg/ethinylestradiol 35 μg (Diane-35)</intervention_name>
    <description>Cyproterone acetate 2mg/ethinylestradiol 35 μg</description>
    <arm_group_label>Cyproterone acetate 2mg/ethinylestradiol 35 μg (Diane-35)</arm_group_label>
  </intervention>
  <eligibility>
    <study_pop>
      <textblock>
        Physicians eligible to participate who have recently prescribed (e.g., within previous 6
        months) Diane-35 or its generics
      </textblock>
    </study_pop>
    <sampling_method>Non-Probability Sample</sampling_method>
    <criteria>
      <textblock>
        Inclusion Criteria:

        -Physicians eligible to participate will have recently prescribed (e.g., within previous 6
        months) Diane-35 or its generics
      </textblock>
    </criteria>
    <gender>Both</gender>
    <minimum_age>18 Years</minimum_age>
    <maximum_age>N/A</maximum_age>
    <healthy_volunteers>No</healthy_volunteers>
  </eligibility>
  <overall_official>
    <last_name>Bayer Study Director</last_name>
    <role>Study Director</role>
    <affiliation>Bayer</affiliation>
  </overall_official>
  <overall_contact>
    <last_name>Bayer Clinical Trials Contact</last_name>
    <email>clinical-trials-contact@bayerhealthcare.com</email>
  </overall_contact>
  <location>
    <facility>
      <address>
        <city>Many Locations</city>
        <country>Czech Republic</country>
      </address>
    </facility>
    <status>Recruiting</status>
  </location>
  <location>
    <facility>
      <address>
        <city>Many Locations</city>
        <country>France</country>
      </address>
    </facility>
    <status>Recruiting</status>
  </location>
  <location>
    <facility>
      <address>
        <city>Many Locations</city>
        <country>Netherlands</country>
      </address>
    </facility>
    <status>Recruiting</status>
  </location>
  <location>
    <facility>
      <address>
        <city>Many Locations</city>
        <country>Spain</country>
      </address>
    </facility>
    <status>Recruiting</status>
  </location>
  <location_countries>
    <country>Czech Republic</country>
    <country>France</country>
    <country>Netherlands</country>
    <country>Spain</country>
  </location_countries>
  <link>
    <url>http://www.fda.gov/cder/drug/DrugSafety/DrugIndex.htm</url>
    <description>Click here and search for drug information provided by the FDA.</description>
  </link>
  <link>
    <url>http://www.fda.gov/medwatch/safety.htm</url>
    <description>Click here and search for information on any recalls, market or product safety alerts by the FDA which might have occurred with this product.</description>
  </link>
  <verification_date>July 2015</verification_date>
  <lastchanged_date>July 2, 2015</lastchanged_date>
  <firstreceived_date>April 2, 2015</firstreceived_date>
  <responsible_party>
    <responsible_party_type>Sponsor</responsible_party_type>
  </responsible_party>
  <is_fda_regulated>No</is_fda_regulated>
  <has_expanded_access>No</has_expanded_access>
  <condition_browse>
    <!-- CAUTION:  The following MeSH terms are assigned with an imperfect algorithm  -->
    <mesh_term>Acne Vulgaris</mesh_term>
  </condition_browse>
  <intervention_browse>
    <!-- CAUTION:  The following MeSH terms are assigned with an imperfect algorithm  -->
    <mesh_term>Cyproterone</mesh_term>
    <mesh_term>Cyproterone Acetate</mesh_term>
    <mesh_term>Ethinyl Estradiol</mesh_term>
  </intervention_browse>
  <!-- Results have not yet been posted for this study                                -->
</clinical_study>
