<?xml version="1.0" encoding="UTF-8"?>
<clinical_study rank="150">
  <!-- This xml conforms to an XML Schema at:
    https://clinicaltrials.gov/ct2/html/images/info/public.xsd
 and an XML DTD at:
    https://clinicaltrials.gov/ct2/html/images/info/public.dtd -->
  <required_header>
    <download_date>ClinicalTrials.gov processed this data on July 08, 2015</download_date>
    <link_text>Link to the current ClinicalTrials.gov record.</link_text>
    <url>https://clinicaltrials.gov/show/NCT01958450</url>
  </required_header>
  <id_info>
    <org_study_id>2012-1061</org_study_id>
    <nct_id>NCT01958450</nct_id>
  </id_info>
  <brief_title>Comparison of the Efficacy of Fractional Er:YAG Laser for Acne Scar</brief_title>
  <official_title>Comparitive Study of Efficacy and Safety Between Fractional Er:YAG Laser and Bipolar Radiofrequency Treatment for Acne Scar</official_title>
  <sponsors>
    <lead_sponsor>
      <agency>Seoul National University Hospital</agency>
      <agency_class>Other</agency_class>
    </lead_sponsor>
  </sponsors>
  <source>Seoul National University Hospital</source>
  <oversight_info>
    <authority>Korea: Institutional Review Board</authority>
    <has_dmc>Yes</has_dmc>
  </oversight_info>
  <brief_summary>
    <textblock>
      Compare the efficacy of frational Er:YAG laser and that of bipolar frequency with diode
      laser treatment.
    </textblock>
  </brief_summary>
  <detailed_description>
    <textblock>
      In acne scar treatment, ablational laser would be superior to nonablative laser treatment.
      Frational Er:YAG laser treatment is a effective treatment plan for acne scar without severe
      adverse effects.
    </textblock>
  </detailed_description>
  <overall_status>Completed</overall_status>
  <start_date>July 2012</start_date>
  <completion_date type="Actual">May 2013</completion_date>
  <primary_completion_date type="Actual">May 2013</primary_completion_date>
  <phase>N/A</phase>
  <study_type>Interventional</study_type>
  <study_design>Allocation: Randomized, Endpoint Classification: Efficacy Study, Intervention Model: Single Group Assignment, Masking: Double Blind (Subject, Outcomes Assessor), Primary Purpose: Treatment</study_design>
  <primary_outcome>
    <measure>Global asessment of acne scar</measure>
    <time_frame>12 weeks</time_frame>
    <safety_issue>No</safety_issue>
    <description>5 point grading of acne scar</description>
  </primary_outcome>
  <secondary_outcome>
    <measure>ECCA</measure>
    <time_frame>12 weeks</time_frame>
    <safety_issue>No</safety_issue>
    <description>quantative assessement of acne scar</description>
  </secondary_outcome>
  <secondary_outcome>
    <measure>adverse effect assessment</measure>
    <time_frame>12 weeks</time_frame>
    <safety_issue>Yes</safety_issue>
    <description>adverse effect assessment</description>
  </secondary_outcome>
  <number_of_arms>2</number_of_arms>
  <enrollment type="Actual">27</enrollment>
  <condition>Scar</condition>
  <arm_group>
    <arm_group_label>Er:YAG laser</arm_group_label>
    <arm_group_type>Experimental</arm_group_type>
    <description>acne scar treatment using Er:YAG laser</description>
  </arm_group>
  <arm_group>
    <arm_group_label>Bipolar radiofrequency with diode laser</arm_group_label>
    <arm_group_type>Active Comparator</arm_group_type>
    <description>Bipolar radiofrequency with diode laser</description>
  </arm_group>
  <intervention>
    <intervention_type>Procedure</intervention_type>
    <intervention_name>Er:YAG laser</intervention_name>
    <description>acne scar treatment using Er:YAG laser</description>
    <arm_group_label>Er:YAG laser</arm_group_label>
  </intervention>
  <intervention>
    <intervention_type>Procedure</intervention_type>
    <intervention_name>Bipolar radiofrequency with diode laser</intervention_name>
    <description>acne scar treatment with bipolar radiofrequency combined with diode laser</description>
    <arm_group_label>Bipolar radiofrequency with diode laser</arm_group_label>
  </intervention>
  <eligibility>
    <criteria>
      <textblock>
        Inclusion Criteria:

          -  moderate acne scar

        Exclusion Criteria:

          -  taking steroids, nonsteroidal antiinflammatory drug, and isotretinoin

          -  anyone who received acne scar procedures within 6 months

          -  underlying diabetes mellitus, keloid, or malignancy
      </textblock>
    </criteria>
    <gender>Both</gender>
    <minimum_age>19 Years</minimum_age>
    <maximum_age>40 Years</maximum_age>
    <healthy_volunteers>Accepts Healthy Volunteers</healthy_volunteers>
  </eligibility>
  <overall_official>
    <last_name>Dae Hun Suh, PhD</last_name>
    <role>Study Chair</role>
    <affiliation>Department of Dermatology, Seoul National University College of Medicine</affiliation>
  </overall_official>
  <overall_official>
    <last_name>Seonguk Min, Msc</last_name>
    <role>Principal Investigator</role>
    <affiliation>Department of Dermatology, Seoul National University College of Medicine</affiliation>
  </overall_official>
  <location>
    <facility>
      <name>Department of Dermatology, Seoul National University College of Medicine</name>
      <address>
        <city>Seoul</city>
        <zip>110-744</zip>
        <country>Korea, Republic of</country>
      </address>
    </facility>
  </location>
  <location_countries>
    <country>Korea, Republic of</country>
  </location_countries>
  <reference>
    <citation>Kutlubay Z, Gokdemir G. Treatment of atrophic facial acne scars with the Er:YAG laser: a Turkish experience. J Cosmet Laser Ther. 2010 Apr;12(2):65-72. doi: 10.3109/14764171003706141.</citation>
    <PMID>20331342</PMID>
  </reference>
  <verification_date>October 2013</verification_date>
  <lastchanged_date>October 9, 2013</lastchanged_date>
  <firstreceived_date>October 6, 2013</firstreceived_date>
  <responsible_party>
    <responsible_party_type>Principal Investigator</responsible_party_type>
    <investigator_affiliation>Seoul National University Hospital</investigator_affiliation>
    <investigator_full_name>Dae Hun Suh</investigator_full_name>
    <investigator_title>Professor</investigator_title>
  </responsible_party>
  <keyword>acne scar</keyword>
  <keyword>Laser therapy</keyword>
  <keyword>wound healing</keyword>
  <is_fda_regulated>No</is_fda_regulated>
  <has_expanded_access>No</has_expanded_access>
  <!-- Results have not yet been posted for this study                                -->
</clinical_study>
