<?xml version="1.0" encoding="UTF-8"?>
<clinical_study rank="371">
  <!-- This xml conforms to an XML Schema at:
    https://clinicaltrials.gov/ct2/html/images/info/public.xsd
 and an XML DTD at:
    https://clinicaltrials.gov/ct2/html/images/info/public.dtd -->
  <required_header>
    <download_date>ClinicalTrials.gov processed this data on July 08, 2015</download_date>
    <link_text>Link to the current ClinicalTrials.gov record.</link_text>
    <url>https://clinicaltrials.gov/show/NCT01632605</url>
  </required_header>
  <id_info>
    <org_study_id>003/2008/1.0</org_study_id>
    <nct_id>NCT01632605</nct_id>
  </id_info>
  <brief_title>The Vienna RAP Pilot Study</brief_title>
  <acronym>RAP</acronym>
  <official_title>Rapamycin in Advanced Polycystic Kidney Disease Pilot Study</official_title>
  <sponsors>
    <lead_sponsor>
      <agency>Medical University of Vienna</agency>
      <agency_class>Other</agency_class>
    </lead_sponsor>
  </sponsors>
  <source>Medical University of Vienna</source>
  <oversight_info>
    <authority>Austria: Agency for Health and Food Safety</authority>
    <authority>Austria: Ethikkommission</authority>
    <authority>European Union: European Medicines Agency</authority>
    <has_dmc>Yes</has_dmc>
  </oversight_info>
  <brief_summary>
    <textblock>
      The purpose of this study is to evaluate the safety of a daily single oral dose of sirolimus
      in patients with advanced autosomal dominant polycystic kidney disease.
    </textblock>
  </brief_summary>
  <detailed_description>
    <textblock>
      Autosomal dominant polycystic kidney disease (ADPKD) is the most common form of renal cystic
      diseases, affecting all ethnic groups with an incidence of 1 in 400 to 1.000. In Austria an
      estimated 8.000 to 21.000 people, and an estimated 670.000 to 1.675.000 people worldwide are
      affected by ADPKD, although statements of up to 6.000.000 affected individuals have been
      made. ADPKD is responsible for 5 to 10 percent of patients on chronic hemodialysis.
      Individuals with ADPKD usually present in the 3rd to 4th decade of life, progressing to
      end-stage renal disease within 5 to 10 years after the onset of renal insufficiency. Usually
      renal replacement therapy, either by chronic dialysis or renal transplantation, becomes
      necessary. Currently there is no treatment for ADPKD other than blood pressure control and
      supportive care.

      Thus, novel therapies for ADPKD are of great importance.

      The formation of cysts in ADPKD follows a mutation located within either the polycystic
      kidney disease 1 or -2 gene on chromosomes 16 and 4, which are coding for polycystin 1 (PC1)
      and -2 (PC2), respectively. PC1 and PC2 are members of the polycystin family of integral
      membrane proteins. PC1 acts as a G-protein coupled receptor and is suggested to mediate
      cell-cell and cell-matrix interactions. PC2 acts as a nonselective cation channel and is
      supposed to act in ion exchange mechanisms. Among other pathways PC1 and 2 are functioning
      via a mammalian target of rapamycin (mTOR) pathway, which is essential in protein
      translation, cell proliferation and -growth. Inhibition of the mTOR-pathway has reduced
      kidney enlargement in rodent polycystic kidney disease models and has shown to reduce the
      volume of cysts in human polycystic kidney- and polycystic liver disease. Thus, we
      hypothesize that the mTOR inhibitor sirolimus, an immunosuppressant drug with strong
      anti-proliferative effects, will delay the progression of renal insufficiency in patients
      with ADPKD in advanced stages of the disease.

      Before conducting a large multicenter randomized controlled trial in this population we will
      demonstrate that therapy with mTOR-I does not accelerate the decline in renal function (as
      natural course of the disease), as well as mTOR-I does not aggravate prevalent-, or cause
      new onset of proteinuria, as expressed by the protein/creatinine ratio, in patients with
      ADPKD and an eGFR between 20 and 40 mL/min per 1.73sqm, compared to a historic cohort of
      patients with ADPKD and an eGFR between 20 and 40 mL/min per 1.73sqm, treated at the
      Department of Medicine III, Division of Nephrology and Dialysis, Medical University Vienna.
    </textblock>
  </detailed_description>
  <overall_status>Completed</overall_status>
  <start_date>November 2009</start_date>
  <completion_date type="Actual">April 2012</completion_date>
  <primary_completion_date type="Actual">April 2012</primary_completion_date>
  <phase>N/A</phase>
  <study_type>Interventional</study_type>
  <study_design>Endpoint Classification: Safety Study, Intervention Model: Single Group Assignment, Masking: Open Label</study_design>
  <primary_outcome>
    <measure>Slope in estimated glomerular filtration rate (eGFR; 4 variables MDRD equation) and proteinuria within six months of exposure to sirolimus.</measure>
    <time_frame>Six months</time_frame>
    <safety_issue>Yes</safety_issue>
    <description>A single daily oral dose of sirolimus with trough levels of 4 to 8ng/dL in patients with advanced polycystic kidney disease and an eGFR of 20-40mL/min per 1.73m2 does not lead to a greater decline in kidney function as represented by the eGFR than -8.8mL/min per 1.73m2 within 6 months (one-sided) as well as it does not lead to an incline in proteinuria, as represented by the logarithm of the protein-creatinine ratio, greater than 0.39 within 6 months (one-sided).</description>
  </primary_outcome>
  <secondary_outcome>
    <measure>Leucopenia</measure>
    <time_frame>6 months</time_frame>
    <safety_issue>Yes</safety_issue>
    <description>Drop in WBC below 4 G/L</description>
  </secondary_outcome>
  <secondary_outcome>
    <measure>Thrombopenia</measure>
    <time_frame>6 months</time_frame>
    <safety_issue>Yes</safety_issue>
    <description>Drop in platelets below 150 G/L</description>
  </secondary_outcome>
  <secondary_outcome>
    <measure>Aphthae</measure>
    <time_frame>6 months</time_frame>
    <safety_issue>Yes</safety_issue>
    <description>New onset of aphthaeous stomatitis under therapy with sirolimus</description>
  </secondary_outcome>
  <secondary_outcome>
    <measure>Dysfunctional wound healing</measure>
    <time_frame>6 months</time_frame>
    <safety_issue>Yes</safety_issue>
    <description>Dysfunctional and/or prolonged wound healing attributed to sirolimus therapy</description>
  </secondary_outcome>
  <secondary_outcome>
    <measure>Pneumonitis</measure>
    <time_frame>6 months</time_frame>
    <safety_issue>Yes</safety_issue>
    <description>Persisting cough and infiltrates on chest x-ray</description>
  </secondary_outcome>
  <secondary_outcome>
    <measure>Acne</measure>
    <time_frame>6 months</time_frame>
    <safety_issue>Yes</safety_issue>
    <description>Acne attributed to sirolimus therapy</description>
  </secondary_outcome>
  <number_of_arms>1</number_of_arms>
  <enrollment type="Actual">8</enrollment>
  <condition>ADPKD</condition>
  <arm_group>
    <arm_group_label>Sirolimus</arm_group_label>
    <arm_group_type>Experimental</arm_group_type>
    <description>Daily single oral dose of 1-3mg sirolimus with an initial loading dose of 6mg.</description>
  </arm_group>
  <intervention>
    <intervention_type>Drug</intervention_type>
    <intervention_name>Sirolimus</intervention_name>
    <description>Coated tablets, 1mg and 2mg available. Daily oral single dose with trough levels of 4-8ng/mL. Total intake for 6 months.</description>
    <arm_group_label>Sirolimus</arm_group_label>
    <other_name>RAPAMUNE</other_name>
  </intervention>
  <eligibility>
    <criteria>
      <textblock>
        Inclusion Criteria:

          -  ADPKD

          -  Eighteen years of age, or older.

          -  Baseline eGFR of 20-40mL/min per 1.73m2.

          -  Negative serum pregnancy test prior to administration of sirolimus and agreement to
             use contraception throughout the pilot safety study and three months after. Any
             participant who is getting pregnant during the pilot safety study period will have to
             discontinue.

          -  Written informed consent.

        Exclusion Criteria:

          -  Pregnancy or lactation or plans to become pregnant in the near future or disagreement
             to use contraception.

          -  History of life threatening complications of ADPKD.

          -  Evidence of active systemic- or localized major infection.

          -  Evidence of infiltrate, cavities or consolidation on chest X-ray.

          -  Use of any investigational drug or -treatment up to 4 weeks prior to the enrolment
             and during the pilot safety study.

          -  Known hypersensitivity to sirolimus and its derivatives.

          -  Treatment with substances known to interfere with the cytochrome p-450 (CYP) 3A4/3A5
             systems.

          -  Screening/baseline total white blood cell count below or equal to 3000/mm3.

          -  Screening/baseline platelet count below or equal to 100.000/mm3.

          -  Screening/baseline fasting triglycerides above or equal to 400 mg/dL.

          -  Screening/baseline fasting total cholesterol above or equal to 300 mg/dL.

          -  Concomitant glomerular diseases.

          -  Psychiatric disorders or any condition that might prevent the full comprehension of
             the purposes and risks of the pilot safety study.

          -  History of malignancies with the exception of adequately treated basal- and
             squamous-cell carcinomas of the skin.

          -  HIV infection.
      </textblock>
    </criteria>
    <gender>Both</gender>
    <minimum_age>18 Years</minimum_age>
    <maximum_age>N/A</maximum_age>
    <healthy_volunteers>No</healthy_volunteers>
  </eligibility>
  <overall_official>
    <last_name>Gere Sunder-Plassmann, MD</last_name>
    <role>Principal Investigator</role>
    <affiliation>Medical University Vienna</affiliation>
  </overall_official>
  <location>
    <facility>
      <name>Division of Nephrology and Dialysis, Department of Medicine III, Medical University Vienna</name>
      <address>
        <city>Vienna</city>
        <zip>1090</zip>
        <country>Austria</country>
      </address>
    </facility>
  </location>
  <location_countries>
    <country>Austria</country>
  </location_countries>
  <verification_date>June 2012</verification_date>
  <lastchanged_date>June 28, 2012</lastchanged_date>
  <firstreceived_date>May 13, 2012</firstreceived_date>
  <responsible_party>
    <responsible_party_type>Principal Investigator</responsible_party_type>
    <investigator_affiliation>Medical University of Vienna</investigator_affiliation>
    <investigator_full_name>Gere Sunder-Plassmann</investigator_full_name>
    <investigator_title>Associate Professor of Medicine</investigator_title>
  </responsible_party>
  <keyword>ADPKD</keyword>
  <keyword>Autosomal dominant polycystic kidney disease</keyword>
  <keyword>Sirolimus</keyword>
  <keyword>Rapamune</keyword>
  <keyword>Polycystic liver disease</keyword>
  <keyword>Rapamycin</keyword>
  <keyword>Mammalian target of rapamycin</keyword>
  <keyword>m-TOR</keyword>
  <keyword>m-TOR inhibition</keyword>
  <is_fda_regulated>No</is_fda_regulated>
  <has_expanded_access>No</has_expanded_access>
  <condition_browse>
    <!-- CAUTION:  The following MeSH terms are assigned with an imperfect algorithm  -->
    <mesh_term>Polycystic Kidney Diseases</mesh_term>
  </condition_browse>
  <intervention_browse>
    <!-- CAUTION:  The following MeSH terms are assigned with an imperfect algorithm  -->
    <mesh_term>Everolimus</mesh_term>
    <mesh_term>Sirolimus</mesh_term>
  </intervention_browse>
  <!-- Results have not yet been posted for this study                                -->
</clinical_study>
