<?xml version="1.0" encoding="UTF-8"?>
<clinical_study rank="394">
  <!-- This xml conforms to an XML Schema at:
    https://clinicaltrials.gov/ct2/html/images/info/public.xsd
 and an XML DTD at:
    https://clinicaltrials.gov/ct2/html/images/info/public.dtd -->
  <required_header>
    <download_date>ClinicalTrials.gov processed this data on July 08, 2015</download_date>
    <link_text>Link to the current ClinicalTrials.gov record.</link_text>
    <url>https://clinicaltrials.gov/show/NCT00000738</url>
  </required_header>
  <id_info>
    <org_study_id>ACTG 162</org_study_id>
    <secondary_id>11137</secondary_id>
    <nct_id>NCT00000738</nct_id>
  </id_info>
  <brief_title>Randomized, Double-Blind, Placebo-Controlled Trial of Nimodipine for the Neurological Manifestations of HIV-1</brief_title>
  <official_title>Randomized, Double-Blind, Placebo-Controlled Trial of Nimodipine for the Neurological Manifestations of HIV-1</official_title>
  <sponsors>
    <lead_sponsor>
      <agency>National Institute of Allergy and Infectious Diseases (NIAID)</agency>
      <agency_class>NIH</agency_class>
    </lead_sponsor>
    <collaborator>
      <agency>Miles</agency>
      <agency_class>Industry</agency_class>
    </collaborator>
    <collaborator>
      <agency>Glaxo Wellcome</agency>
      <agency_class>Industry</agency_class>
    </collaborator>
  </sponsors>
  <source>National Institute of Allergy and Infectious Diseases (NIAID)</source>
  <oversight_info>
    <authority>United States: Federal Government</authority>
  </oversight_info>
  <brief_summary>
    <textblock>
      PRIMARY: To assess the safety of nimodipine in the treatment of HIV-Associated Motor /
      Cognitive Complex (formerly AIDS dementia complex). To assess the systemic or central
      nervous system toxicities (e.g., rash, headache, gastrointestinal symptoms, nausea, dyspnea,
      muscle pain or cramp, acne) of nimodipine.

      SECONDARY: To assess the efficacy of nimodipine in stabilizing the progression of
      HIV-Associated Motor / Cognitive Complex by improvement in neuropsychological test
      performance, peripheral neuropathy, or other neurologic manifestations.

      HIV-infected patients may develop a condition known as HIV-Associated Motor / Cognitive
      Complex (also known as AIDS dementia complex) that causes damage to the nervous system,
      particularly the brain and spinal cord. Evidence exists that nimodipine protects nerve cells
      in culture from injury by HIV. Although nimodipine has been used in patients with other
      neurological problems, its safety and effectiveness in halting the progression of
      HIV-Associated Motor / Cognitive Complex is not yet known.
    </textblock>
  </brief_summary>
  <detailed_description>
    <textblock>
      HIV-infected patients may develop a condition known as HIV-Associated Motor / Cognitive
      Complex (also known as AIDS dementia complex) that causes damage to the nervous system,
      particularly the brain and spinal cord. Evidence exists that nimodipine protects nerve cells
      in culture from injury by HIV. Although nimodipine has been used in patients with other
      neurological problems, its safety and effectiveness in halting the progression of
      HIV-Associated Motor / Cognitive Complex is not yet known.

      Forty patients currently taking zidovudine (AZT) or any other approved antiretroviral agent
      will be randomized to one of three treatment arms: high-dose nimodipine, low-dose
      nimodipine, or placebo.  Additionally, six patients who are intolerant to standard
      antiretroviral therapy will be randomized to receive high- or low-dose nimodipine.
      Nimodipine is administered by mouth concurrently with patients' prestudy dose of
      antiretroviral agent. Treatment is given for 16 weeks, and patients are followed every 4
      weeks. As an option, all patients may receive an additional 16 weeks of low-dose nimodipine.
    </textblock>
  </detailed_description>
  <overall_status>Completed</overall_status>
  <completion_date type="Actual">June 1994</completion_date>
  <phase>Phase 1</phase>
  <study_type>Interventional</study_type>
  <study_design>Endpoint Classification: Safety Study, Masking: Double-Blind, Primary Purpose: Treatment</study_design>
  <enrollment>36</enrollment>
  <condition>AIDS Dementia Complex</condition>
  <condition>HIV Infections</condition>
  <intervention>
    <intervention_type>Drug</intervention_type>
    <intervention_name>Nimodipine</intervention_name>
  </intervention>
  <intervention>
    <intervention_type>Drug</intervention_type>
    <intervention_name>Zidovudine</intervention_name>
  </intervention>
  <eligibility>
    <criteria>
      <textblock>
        Inclusion Criteria

        Concurrent Medication:

        Allowed:

          -  Alternative or additional antiretroviral agents if on a stable dose for 8 weeks prior
             to study entry.

          -  Isoniazid.

          -  Anticonvulsants.

          -  Benzodiazepines and antidepressants (provided dose is stable prior to study entry).

          -  Symptomatic therapies (e.g., analgesics, antihistamines, antiemetics, and
             antidiarrheal agents).

          -  Maintenance therapy with clarithromycin, azithromycin, amikacin, ethambutol,
             clofazimine, ciprofloxacin, and rifampin for disseminated Mycobacterium avium
             infection.

          -  Maintenance therapy for opportunistic infections (e.g., PCP, MAI, CMV).

        Patients must have:

          -  Documented HIV infection.

          -  HIV-Associated Motor / Cognitive Complex.

          -  Acceptable neurological and neuropsychological impairment scores.

          -  Estimated premorbid IQ of 70 or greater, consistent with completion of the sixth
             grade or ability to read at the sixth grade level. Current ability to read and
             comprehend a newspaper or history of such ability will satisfy this criterion for
             patients whose formal education stopped before the sixth grade. For patients who are
             illiterate, ability to make change from a dollar for a combined purchase of two items
             or the history of such ability will satisfy this criterion. In the absence of a
             functional definition, an age-correlated scaled score of &gt; 5 on the Vocabulary
             Subtest of the WAIS-R or WISC-R may be used to establish IQ.

          -  Ability to provide written informed consent.

        Prior Medication:

        Required:

          -  AZT for at least 12 weeks prior to study entry or any other approved antiretroviral
             agent (i.e., ddI or ddC) for at least 8 weeks prior to study entry, except in
             antiretroviral-intolerant patients who must be off antiretrovirals for at least 4
             weeks.

        Exclusion Criteria

        Co-existing Condition:

        Patients with the following symptoms and conditions are excluded:

          -  Active symptomatic AIDS-defining opportunistic infection (maintenance therapy for
             opportunistic infections, e.g., Pneumocystis carinii pneumonia, Mycobacterium avium
             infection, and cytomegalovirus, is permitted).

          -  Neoplasms other than basal cell carcinoma, in situ carcinoma of the cervix, or
             Kaposi's sarcoma without evidence of visceral involvement or that do not require
             systemic chemotherapy.

          -  Confounding neurological disorders, including the following:

          -  a) neurologic disease unrelated to HIV infection (such as multiple sclerosis,
             documented stroke, degenerative disease); b) chronic seizure disorders or head
             injuries if the condition results in functional impairment or is likely to interfere
             with evaluations; c) central nervous system (CNS) infections or neoplasms (such as
             toxoplasmosis, primary or metastatic CNS lymphoma, progressive multifocal
             leukoencephalopathy, cryptococcal or other fungal meningitis, tuberculous CNS
             infections, or untreated neurosyphilis).

          -  Severe premorbid psychiatric illness including bipolar illness, schizophrenia, and
             depression requiring electroconvulsive therapy.

          -  Major depression likely to interfere with evaluation or protocol compliance.

        Concurrent Medication:

        Excluded:

          -  Major psychotropic medication, including MAO inhibitors, phenothiazines,
             butyrophenones, barbiturates, or amphetamines (unless a stable dose is maintained for
             30 days prior to study entry).

          -  Any ongoing maintenance therapy for confounding neurological disorders.

        Patients with the following prior conditions are excluded:

        Confounding neurological disorders defined in the &quot;Exclusion Co-existing Conditions&quot;
        field.

        Prior Medication:

        Excluded:

          -  Investigative drugs within 30 days prior to study entry.

          -  Confounding calcium channel antagonists (such as nifedipine, verapamil, diltiazem,
             and related drugs) within 4 weeks prior to study entry.

        Active alcohol or drug abuse.
      </textblock>
    </criteria>
    <gender>Both</gender>
    <minimum_age>18 Years</minimum_age>
    <maximum_age>N/A</maximum_age>
    <healthy_volunteers>No</healthy_volunteers>
  </eligibility>
  <overall_official>
    <last_name>Lipton S</last_name>
    <role>Study Chair</role>
  </overall_official>
  <overall_official>
    <last_name>Navia B</last_name>
    <role>Study Chair</role>
  </overall_official>
  <overall_official>
    <last_name>Simpson D</last_name>
    <role>Study Chair</role>
  </overall_official>
  <overall_official>
    <last_name>Tucker T</last_name>
    <role>Study Chair</role>
  </overall_official>
  <location>
    <facility>
      <name>UCLA CARE Center CRS</name>
      <address>
        <city>Los Angeles</city>
        <state>California</state>
        <zip>90095</zip>
        <country>United States</country>
      </address>
    </facility>
  </location>
  <location>
    <facility>
      <name>Northwestern University CRS</name>
      <address>
        <city>Chicago</city>
        <state>Illinois</state>
        <zip>60611</zip>
        <country>United States</country>
      </address>
    </facility>
  </location>
  <location>
    <facility>
      <name>Indiana Univ. School of Medicine, Infectious Disease Research Clinic</name>
      <address>
        <city>Indianapolis</city>
        <state>Indiana</state>
        <zip>46202</zip>
        <country>United States</country>
      </address>
    </facility>
  </location>
  <location>
    <facility>
      <name>Beth Israel Deaconess - East Campus A0102 CRS</name>
      <address>
        <city>Boston</city>
        <state>Massachusetts</state>
        <zip>02215</zip>
        <country>United States</country>
      </address>
    </facility>
  </location>
  <location>
    <facility>
      <name>Bmc Actg Crs</name>
      <address>
        <city>Boston</city>
        <state>Massachusetts</state>
        <zip>02118</zip>
        <country>United States</country>
      </address>
    </facility>
  </location>
  <location>
    <facility>
      <name>Massachusetts General Hospital ACTG CRS</name>
      <address>
        <city>Boston</city>
        <state>Massachusetts</state>
        <zip>02114</zip>
        <country>United States</country>
      </address>
    </facility>
  </location>
  <location>
    <facility>
      <name>University of Minnesota, ACTU</name>
      <address>
        <city>Minneapolis</city>
        <state>Minnesota</state>
        <zip>55455</zip>
        <country>United States</country>
      </address>
    </facility>
  </location>
  <location>
    <facility>
      <name>Washington U CRS</name>
      <address>
        <city>St. Louis</city>
        <state>Missouri</state>
        <country>United States</country>
      </address>
    </facility>
  </location>
  <location>
    <facility>
      <name>Univ. of Rochester ACTG CRS</name>
      <address>
        <city>Rochester</city>
        <state>New York</state>
        <zip>14642</zip>
        <country>United States</country>
      </address>
    </facility>
  </location>
  <location>
    <facility>
      <name>Unc Aids Crs</name>
      <address>
        <city>Chapel Hill</city>
        <state>North Carolina</state>
        <zip>27599</zip>
        <country>United States</country>
      </address>
    </facility>
  </location>
  <location>
    <facility>
      <name>Case CRS</name>
      <address>
        <city>Cleveland</city>
        <state>Ohio</state>
        <zip>44106</zip>
        <country>United States</country>
      </address>
    </facility>
  </location>
  <location>
    <facility>
      <name>University of Washington AIDS CRS</name>
      <address>
        <city>Seattle</city>
        <state>Washington</state>
        <country>United States</country>
      </address>
    </facility>
  </location>
  <location_countries>
    <country>United States</country>
  </location_countries>
  <link>
    <url>http://www.aidsinfo.nih.gov/DrugsNew/DrugDetailNT.aspx?MenuItem=Drugs&amp;Search=On&amp;int_id=4</url>
    <description>Click here for more information about Zidovudine</description>
  </link>
  <reference>
    <citation>Navia BA, Dafni U, Simpson D, Tucker T, Singer E, McArthur JC, Yiannoutsos C, Zaborski L, Lipton SA. A phase I/II trial of nimodipine for HIV-related neurologic complications. Neurology. 1998 Jul;51(1):221-8.</citation>
    <PMID>9674806</PMID>
  </reference>
  <reference>
    <citation>Galgani S, Narciso P, Balestra P, Pigorini F, Pau F, Sette P, Tozzi V, Alba L, Grisetti S, Visco G. Nimodipine+ZDV vs ZDV in patients with ADC. Int Conf AIDS. 1994 Aug 7-12;10(1):205 (abstract no PB0248)</citation>
  </reference>
  <verification_date>March 2012</verification_date>
  <lastchanged_date>March 30, 2012</lastchanged_date>
  <firstreceived_date>November 2, 1999</firstreceived_date>
  <responsible_party>
    <responsible_party_type>Sponsor</responsible_party_type>
  </responsible_party>
  <keyword>Central Nervous System Diseases</keyword>
  <keyword>Acquired Immunodeficiency Syndrome</keyword>
  <keyword>AIDS Dementia Complex</keyword>
  <keyword>AIDS-Related Complex</keyword>
  <keyword>Zidovudine</keyword>
  <keyword>Nimodipine</keyword>
  <has_expanded_access>No</has_expanded_access>
  <condition_browse>
    <!-- CAUTION:  The following MeSH terms are assigned with an imperfect algorithm  -->
    <mesh_term>AIDS Dementia Complex</mesh_term>
    <mesh_term>Neurologic Manifestations</mesh_term>
  </condition_browse>
  <intervention_browse>
    <!-- CAUTION:  The following MeSH terms are assigned with an imperfect algorithm  -->
    <mesh_term>Nimodipine</mesh_term>
    <mesh_term>Zidovudine</mesh_term>
  </intervention_browse>
  <!-- Results have not yet been posted for this study                                -->
</clinical_study>
