<?xml version="1.0" encoding="UTF-8"?>
<clinical_study rank="368">
  <!-- This xml conforms to an XML Schema at:
    https://clinicaltrials.gov/ct2/html/images/info/public.xsd
 and an XML DTD at:
    https://clinicaltrials.gov/ct2/html/images/info/public.dtd -->
  <required_header>
    <download_date>ClinicalTrials.gov processed this data on July 08, 2015</download_date>
    <link_text>Link to the current ClinicalTrials.gov record.</link_text>
    <url>https://clinicaltrials.gov/show/NCT00497458</url>
  </required_header>
  <id_info>
    <org_study_id>ART2</org_study_id>
    <nct_id>NCT00497458</nct_id>
  </id_info>
  <brief_title>Androgen Therapy for Breast Cancer Patients With Aromatase Inhibitor Induced Side-Effects</brief_title>
  <acronym>ART2</acronym>
  <official_title>Phase II Study of Testosterone Replacement in Women Experiencing Aromatase Inhibitor Side-Effects in Adjuvant Therapy for Breast Cancer</official_title>
  <sponsors>
    <lead_sponsor>
      <agency>Chavah Pty Ltd</agency>
      <agency_class>Industry</agency_class>
    </lead_sponsor>
    <collaborator>
      <agency>AstraZeneca</agency>
      <agency_class>Industry</agency_class>
    </collaborator>
  </sponsors>
  <source>Chavah Pty Ltd</source>
  <oversight_info>
    <authority>Australia: Department of Health and Ageing Therapeutic Goods Administration</authority>
    <has_dmc>No</has_dmc>
  </oversight_info>
  <brief_summary>
    <textblock>
      The purpose of this study is to evaluate whether increasing blood levels of androgen can
      reduce some of the side-effects of anti-estrogen therapy (Arimidex)
    </textblock>
  </brief_summary>
  <detailed_description>
    <textblock>
      Anastrozole (Arimidex®) is a selective aromatase inhibitor (a drug that interferes with the
      making of oestrogens).  Reduction in serum oestrogen levels in a hormone-receptor positive
      breast cancer patient is clearly beneficial in delaying the regrowth of breast cancer cells
      in the body.  Anastrozole is effective in reducing serum oestrogen levels which results in
      several significant side-effects with 2 being of significant importance; joint pain and
      stiffness and bone thinning or osteoporosis.  The question being asked in this trial is if
      replacement of testosterone to women receiving Anastrozole can have a reduction in these 2
      common side-effects. Women normally have circulating in their blood 3 major sex hormones:
      oestrogen, testosterone and progesterone. Each of these is produced by the ovaries.
      Oestrogen is also made throughout the body but particularly in body fat. Testosterone can
      also be made in other parts of the body from hormones (DHEA and DHEAS) that are produced by
      the adrenal glands. At the time of natural menopause, surgical removal of the ovaries or
      destruction of the ovaries by chemotherapy, oestrogen and progesterone levels fall
      precipitously. Testosterone levels however fall more gradually with increasing age such that
      a woman in her forties has on average only half of the testosterone circulating in her
      bloodstream as does a woman in her twenties. After a woman has her ovaries removed by
      surgery or destroyed by chemotherapy testosterone levels can fall by up to fifty percent.
      However testosterone does not change across menopause, although this varies somewhat between
      women. Testosterone is known to have many physiological roles in women. Firstly, oestrogen
      is actually made from testosterone, and without the ability of our bodies to make
      testosterone we cannot make oestrogen. Testosterone appears to have direct independent
      effects in different parts of the body, and some women may experience a variety of physical
      symptoms when their blood levels fall. Anastrazole almost completely blocks the formation of
      oestrogen from testosterone. Thus the question being asked in this trial is, can increasing
      the blood level of testosterone reduce specific side-effects caused by reduction
      availability of hormones in joints and bones.
    </textblock>
  </detailed_description>
  <overall_status>Active, not recruiting</overall_status>
  <start_date>July 2007</start_date>
  <completion_date type="Anticipated">June 2009</completion_date>
  <primary_completion_date type="Anticipated">April 2009</primary_completion_date>
  <phase>Phase 2</phase>
  <study_type>Interventional</study_type>
  <study_design>Allocation: Randomized, Endpoint Classification: Safety/Efficacy Study, Intervention Model: Parallel Assignment, Masking: Double Blind (Subject, Caregiver, Investigator), Primary Purpose: Treatment</study_design>
  <primary_outcome>
    <measure>Reduces arthralgia and associated joint symptoms as indicated by the change in  hand or large joint pain from baseline to 3 months using a 100mm visual analogue scale for pain.</measure>
    <time_frame>3 months</time_frame>
    <safety_issue>No</safety_issue>
  </primary_outcome>
  <primary_outcome>
    <measure>Has acceptable safety and tolerability profile with particular reference to androgenic adverse events including acne, hirsutism, and alopecia.</measure>
    <time_frame>3 months</time_frame>
    <safety_issue>Yes</safety_issue>
  </primary_outcome>
  <secondary_outcome>
    <measure>Impacts the bone resorption marker CTx</measure>
    <time_frame>3 months</time_frame>
    <safety_issue>Yes</safety_issue>
  </secondary_outcome>
  <secondary_outcome>
    <measure>Impacts serum HDL, LDL Trg, total Chol,</measure>
    <time_frame>3 months</time_frame>
    <safety_issue>Yes</safety_issue>
  </secondary_outcome>
  <secondary_outcome>
    <measure>Impacts serum levels of oestrogens, androgens and SHBG levels</measure>
    <time_frame>3 months</time_frame>
    <safety_issue>Yes</safety_issue>
  </secondary_outcome>
  <number_of_arms>3</number_of_arms>
  <enrollment type="Anticipated">90</enrollment>
  <condition>Breast Cancer</condition>
  <condition>Arthralgia</condition>
  <condition>Osteoporosis</condition>
  <arm_group>
    <arm_group_label>Arimidex</arm_group_label>
    <arm_group_type>Placebo Comparator</arm_group_type>
    <description>Arimidex 1 mg plus placebo</description>
  </arm_group>
  <arm_group>
    <arm_group_label>Arimidex test 40mg</arm_group_label>
    <arm_group_type>Active Comparator</arm_group_type>
    <description>Arimidex 1mg and testosterone 40mg</description>
  </arm_group>
  <arm_group>
    <arm_group_label>Arimidex plus test 80mg</arm_group_label>
    <arm_group_type>Active Comparator</arm_group_type>
    <description>Arimidex 1mg and testosterone 80mg</description>
  </arm_group>
  <intervention>
    <intervention_type>Drug</intervention_type>
    <intervention_name>Testosterone</intervention_name>
    <description>testosterone 40 or 80 mg once a day</description>
    <arm_group_label>Arimidex</arm_group_label>
    <arm_group_label>Arimidex test 40mg</arm_group_label>
    <arm_group_label>Arimidex plus test 80mg</arm_group_label>
  </intervention>
  <eligibility>
    <criteria>
      <textblock>
        Inclusion Criteria:

          -  Provision of written informed consent

          -  Undergone a total mastectomy, a lumpectomy or a quadrantectomy for primary breast
             cancer +/-chemo, +/-radiotherapy

          -  Have commenced anastrozole therapy within the previous 6 months

          -  Presence of node negative or positive disease

          -  Receptor-positive tumors, defined as ER ≥10% of the tumor cells positive by
             immunocytochemical evaluation

          -  Postmenopausal whether induced by surgery, radiotherapy (chemotherapy-induced
             amenorrhea may be difficult to determine they may be amenorrhoeic but still have
             functioning ovaries), or by being naturally amenorrhoeic, for 1 year or more if
             younger than 50 and for 6 months if 50 or older

          -  Postmenopausal levels of FSH/LH/E2 (follicle stimulating hormone, luteinizing
             hormone, oestrogen) according to the definition of &quot;postmenopausal range&quot; for the
             laboratory involved

          -  Have developed arthralgia and associated joint symptoms whilst being treated with
             anastrozole with a score of 40mm or greater on a pain and stiffness 100mm VAS

          -  WBC ≥ 3.0 x 109/L, granulocytes ≥ 1.5 X 109/L and platelets ≥ 100 x 109/L.

          -  AST/SGOT or ALT/SGPT ≤ 3 times ULN Serum creatinine ≤ 2 times ULN

        Exclusion Criteria:

          -  Presence of metastatic disease

          -  Diabetes mellitus or glucose intolerance defined as a fasting glucose &gt;6mmol/l

          -  Previous or concomitant other (non-breast cancer) malignancy within the previous 5
             years

          -  Presence of other non-malignant systemic diseases which may prevent prolonged
             follow-up

          -  History of coronary artery disease or no history of previous coronary heart disease
             but at least two other coronary heart disease risk factors: LDL ≥8.8 mg/dL OR if
             fewer than two other coronary heart disease risk factors: LDL ≥10.45  mg/dL or  total
             fasting cholesterol ≥ 13.2 mg/dL

          -  Patients on hormone replacement therapy (HRT) within 4 weeks before trial treatment
             was initiated

          -  Patients on breast cancer chemoprevention with anti-oestrogens if less than 18 months
             between stopping and diagnosis of breast cancer

          -  Are at risk of transmitting Human Immunodeficiency Virus or viral hepatitis via
             infected blood

          -  Known hypersensitivity to any component of testosterone

          -  Unable to comply with study requirements

          -  Taking the following concomitant medications at the screening visit-bisphosphonate,
             anti-cancer treatment other than anastrozole (this includes Herceptin).

          -  Prolonged systemic corticosteroid treatment, except for topical applications (e.g.
             for rash), inhaled sprays (e.g. for obstructive airways diseases), eye drops or local
             injections (e.g. intra-articular).  Note: Short duration (&lt; 2 weeks) of systemic
             corticosteroids is allowed (e.g. for Chronic Obstructive Pulmonary Disease) but not
             within 1 month prior to randomisation.

          -  Any investigational drugs

          -  Systemic hormone replacement therapy

          -  Pregnant or lactating women

          -  Patients with history of fragility fracture or low BMD, osteoporosis or osteopenia

          -  Known liver disease
      </textblock>
    </criteria>
    <gender>Female</gender>
    <minimum_age>18 Years</minimum_age>
    <maximum_age>85 Years</maximum_age>
    <healthy_volunteers>No</healthy_volunteers>
  </eligibility>
  <overall_official>
    <last_name>Stephen N Birrell, MD PhD</last_name>
    <role>Study Director</role>
    <affiliation>Chavah Pty Ltd</affiliation>
  </overall_official>
  <location>
    <facility>
      <name>Burnside Breast Centre</name>
      <address>
        <city>Adelaide</city>
        <state>South Australia</state>
        <country>Australia</country>
      </address>
    </facility>
  </location>
  <location_countries>
    <country>Australia</country>
  </location_countries>
  <verification_date>April 2009</verification_date>
  <lastchanged_date>April 7, 2009</lastchanged_date>
  <firstreceived_date>July 4, 2007</firstreceived_date>
  <responsible_party>
    <name_title>Stephen Birrell</name_title>
    <organization>Director</organization>
  </responsible_party>
  <keyword>breast</keyword>
  <keyword>neoplasms</keyword>
  <keyword>anastrazole</keyword>
  <keyword>testosterone</keyword>
  <is_fda_regulated>No</is_fda_regulated>
  <has_expanded_access>No</has_expanded_access>
  <condition_browse>
    <!-- CAUTION:  The following MeSH terms are assigned with an imperfect algorithm  -->
    <mesh_term>Arthralgia</mesh_term>
    <mesh_term>Breast Neoplasms</mesh_term>
  </condition_browse>
  <intervention_browse>
    <!-- CAUTION:  The following MeSH terms are assigned with an imperfect algorithm  -->
    <mesh_term>Aromatase Inhibitors</mesh_term>
    <mesh_term>Methyltestosterone</mesh_term>
    <mesh_term>Testosterone</mesh_term>
    <mesh_term>Testosterone 17 beta-cypionate</mesh_term>
    <mesh_term>Testosterone enanthate</mesh_term>
    <mesh_term>Testosterone undecanoate</mesh_term>
  </intervention_browse>
  <!-- Results have not yet been posted for this study                                -->
</clinical_study>
