<?xml version="1.0" encoding="UTF-8"?>
<clinical_study rank="259">
  <!-- This xml conforms to an XML Schema at:
    https://clinicaltrials.gov/ct2/html/images/info/public.xsd
 and an XML DTD at:
    https://clinicaltrials.gov/ct2/html/images/info/public.dtd -->
  <required_header>
    <download_date>ClinicalTrials.gov processed this data on July 08, 2015</download_date>
    <link_text>Link to the current ClinicalTrials.gov record.</link_text>
    <url>https://clinicaltrials.gov/show/NCT01704209</url>
  </required_header>
  <id_info>
    <org_study_id>STU67333</org_study_id>
    <nct_id>NCT01704209</nct_id>
  </id_info>
  <brief_title>Collagen Injections for the Treatment of Acne Scars and Wrinkles</brief_title>
  <official_title>Pilot Study of Autologous Fibroblast Injection for Acne Scars, Forehead Lines, Lip Lines, Horizontal Neck Lines, and Static Crow's Feet</official_title>
  <sponsors>
    <lead_sponsor>
      <agency>Northwestern University</agency>
      <agency_class>Other</agency_class>
    </lead_sponsor>
  </sponsors>
  <source>Northwestern University</source>
  <oversight_info>
    <authority>United States: Institutional Review Board</authority>
    <has_dmc>Yes</has_dmc>
  </oversight_info>
  <brief_summary>
    <textblock>
      The purpose of this study is to find out if autologous (your own) fibroblast injections are
      effective for the treatment of acne scars and wrinkles.
    </textblock>
  </brief_summary>
  <overall_status>Terminated</overall_status>
  <why_stopped>
    Company stopped making product for cosmetic use.  All consented subjects withdrew before any
    study interventions were performed.
  </why_stopped>
  <start_date>April 2013</start_date>
  <completion_date type="Actual">June 2013</completion_date>
  <primary_completion_date type="Actual">June 2013</primary_completion_date>
  <phase>Phase 1</phase>
  <study_type>Interventional</study_type>
  <study_design>Allocation: Randomized, Endpoint Classification: Efficacy Study, Intervention Model: Single Group Assignment, Masking: Double Blind (Subject, Outcomes Assessor), Primary Purpose: Treatment</study_design>
  <primary_outcome>
    <measure>Change from baseline of rater's comparisons at 6 months</measure>
    <time_frame>Basline and 6 months</time_frame>
    <safety_issue>No</safety_issue>
  </primary_outcome>
  <number_of_arms>2</number_of_arms>
  <enrollment type="Actual">4</enrollment>
  <condition>Acne Scars</condition>
  <condition>Wrinkles</condition>
  <arm_group>
    <arm_group_label>Fibroblast Treatment</arm_group_label>
    <arm_group_type>Experimental</arm_group_type>
    <description>The fibroblast treatment will be randomly injected into one side of the face.</description>
  </arm_group>
  <arm_group>
    <arm_group_label>Vehicle</arm_group_label>
    <arm_group_type>Placebo Comparator</arm_group_type>
    <description>The vehicle will be injected randomly to the other side of the face.</description>
  </arm_group>
  <intervention>
    <intervention_type>Drug</intervention_type>
    <intervention_name>Fibroblast Treatment</intervention_name>
    <arm_group_label>Fibroblast Treatment</arm_group_label>
  </intervention>
  <intervention>
    <intervention_type>Procedure</intervention_type>
    <intervention_name>Vehicle</intervention_name>
    <arm_group_label>Vehicle</arm_group_label>
  </intervention>
  <eligibility>
    <criteria>
      <textblock>
        Inclusion Criteria:

          -  Age 18 or over

          -  Bilateral acne scars or have moderate to severe wrinkles

          -  Subjects in good health

          -  Subjects has the willingness and the ability to understand and provide informed
             consent for the use of their tissue and communicate with the investigator

        Exclusion Criteria:

          -  Under 18 years of age

          -  Pregnancy or lactation

          -  recent Accutane use in the past 6 months

          -  prone to hypertrophic and keloidal scarring

          -  have excessively redundant skin in the treatment area or wrinkles longer than 20 cm
             total

          -  have a history of autoimmune disorders, organ transplantation, cancer not in
             remission, active or chronic skin disease

          -  have a history of basal-cell carcinoma

          -  have previously received autologous fibroblast treatment

          -  have undergone any confounding therapy in the lower two-thirds of the face within 1
             year or any investigational treatment within 30 days.

          -  have an allergy to collagen, bovine products, local anesthetics, gentamicin, or
             amphotericin B

          -  subjects who are unable to understand the protocol or to give informed consent

          -  subjects with mental illness
      </textblock>
    </criteria>
    <gender>Both</gender>
    <minimum_age>18 Years</minimum_age>
    <maximum_age>N/A</maximum_age>
    <healthy_volunteers>Accepts Healthy Volunteers</healthy_volunteers>
  </eligibility>
  <overall_official>
    <last_name>Murad Alam, MD</last_name>
    <role>Principal Investigator</role>
    <affiliation>Northwestern University</affiliation>
  </overall_official>
  <location>
    <facility>
      <name>Northwestern University Feinberg School of Medicine, Department of Dermatology</name>
      <address>
        <city>Chicago</city>
        <state>Illinois</state>
        <zip>60611</zip>
        <country>United States</country>
      </address>
    </facility>
  </location>
  <location_countries>
    <country>United States</country>
  </location_countries>
  <verification_date>September 2014</verification_date>
  <lastchanged_date>September 3, 2014</lastchanged_date>
  <firstreceived_date>September 27, 2012</firstreceived_date>
  <responsible_party>
    <responsible_party_type>Principal Investigator</responsible_party_type>
    <investigator_affiliation>Northwestern University</investigator_affiliation>
    <investigator_full_name>Murad Alam</investigator_full_name>
    <investigator_title>Professor in Dermatology, Otolaryngology- Head and Neck Surgery and Surgery-Organ Transplantation</investigator_title>
  </responsible_party>
  <is_fda_regulated>Yes</is_fda_regulated>
  <is_section_801>No</is_section_801>
  <has_expanded_access>No</has_expanded_access>
  <!-- Results have not yet been posted for this study                                -->
</clinical_study>
