<?xml version="1.0" encoding="UTF-8"?>
<clinical_study rank="422">
  <!-- This xml conforms to an XML Schema at:
    https://clinicaltrials.gov/ct2/html/images/info/public.xsd
 and an XML DTD at:
    https://clinicaltrials.gov/ct2/html/images/info/public.dtd -->
  <required_header>
    <download_date>ClinicalTrials.gov processed this data on July 08, 2015</download_date>
    <link_text>Link to the current ClinicalTrials.gov record.</link_text>
    <url>https://clinicaltrials.gov/show/NCT00602433</url>
  </required_header>
  <id_info>
    <org_study_id>NU 07CC4</org_study_id>
    <secondary_id>STU00001887</secondary_id>
    <nct_id>NCT00602433</nct_id>
  </id_info>
  <brief_title>Hormone Changes in Women With Stage IIIB or Stage IV Non-Small Cell Lung Cancer Receiving Erlotinib</brief_title>
  <official_title>Evaluation of Hormonal Changes in Women on Erlotinib Therapy</official_title>
  <sponsors>
    <lead_sponsor>
      <agency>Northwestern University</agency>
      <agency_class>Other</agency_class>
    </lead_sponsor>
  </sponsors>
  <source>Northwestern University</source>
  <oversight_info>
    <authority>United States: Institutional Review Board</authority>
    <has_dmc>No</has_dmc>
  </oversight_info>
  <brief_summary>
    <textblock>
      Studying samples of blood in the laboratory from patients receiving erlotinib may help
      doctors learn more about the effects of erlotinib on hormone levels.

      This clinical trial is looking at hormone changes in women with stage IIIB or stage IV
      non-small cell lung cancer receiving erlotinib.
    </textblock>
  </brief_summary>
  <detailed_description>
    <textblock>
      Patients undergo a dermatology evaluation and complete the Polycystic Ovarian Syndrome
      (PCOS) research study questionnaire once. Blood samples are collected after an overnight
      fast. Samples are analyzed for circulating levels of total and bioavailable testosterone,
      dehydroepiandrosterone sulfate, and sex hormone binding globulin. Serum luteinizing hormone,
      follicle stimulating hormone, fasting glucose, and insulin levels are also assessed.
    </textblock>
  </detailed_description>
  <overall_status>Completed</overall_status>
  <start_date>December 2007</start_date>
  <completion_date type="Actual">August 2009</completion_date>
  <primary_completion_date type="Actual">August 2009</primary_completion_date>
  <phase>N/A</phase>
  <study_type>Observational</study_type>
  <study_design>Observational Model: Case-Only, Time Perspective: Prospective</study_design>
  <primary_outcome>
    <measure>Presence of hyperandrogenemia</measure>
    <time_frame>One approximate 30 minute visit</time_frame>
    <safety_issue>No</safety_issue>
    <description>We will determine if hyperandrogenemia is present in women with nonsmall cell lung cancer who are taking erlotinib.</description>
  </primary_outcome>
  <secondary_outcome>
    <measure>Dermatologic manifestations</measure>
    <time_frame>One approximate 30 minute visit</time_frame>
    <safety_issue>No</safety_issue>
    <description>We will describe the dermatologic manifestations of erlotinib in women</description>
  </secondary_outcome>
  <secondary_outcome>
    <measure>Changes in body habitus and patterns of hair loss</measure>
    <time_frame>One approximate 30 minute visit</time_frame>
    <safety_issue>No</safety_issue>
    <description>We will describe changes in body habitus and patterns of hair loss from women on erlotinib.</description>
  </secondary_outcome>
  <number_of_groups>1</number_of_groups>
  <enrollment type="Actual">10</enrollment>
  <condition>Advanced Nonsmall Cell Lung Cancer</condition>
  <arm_group>
    <arm_group_label>questionnaire and laboratory biomarker analysis</arm_group_label>
    <description>Subjects with advanced non-small cell lung cancer and take erlotinib as part of their anticancer therapy for at least 3 months. Subjects have had some changes in hair growth, acne or menses (periods) that might be a side effect of erlotinib. Subjects will complete a questionnaire and blood collected for biomarker analysis.</description>
  </arm_group>
  <biospec_retention>Samples Without DNA</biospec_retention>
  <biospec_descr>
    <textblock>
      blood will be tested for different sex hormones as well as glucose metabolism
    </textblock>
  </biospec_descr>
  <eligibility>
    <study_pop>
      <textblock>
        Subjects have advanced nonsmall cell lung cancer and have been taking erlotinib as part of
        anticancer therapy for at least 3 months.
      </textblock>
    </study_pop>
    <sampling_method>Non-Probability Sample</sampling_method>
    <criteria>
      <textblock>
        -  Histologically confirmed non-small cell lung cancer

               -  Stage IIIB (effusion) or stage IV disease

          -  Must be receiving daily erlotinib hydrochloride for more than 3 months

          -  Must have hirsutism, acne, androgenic alopecia, amenorrhea, truncal weight gain, or
             other clinical phenotype associated with syndrome of androgen excess
      </textblock>
    </criteria>
    <gender>Female</gender>
    <minimum_age>18 Years</minimum_age>
    <maximum_age>N/A</maximum_age>
    <healthy_volunteers>No</healthy_volunteers>
  </eligibility>
  <overall_official>
    <last_name>Jyoti D. Patel, MD</last_name>
    <role>Principal Investigator</role>
    <affiliation>Northwestern University</affiliation>
  </overall_official>
  <location>
    <facility>
      <name>Northwestern University, Northwestern Medical Faculty Foundation</name>
      <address>
        <city>Chicago</city>
        <state>Illinois</state>
        <zip>60611-3013</zip>
        <country>United States</country>
      </address>
    </facility>
  </location>
  <location_countries>
    <country>United States</country>
  </location_countries>
  <link>
    <url>http://cancer.gov/clinicaltrials/NU-07CC4</url>
    <description>Clinical trial summary from the National Cancer Institute's PDQ® database</description>
  </link>
  <verification_date>April 2011</verification_date>
  <lastchanged_date>April 14, 2011</lastchanged_date>
  <firstreceived_date>January 17, 2008</firstreceived_date>
  <responsible_party>
    <name_title>Jyoti Patel, MD</name_title>
    <organization>Northwestern University</organization>
  </responsible_party>
  <keyword>advanced nonsmall cell lung cancer</keyword>
  <is_fda_regulated>No</is_fda_regulated>
  <has_expanded_access>No</has_expanded_access>
  <condition_browse>
    <!-- CAUTION:  The following MeSH terms are assigned with an imperfect algorithm  -->
    <mesh_term>Carcinoma, Non-Small-Cell Lung</mesh_term>
    <mesh_term>Lung Neoplasms</mesh_term>
  </condition_browse>
  <intervention_browse>
    <!-- CAUTION:  The following MeSH terms are assigned with an imperfect algorithm  -->
    <mesh_term>Erlotinib</mesh_term>
  </intervention_browse>
  <!-- Results have not yet been posted for this study                                -->
</clinical_study>
