<?xml version="1.0" encoding="UTF-8"?>
<clinical_study rank="17">
  <!-- This xml conforms to an XML Schema at:
    https://clinicaltrials.gov/ct2/html/images/info/public.xsd
 and an XML DTD at:
    https://clinicaltrials.gov/ct2/html/images/info/public.dtd -->
  <required_header>
    <download_date>ClinicalTrials.gov processed this data on July 08, 2015</download_date>
    <link_text>Link to the current ClinicalTrials.gov record.</link_text>
    <url>https://clinicaltrials.gov/show/NCT01326780</url>
  </required_header>
  <id_info>
    <org_study_id>CA-P-8023</org_study_id>
    <nct_id>NCT01326780</nct_id>
  </id_info>
  <brief_title>A Study of a New Drug Treatment for Acne</brief_title>
  <official_title>A Multi-Center, Double-Blind, Vehicle Controlled, Phase II Study of JNJ 10229570-AAA for the Treatment of Acne Vulgaris</official_title>
  <sponsors>
    <lead_sponsor>
      <agency>Valeant Pharmaceuticals International, Inc.</agency>
      <agency_class>Industry</agency_class>
    </lead_sponsor>
  </sponsors>
  <source>Valeant Pharmaceuticals International, Inc.</source>
  <oversight_info>
    <authority>United States: Food and Drug Administration</authority>
    <has_dmc>No</has_dmc>
  </oversight_info>
  <brief_summary>
    <textblock>
      A study to determine if three different doses of a new acne treatment are safe and better at
      reducing facial acne than a treatment without active ingredient.
    </textblock>
  </brief_summary>
  <detailed_description>
    <textblock>
      Approximately 400 male and female subjects with moderate facial acne vulgaris will be
      enrolled in this randomized, multi-center study. Following satisfaction of entry criteria
      and screening procedures, subjects will be randomized to either 1.2%, 2.4%, or 3.6% facial
      cream (JNJ 10229570-AAA) or color-matched vehicle. Subjects will apply the study medication
      once daily on the face for 12 weeks. Safety will be monitored throughout the study duration.
      Efficacy will be assessed by facial lesion counts and by the investigator global evaluation
      of acne severity at Baseline and at Weeks 2, 4, 6, 8, 10, and 12. Approximately 50 subjects
      from one investigational site also will have serums collected at Weeks 6 and 12 for
      evaluation of the multiple dose pharmacokinetics of JNJ 10229570-AAA cream.
    </textblock>
  </detailed_description>
  <overall_status>Completed</overall_status>
  <start_date>March 2011</start_date>
  <completion_date type="Actual">March 2012</completion_date>
  <primary_completion_date type="Actual">March 2012</primary_completion_date>
  <phase>Phase 2</phase>
  <study_type>Interventional</study_type>
  <study_design>Allocation: Randomized, Endpoint Classification: Safety/Efficacy Study, Intervention Model: Parallel Assignment, Masking: Double Blind (Subject, Investigator), Primary Purpose: Treatment</study_design>
  <primary_outcome>
    <measure>Change in Total Acne Lesion Counts</measure>
    <time_frame>Baseline to Week 12</time_frame>
    <safety_issue>No</safety_issue>
    <description>Change in lesion counts between baseline and end of study</description>
  </primary_outcome>
  <secondary_outcome>
    <measure>Change from Baseline in the Non-inflammatory Acne Lesion Counts</measure>
    <time_frame>Baseline through Week 12</time_frame>
    <safety_issue>No</safety_issue>
    <description>Change in sum of open and closed comedones.</description>
  </secondary_outcome>
  <secondary_outcome>
    <measure>Change from Baseline in the Inflammatory Acne Lesion Counts</measure>
    <time_frame>Baseline through Week 12</time_frame>
    <safety_issue>No</safety_issue>
    <description>Change in sum of papules and pustules</description>
  </secondary_outcome>
  <secondary_outcome>
    <measure>Change from Baseline in Intermediate Total Acne Lesion Count</measure>
    <time_frame>Baseline through Week 10</time_frame>
    <safety_issue>No</safety_issue>
    <description>Change in sum of inflammatory and non-inflammatory lesions throughout the study.</description>
  </secondary_outcome>
  <secondary_outcome>
    <measure>Percent Change from Baseline in the Non-Inflammatory Acne Lesion Counts</measure>
    <time_frame>Baseline through Week 12</time_frame>
    <safety_issue>No</safety_issue>
    <description>Percent Change in sum of open and closed comedones.</description>
  </secondary_outcome>
  <secondary_outcome>
    <measure>Percent Change from Baseline in the Inflammatory Acne Lesion Counts</measure>
    <time_frame>Baseline through Week 12</time_frame>
    <safety_issue>No</safety_issue>
    <description>Percent Change in sum of of papules and pustules.</description>
  </secondary_outcome>
  <secondary_outcome>
    <measure>Percent Change from Baseline in Total Acne Lesion Counts</measure>
    <time_frame>Baseline through Week 12.</time_frame>
    <safety_issue>No</safety_issue>
    <description>Percent change in inflammatory lesions and non-inflammatory lesions</description>
  </secondary_outcome>
  <secondary_outcome>
    <measure>Dichotomized Assessment of Improvement of Two Grades from Baseline Score</measure>
    <time_frame>Baseline through Week 12</time_frame>
    <safety_issue>No</safety_issue>
    <description>Change from baseline in weekly Investigator's Global Assessment (IGA) scores, proportion of success according to Improvement of two grades from the baseline score</description>
  </secondary_outcome>
  <secondary_outcome>
    <measure>Dichotomized Assessment of Changes from Baseline in Clear or Almost Clear Grades</measure>
    <time_frame>Baseline through Week 12</time_frame>
    <safety_issue>No</safety_issue>
    <description>Change from baseline in weekly IGA scores, proportion of success according to Clear or almost clear (Grades 0 or 1)</description>
  </secondary_outcome>
  <secondary_outcome>
    <measure>Changes in Combined Investigator's Global Assessment of Acne Severity (IGA) Score</measure>
    <time_frame>Baseline through Week 12</time_frame>
    <safety_issue>No</safety_issue>
    <description>Change from baseline in weekly IGA scores, proportion of success according to dichotomized IGA using a combination of the following  criteria: a) Improvement of two grades from the baseline score, b) Clear or almost clear (Grades 0 or 1)</description>
  </secondary_outcome>
  <number_of_arms>4</number_of_arms>
  <enrollment type="Actual">431</enrollment>
  <condition>Acne Vulgaris</condition>
  <arm_group>
    <arm_group_label>1.2% Facial Cream</arm_group_label>
    <arm_group_type>Experimental</arm_group_type>
    <description>1.2% JNJ 10229570-AAA</description>
  </arm_group>
  <arm_group>
    <arm_group_label>2.4% Facial Cream</arm_group_label>
    <arm_group_type>Experimental</arm_group_type>
    <description>2.4% JNJ 10229570-AAA</description>
  </arm_group>
  <arm_group>
    <arm_group_label>3.6% Facial Cream</arm_group_label>
    <arm_group_type>Experimental</arm_group_type>
    <description>3.6% JNJ 10229570-AAA</description>
  </arm_group>
  <arm_group>
    <arm_group_label>0% Facial Cream</arm_group_label>
    <arm_group_type>Placebo Comparator</arm_group_type>
    <description>Vehicle control</description>
  </arm_group>
  <intervention>
    <intervention_type>Drug</intervention_type>
    <intervention_name>1.2% JNJ 10229570-AAA</intervention_name>
    <description>1.2% JNJ 10229570-AAA 1.2% cream applied once daily to the face for 12 weeks</description>
    <arm_group_label>1.2% Facial Cream</arm_group_label>
    <other_name>Not yet marketed</other_name>
  </intervention>
  <intervention>
    <intervention_type>Drug</intervention_type>
    <intervention_name>2.4% JNJ 10229570-AAA</intervention_name>
    <description>2.4% JNJ 10229570-AAA  2.4% cream applied once daily to the face for 12 weeks</description>
    <arm_group_label>2.4% Facial Cream</arm_group_label>
    <other_name>Not yet marketed</other_name>
  </intervention>
  <intervention>
    <intervention_type>Drug</intervention_type>
    <intervention_name>3.6% JNJ 10229570-AAA</intervention_name>
    <description>3.6% JNJ 10229570-AAA 3.6% cream applied once daily to the face for 12 weeks</description>
    <arm_group_label>3.6% Facial Cream</arm_group_label>
    <other_name>Not yet marketed</other_name>
  </intervention>
  <intervention>
    <intervention_type>Other</intervention_type>
    <intervention_name>Vehicle control</intervention_name>
    <description>Color matched cream vehicle, applied once daily to the face for 12 weeks</description>
    <arm_group_label>0% Facial Cream</arm_group_label>
    <other_name>Not marketed</other_name>
  </intervention>
  <eligibility>
    <criteria>
      <textblock>
        Inclusion Criteria:

          -  12 years of age or older, with moderate facial acne vulgaris as defined in the
             protocol

          -  If female of childbearing potential, must take a pregnancy test and have a negative
             result

          -  Females of childbearing potential must also agree to use an adequate method of birth
             control, which would include:

               -  systemic birth control (Subjects must have been taking the same type of birth
                  control for at least 3 months prior to entering the study and must not change
                  type of birth control during the study)

               -  Condom with spermicide

               -  IUD. Females who have had a hysterectomy, bilateral oophorectomy or bilateral
                  tubal ligation are not required to use additional birth control methods

        Exclusion Criteria:

          -  Known sensitivity to any of the ingredients in the study medication

          -  More than 3 nodulocystic acne lesions

          -  Use of acne treatments, therapies or medications within protocol-specified timeframes

          -  Presence of other skin conditions,   diseases, or medical conditions that (per
             protocol or in the opinion of the investigator) may require concurrent therapy,
             interfere with the evaluation of the study medication, or compromise subject safety

          -  Excessive facial hair that may interfere with application of the medication and/or
             evaluations
      </textblock>
    </criteria>
    <gender>Both</gender>
    <minimum_age>12 Years</minimum_age>
    <maximum_age>N/A</maximum_age>
    <healthy_volunteers>No</healthy_volunteers>
  </eligibility>
  <overall_official>
    <last_name>David Lineberry</last_name>
    <role>Study Director</role>
    <affiliation>Valeant Pharmaceuticals International, Inc.</affiliation>
  </overall_official>
  <location>
    <facility>
      <name>University Clinical Trials, Inc.</name>
      <address>
        <city>San Diego</city>
        <state>California</state>
        <zip>92123</zip>
        <country>United States</country>
      </address>
    </facility>
  </location>
  <location>
    <facility>
      <name>University of California, San Diego</name>
      <address>
        <city>San Diego</city>
        <state>California</state>
        <zip>92093</zip>
        <country>United States</country>
      </address>
    </facility>
  </location>
  <location>
    <facility>
      <name>Thomas J. Stephens &amp; Associates, Inc.</name>
      <address>
        <city>Colorado Springs</city>
        <state>Colorado</state>
        <zip>80915</zip>
        <country>United States</country>
      </address>
    </facility>
  </location>
  <location>
    <facility>
      <name>Horizons Clinical Research Ctr., LLC</name>
      <address>
        <city>Denver</city>
        <state>Colorado</state>
        <zip>80220</zip>
        <country>United States</country>
      </address>
    </facility>
  </location>
  <location>
    <facility>
      <name>North Florida Dermatology</name>
      <address>
        <city>Jacksonville</city>
        <state>Florida</state>
        <zip>32204</zip>
        <country>United States</country>
      </address>
    </facility>
  </location>
  <location>
    <facility>
      <name>Hilltop Research</name>
      <address>
        <city>St. Petersburg</city>
        <state>Florida</state>
        <zip>33710</zip>
        <country>United States</country>
      </address>
    </facility>
  </location>
  <location>
    <facility>
      <name>Gwinnett Clinical Research</name>
      <address>
        <city>Snellville</city>
        <state>Georgia</state>
        <zip>30078</zip>
        <country>United States</country>
      </address>
    </facility>
  </location>
  <location>
    <facility>
      <name>Northwestern University</name>
      <address>
        <city>Chicago</city>
        <state>Illinois</state>
        <zip>60611</zip>
        <country>United States</country>
      </address>
    </facility>
  </location>
  <location>
    <facility>
      <name>Dermatology Specialists Research, Inc</name>
      <address>
        <city>Louisville</city>
        <state>Kentucky</state>
        <zip>40202</zip>
        <country>United States</country>
      </address>
    </facility>
  </location>
  <location>
    <facility>
      <name>Minnesota Clinical Study Center</name>
      <address>
        <city>Fridley</city>
        <state>Minnesota</state>
        <zip>55432</zip>
        <country>United States</country>
      </address>
    </facility>
  </location>
  <location>
    <facility>
      <name>TKL Research</name>
      <address>
        <city>Rochelle Park</city>
        <state>New Jersey</state>
        <zip>07662</zip>
        <country>United States</country>
      </address>
    </facility>
  </location>
  <location>
    <facility>
      <name>Academic Dermatology Associates</name>
      <address>
        <city>Albuquerque</city>
        <state>New Mexico</state>
        <zip>87106</zip>
        <country>United States</country>
      </address>
    </facility>
  </location>
  <location>
    <facility>
      <name>Wake Research Associates</name>
      <address>
        <city>Raleigh</city>
        <state>North Carolina</state>
        <zip>27612</zip>
        <country>United States</country>
      </address>
    </facility>
  </location>
  <location>
    <facility>
      <name>Hilltop Research</name>
      <address>
        <city>Miamiville</city>
        <state>Ohio</state>
        <zip>45147</zip>
        <country>United States</country>
      </address>
    </facility>
  </location>
  <location>
    <facility>
      <name>Penn State Medical Center</name>
      <address>
        <city>Hershey</city>
        <state>Pennsylvania</state>
        <zip>17033</zip>
        <country>United States</country>
      </address>
    </facility>
  </location>
  <location>
    <facility>
      <name>Yardley Dermatology Associates</name>
      <address>
        <city>Yardley</city>
        <state>Pennsylvania</state>
        <zip>19067</zip>
        <country>United States</country>
      </address>
    </facility>
  </location>
  <location>
    <facility>
      <name>Research Across America</name>
      <address>
        <city>Dallas</city>
        <state>Texas</state>
        <zip>75234</zip>
        <country>United States</country>
      </address>
    </facility>
  </location>
  <location>
    <facility>
      <name>Reliance Clinical Testing Services</name>
      <address>
        <city>Irving</city>
        <state>Texas</state>
        <zip>75062</zip>
        <country>United States</country>
      </address>
    </facility>
  </location>
  <location_countries>
    <country>United States</country>
  </location_countries>
  <link>
    <url>http://www.accessdata.fda.gov/scripts/cder/drugsatfda/index.cfm</url>
    <description>FDA's Drug Finder</description>
  </link>
  <verification_date>December 2012</verification_date>
  <lastchanged_date>December 21, 2012</lastchanged_date>
  <firstreceived_date>March 30, 2011</firstreceived_date>
  <responsible_party>
    <responsible_party_type>Sponsor</responsible_party_type>
  </responsible_party>
  <keyword>Acne</keyword>
  <keyword>Irritation</keyword>
  <keyword>Safety</keyword>
  <keyword>Sebum</keyword>
  <is_fda_regulated>Yes</is_fda_regulated>
  <is_section_801>Yes</is_section_801>
  <has_expanded_access>No</has_expanded_access>
  <condition_browse>
    <!-- CAUTION:  The following MeSH terms are assigned with an imperfect algorithm  -->
    <mesh_term>Acne Vulgaris</mesh_term>
  </condition_browse>
  <!-- Results have not yet been posted for this study                                -->
</clinical_study>
