<?xml version="1.0" encoding="UTF-8"?>
<clinical_study rank="411">
  <!-- This xml conforms to an XML Schema at:
    https://clinicaltrials.gov/ct2/html/images/info/public.xsd
 and an XML DTD at:
    https://clinicaltrials.gov/ct2/html/images/info/public.dtd -->
  <required_header>
    <download_date>ClinicalTrials.gov processed this data on July 08, 2015</download_date>
    <link_text>Link to the current ClinicalTrials.gov record.</link_text>
    <url>https://clinicaltrials.gov/show/NCT01113918</url>
  </required_header>
  <id_info>
    <org_study_id>WFH-PCOS-97070</org_study_id>
    <nct_id>NCT01113918</nct_id>
  </id_info>
  <brief_title>Expression of CVD and HA Between Obesity and Non-obesity Polycystic Ovary Syndrome (PCOS) Women in Taiwan</brief_title>
  <official_title>A Study of Clinical Presentation and Cardiovascular Disease of Hyperandrogenism and Polycystic Ovary Syndrome in Obese and Non-obese Taiwanese Women</official_title>
  <sponsors>
    <lead_sponsor>
      <agency>Taipei Medical University WanFang Hospital</agency>
      <agency_class>Other</agency_class>
    </lead_sponsor>
  </sponsors>
  <source>Taipei Medical University WanFang Hospital</source>
  <oversight_info>
    <authority>Taiwan: Department of Health</authority>
    <has_dmc>No</has_dmc>
  </oversight_info>
  <brief_summary>
    <textblock>
      Polycystic Ovarian Syndrome (PCOS) is the most common endocrine disorder in reproductive
      women. It is estimated that 5 to 10% of women of reproductive age have PCOS. One of the
      major diagnostic criteria of PCOS was chronic anovulation which lead to irregular
      menstruation, amenorrhea, and infertility; the other diagnostic criteria was
      hyperandrogenism which lead to hirsutism, acne and alopecia. Furthermore, PCOS is thought as
      a metabolic disorder, the long-term consequence of PCOS were diabetes mellitus and
      cardiovascular disease, which are potentially dangerous in women health. Early diagnosis and
      prevention is very important to the PCOS patients.

      Obesity is the most potential risk of threat to health of populations. There is a major
      impact of obesity on the PCOS related disorders. Insulin resistance and distribution of
      adipose tissue were thought to be the important risk factors of cardiovascular and metabolic
      syndrome. To treat PCOS patients properly,Wan-Fang hospital had established a specific
      medical team. We recently published in &quot;Fertility and Sterility&quot; about the clinical
      presentation of androgen excess in Taiwanese women. Hirsutism is much less prevalence (30%)
      in Taiwanese PCOS women than that previous reported (65-80%) in theWestern women. It is
      important to know that some clinical presentation of PCOS might have ethic variance. Insulin
      resistance was reported as another candidate that might have ethic variance.We had reported
      about 40% women in PCOS women were obese, it is similar with previous literature reported.
      Obesity is a major factor that could be controlled during the treatment of PCOS.Weight
      reduction is one of our methods in PCOS treatment. The progressive results for obese PCOS
      women would be facing the risks of diabetes and metabolic syndrome.We thought like to
      evaluate the benefit of weight reduction program to the prognosis of obese women with PCOS.

      Furthermore, it is known that Endothelial progenitor cells (EPC) be an early marker of
      cardiovascular disease, we would like to know the role of EPC to predict metabolic syndrome
      in women with PCOS. Wan-Fang hospital has a professional team in PCOS treatment and research
      which including gynecological endocrinologist, cardiologist, medical endocrinologist,
      specialist in weight reduction. This team had been working well for more that 4 years.

      We hope we can make a contribution to the study and treatment of PCOS in Taiwan.
    </textblock>
  </brief_summary>
  <overall_status>Completed</overall_status>
  <start_date>February 2009</start_date>
  <completion_date type="Actual">February 2010</completion_date>
  <primary_completion_date type="Actual">February 2010</primary_completion_date>
  <phase>N/A</phase>
  <study_type>Observational</study_type>
  <study_design>Observational Model: Cohort, Time Perspective: Retrospective</study_design>
  <primary_outcome>
    <measure>Obese</measure>
    <time_frame>Who had visited the Reproductive Endocrinology Clinic at Taipei Medical University-Wan Fang Medical Center during April 2004 - March 2007.</time_frame>
    <safety_issue>No</safety_issue>
  </primary_outcome>
  <number_of_groups>2</number_of_groups>
  <enrollment type="Actual">627</enrollment>
  <condition>Polycystic Ovary Syndrome</condition>
  <arm_group>
    <arm_group_label>Obsity PCOS Women</arm_group_label>
    <description>Polycystic ovary syndrome (PCOS) was diagnosed according to the European Society for Human Reproduction (ESHRE)/American Society of Reproductive Medicine (ASRM) case definition which requires presentation of signs and/or symptoms of a minimum of 2 of the following 3 criteria: polycystic ovary morphology (PCOM), oligomenorrhea or amenorrhea (Oligo-An), androgen excess (HA).
Body mass index (BMI) was defined as body weight in kilograms divided by body height in meters squared (kg/m2). Obesity was defined as BMI≥25 kg/m2, according to the Asia-Pacific definition.</description>
  </arm_group>
  <arm_group>
    <arm_group_label>Non-obesity PCOS Women</arm_group_label>
    <description>The subjects BMI were less than ≥25 kg/m2 and out of criteria of PCOS by European Society for Human Reproduction (ESHRE)/American Society of Reproductive Medicine (ASRM).</description>
  </arm_group>
  <eligibility>
    <study_pop>
      <textblock>
        Polycystic Ovarian Syndrome(PCOS) women in wanfang hospital.
      </textblock>
    </study_pop>
    <sampling_method>Probability Sample</sampling_method>
    <criteria>
      <textblock>
        Inclusion Criteria:

          -  women who had visited the Reproductive Endocrinology Clinic at Taipei Medical
             University - Wan Fang Medical Center during April 2004 - March 2007 with the chief
             complaints of menstrual irregularities, infertility, acne/or hirsutism.

        Exclusion Criteria:

          -  women who had been diagnosed with androgen-secreting tumors.

          -  girls who had their menarche less than 3 years prior to the study, or who older than
             40.

          -  women with inadequate clinical/biochemical records.
      </textblock>
    </criteria>
    <gender>Female</gender>
    <minimum_age>15 Years</minimum_age>
    <maximum_age>45 Years</maximum_age>
    <healthy_volunteers>No</healthy_volunteers>
  </eligibility>
  <overall_official>
    <last_name>Ming-I Hsu, MD</last_name>
    <role>Principal Investigator</role>
    <affiliation>Taipei Medical University WanFang Hospital</affiliation>
  </overall_official>
  <location>
    <facility>
      <name>Taipei Medical University WanFang Hospital</name>
      <address>
        <city>Taipei</city>
        <zip>116</zip>
        <country>Taiwan</country>
      </address>
    </facility>
  </location>
  <location_countries>
    <country>Taiwan</country>
  </location_countries>
  <verification_date>September 2013</verification_date>
  <lastchanged_date>September 29, 2013</lastchanged_date>
  <firstreceived_date>April 28, 2010</firstreceived_date>
  <responsible_party>
    <responsible_party_type>Principal Investigator</responsible_party_type>
    <investigator_affiliation>Taipei Medical University WanFang Hospital</investigator_affiliation>
    <investigator_full_name>Ming-I Hsu</investigator_full_name>
    <investigator_title>Attending Doctor</investigator_title>
  </responsible_party>
  <keyword>Obesity,</keyword>
  <keyword>PCOS,</keyword>
  <keyword>HA,</keyword>
  <keyword>CVD</keyword>
  <is_fda_regulated>No</is_fda_regulated>
  <has_expanded_access>No</has_expanded_access>
  <condition_browse>
    <!-- CAUTION:  The following MeSH terms are assigned with an imperfect algorithm  -->
    <mesh_term>Polycystic Ovary Syndrome</mesh_term>
    <mesh_term>Syndrome</mesh_term>
  </condition_browse>
  <!-- Results have not yet been posted for this study                                -->
</clinical_study>
