<?xml version="1.0" encoding="UTF-8"?>
<clinical_study rank="345">
  <!-- This xml conforms to an XML Schema at:
    https://clinicaltrials.gov/ct2/html/images/info/public.xsd
 and an XML DTD at:
    https://clinicaltrials.gov/ct2/html/images/info/public.dtd -->
  <required_header>
    <download_date>ClinicalTrials.gov processed this data on July 08, 2015</download_date>
    <link_text>Link to the current ClinicalTrials.gov record.</link_text>
    <url>https://clinicaltrials.gov/show/NCT02222792</url>
  </required_header>
  <id_info>
    <org_study_id>BJI 2</org_study_id>
    <nct_id>NCT02222792</nct_id>
  </id_info>
  <brief_title>BJI Inoplex 2 : Test for Diagnosis of Prosthetic Infections</brief_title>
  <official_title>Evaluation of the BJI Inoplex 2 Kit for the Multiplex Serological Diagnosis of Bone and Joint Prosthetic Device Infections</official_title>
  <sponsors>
    <lead_sponsor>
      <agency>Diaxonhit</agency>
      <agency_class>Industry</agency_class>
    </lead_sponsor>
  </sponsors>
  <source>Diaxonhit</source>
  <oversight_info>
    <authority>France: Comité consultatif sur le traitement de l'information en matière de recherche dans le domaine de la santé</authority>
    <authority>France: French Data Protection Authority</authority>
    <has_dmc>No</has_dmc>
  </oversight_info>
  <brief_summary>
    <textblock>
      A national, prospective, open-label, non-interventional, multicentre, controlled study
      designed to evaluate a diagnostic method in patients undergoing hip, knee or shoulder
      prosthetic removal regardless of whether or not infection is suspected. Serological test
      results will have no impact on the therapeutic approach.

      Study objective: To evaluate the diagnostic performance of an antibody detection kit for the
      serological diagnosis of bone and joint prosthetic device infections cause by Staphylococci,
      Streptococci, Propionibacterium acnes (P. acnes) and Gram-negative bacteria versus the
      reference method: the bacterial culture of deep intraoperative samples.
    </textblock>
  </brief_summary>
  <overall_status>Active, not recruiting</overall_status>
  <start_date>June 2012</start_date>
  <completion_date type="Anticipated">July 2016</completion_date>
  <primary_completion_date type="Actual">May 2014</primary_completion_date>
  <phase>N/A</phase>
  <study_type>Observational</study_type>
  <study_design>Time Perspective: Prospective</study_design>
  <primary_outcome>
    <measure>Sensitivity and specificity of test BJI 2</measure>
    <time_frame>2 years</time_frame>
    <safety_issue>No</safety_issue>
    <description>The diagnostic performance of the test during unique titration.
Sensitivity: estimated from the proportion of septic group patients with an antibody level above the defined threshold antibody concentration.
Specificity: estimated from the proportion of non-septic-group patients with an antibody level less than or equal to the defined threshold antibody concentration.
Positive likelihood ratio.
Negative likelihood ratio.</description>
  </primary_outcome>
  <secondary_outcome>
    <measure>Interest of test BJI 2</measure>
    <time_frame>2 years</time_frame>
    <safety_issue>No</safety_issue>
    <description>To evaluate the diagnostic interest of the BJI Inoplex 2 test in conjunction with the clinical and laboratory data collected: diagnostic strategy and score combining several criteria.
To evaluate the potential medical and economic benefits of using the test: number and cost of joint aspirations or hospital stays that would have been avoided, delayed diagnosis.
To describe the serological outcome after surgery in septic patients.</description>
  </secondary_outcome>
  <number_of_groups>3</number_of_groups>
  <enrollment type="Anticipated">540</enrollment>
  <condition>Bone and Joint Prosthetic Infections</condition>
  <arm_group>
    <arm_group_label>Septic patient group</arm_group_label>
    <description>The septic patient group will be comprised of patients presenting with bone and joint prosthetic device infection confirmed by intraoperative microbiological culture (at least 2 deep positive samples for the same bacterial strain).</description>
  </arm_group>
  <arm_group>
    <arm_group_label>Non-septic patient group</arm_group_label>
    <description>The non-septic patient group will be comprised of prosthetic patients presenting with symptoms of mechanical loosening, and whose deep intraoperative samples have all proved negative</description>
  </arm_group>
  <arm_group>
    <arm_group_label>Intermediate group</arm_group_label>
    <description>An intermediate group will be comprised of patients with only one deep positive sample.</description>
  </arm_group>
  <biospec_retention>Samples Without DNA</biospec_retention>
  <biospec_descr>
    <textblock>
      Serologic assays of sera collected from septic or non-septic patients will be performed in
      series and operators will be blind in terms of clinical and microbiological status in order
      to avoid any interpretation bias due to information collected in advance
    </textblock>
  </biospec_descr>
  <eligibility>
    <study_pop>
      <textblock>
        The septic patient group will be comprised of patients presenting with bone and joint
        prosthetic device infection confirmed by intraoperative microbiological culture (at least
        2 deep positive samples for the same bacterial strain).

        The non-septic patient group will be comprised of prosthetic patients presenting with
        symptoms of mechanical loosening, and whose deep intraoperative samples have all proved
        negative.
      </textblock>
    </study_pop>
    <sampling_method>Non-Probability Sample</sampling_method>
    <criteria>
      <textblock>
        Inclusion Criteria:

          1. Male or female patients

          2. Patients 18 years of age or older

          3. Patient with a bone and joint prosthetic device: total hip prosthesis (THP) or total
             knee prosthesis (TKP) or total shoulder prosthesis (TSP)

          4. Patients with a revision of a failed prosthesis, regardless of the cause and whether
             septic or not

          5. Patients who have not expressed their opposition to the use of their personal medical
             data and blood samples

        Exclusion Criteria:

          1. Patients already enrolled or clinically reviewed following a relapse

          2. Patients with several prostheses requiring at least two revisions during the same
             surgical procedure

          3. Patients for whom the microbiologist and/or doctor responsible for the care refuses
             that these patients participate in the study

          4. HIV+ patients

          5. Patients undergoing chemotherapy for a blood disease or solid tumour

          6. Patients under guardianship or trusteeship

          7. Patients who are expected to be difficult to monitor (life expectancy less than 1
             year, or homeless people, foreigner in transit)
      </textblock>
    </criteria>
    <gender>Both</gender>
    <minimum_age>18 Years</minimum_age>
    <maximum_age>N/A</maximum_age>
    <healthy_volunteers>No</healthy_volunteers>
  </eligibility>
  <location>
    <facility>
      <name>Hôpital Ambroise Paré</name>
      <address>
        <city>Boulogne-Billancourt</city>
        <zip>92100</zip>
        <country>France</country>
      </address>
    </facility>
  </location>
  <location>
    <facility>
      <name>Groupe hospitalier Diaconesses Croix Saint Simon</name>
      <address>
        <city>Paris</city>
        <zip>75012</zip>
        <country>France</country>
      </address>
    </facility>
  </location>
  <location_countries>
    <country>France</country>
  </location_countries>
  <verification_date>August 2014</verification_date>
  <lastchanged_date>August 20, 2014</lastchanged_date>
  <firstreceived_date>August 19, 2014</firstreceived_date>
  <responsible_party>
    <responsible_party_type>Sponsor</responsible_party_type>
  </responsible_party>
  <keyword>Staphylococci, Streptococci, P acnes and Gram-negative bacteria</keyword>
  <is_fda_regulated>No</is_fda_regulated>
  <has_expanded_access>No</has_expanded_access>
  <condition_browse>
    <!-- CAUTION:  The following MeSH terms are assigned with an imperfect algorithm  -->
    <mesh_term>Infection</mesh_term>
  </condition_browse>
  <!-- Results have not yet been posted for this study                                -->
</clinical_study>
