<?xml version="1.0" encoding="UTF-8"?>
<clinical_study rank="403">
  <!-- This xml conforms to an XML Schema at:
    https://clinicaltrials.gov/ct2/html/images/info/public.xsd
 and an XML DTD at:
    https://clinicaltrials.gov/ct2/html/images/info/public.dtd -->
  <required_header>
    <download_date>ClinicalTrials.gov processed this data on July 08, 2015</download_date>
    <link_text>Link to the current ClinicalTrials.gov record.</link_text>
    <url>https://clinicaltrials.gov/show/NCT01056211</url>
  </required_header>
  <id_info>
    <org_study_id>2009/626</org_study_id>
    <nct_id>NCT01056211</nct_id>
  </id_info>
  <brief_title>1540nm Non Ablative Fractional Laser Treatment of Scars</brief_title>
  <official_title>1540nm Non Ablative Fractional Laser Treatment of Scars : a Prospective Single Blinded Within Patient Controlled Randomized Trial.</official_title>
  <sponsors>
    <lead_sponsor>
      <agency>University Hospital, Ghent</agency>
      <agency_class>Other</agency_class>
    </lead_sponsor>
  </sponsors>
  <source>University Hospital, Ghent</source>
  <oversight_info>
    <authority>Belgium: Institutional Review Board</authority>
    <has_dmc>No</has_dmc>
  </oversight_info>
  <brief_summary>
    <textblock>
      Scars are a frequent reason of consultation in a dermatological clinic. Their  cosmetic
      aspect can play a key role in patient satisfaction and self-image.

      Non ablative fractional infra-red  laser treatment is a new concept in the laser field using
      arrays of microscopic thermal damage patterns to stimulate a wound healing response. There
      are different reports on the positive effect of these type of laser treatment in the
      treatment of acne scarring, striae, rythides, hypopigmented and hypertrophic scars.

      The low morbidity of the treatment and the lack of satisfying treatment regimes for
      different types of scars makes it attractive to investigate the efficacy and safety of 4
      treatment with  the 1540nm non ablative fractional laser in the treatment of scars.

      Objectives:

        -  To evaluate the efficacy of 4  laser treatments with Starlux 300 Lux 1540nm Fractional
           laser handpiece ( Palomar Medical Technologies ) 1 and 3 month after the last laser
           treatment for  3 different &quot;scar&quot; patient groups :

             1. Patients with hypopigmented scars

             2. Patients with hypertrophic scars

             3. Patients with scars due to  grafts and reconstructions in the head and neck
                region.

        -  To evaluate the treatment related pain. on a categorical scale from 0-10

        -  To evaluate the adverse effect of 1540nm fractional laser versus untreated control in
           the 3 patient groups.

      The study design is a prospective single blinded randomised within-patient controlled study
      The study involves 6 visits.
    </textblock>
  </brief_summary>
  <overall_status>Completed</overall_status>
  <start_date>January 2010</start_date>
  <completion_date type="Actual">August 2013</completion_date>
  <primary_completion_date type="Actual">August 2013</primary_completion_date>
  <phase>Phase 4</phase>
  <study_type>Interventional</study_type>
  <study_design>Allocation: Randomized, Endpoint Classification: Safety/Efficacy Study, Intervention Model: Parallel Assignment, Masking: Single Blind (Investigator), Primary Purpose: Treatment</study_design>
  <primary_outcome>
    <measure>efficacy of 4 laser treatments with Starlux 300 Lux 1540nm Fractional handpiece (Palomar Medical Technologies) 1 and 3 months after the last laser treatment in 3 different &quot;scar&quot; patient groups</measure>
    <time_frame>at 1 and 3 months</time_frame>
    <safety_issue>No</safety_issue>
  </primary_outcome>
  <primary_outcome>
    <measure>Evaluation of the treatment related pain</measure>
    <time_frame>at 1 and 3 months</time_frame>
    <safety_issue>Yes</safety_issue>
  </primary_outcome>
  <primary_outcome>
    <measure>Evaluation of the adverse effect of 1540nm fractional laser versus untreated control site</measure>
    <time_frame>at 1 and 3 months</time_frame>
    <safety_issue>Yes</safety_issue>
  </primary_outcome>
  <secondary_outcome>
    <measure>Evaluation of skin redness and pigmentation</measure>
    <time_frame>at 1 and 3 months after treatment</time_frame>
    <safety_issue>No</safety_issue>
  </secondary_outcome>
  <secondary_outcome>
    <measure>Compare different clinical scar assessment tools that can be used in the evaluation of clinical efficacy of the laser treatment</measure>
    <time_frame>at 1 and 3 months after treatment</time_frame>
    <safety_issue>No</safety_issue>
  </secondary_outcome>
  <secondary_outcome>
    <measure>Physician assessment for the treated and control region (PhGA)</measure>
    <time_frame>at 1 and 3 months after treatment</time_frame>
    <safety_issue>No</safety_issue>
  </secondary_outcome>
  <secondary_outcome>
    <measure>patient assessment for the treated and control region</measure>
    <time_frame>at 1 and 3 months after treatment</time_frame>
    <safety_issue>No</safety_issue>
  </secondary_outcome>
  <secondary_outcome>
    <measure>Photografic documentation of scar improvement</measure>
    <time_frame>at 1 and 3 months after treatment</time_frame>
    <safety_issue>No</safety_issue>
  </secondary_outcome>
  <secondary_outcome>
    <measure>Evaluation of histological difference in treated an non treated parts of the scar</measure>
    <time_frame>at 3 months after treatment</time_frame>
    <safety_issue>No</safety_issue>
  </secondary_outcome>
  <number_of_arms>6</number_of_arms>
  <enrollment type="Actual">90</enrollment>
  <condition>Scars</condition>
  <arm_group>
    <arm_group_label>hypopigmented scars treated with laser</arm_group_label>
    <arm_group_type>Active Comparator</arm_group_type>
    <description>patients with hypopigmented scars treated with Starlux 300 Lux 1540nm Fractional laser hand piece</description>
  </arm_group>
  <arm_group>
    <arm_group_label>hypopigmented scars treated without laser</arm_group_label>
    <arm_group_type>Placebo Comparator</arm_group_type>
    <description>patients with hypopigmented scars treated without laser</description>
  </arm_group>
  <arm_group>
    <arm_group_label>hypertrophic scars treated with laser</arm_group_label>
    <arm_group_type>Active Comparator</arm_group_type>
  </arm_group>
  <arm_group>
    <arm_group_label>hypertrophic scars not treated with laser</arm_group_label>
    <arm_group_type>Placebo Comparator</arm_group_type>
  </arm_group>
  <arm_group>
    <arm_group_label>scars due to grafts and reconstructions treated with laser</arm_group_label>
    <arm_group_type>Active Comparator</arm_group_type>
    <description>scars due to grafts and reconstructions in the head and neck region</description>
  </arm_group>
  <arm_group>
    <arm_group_label>grafts and reconstructions scars not treated with laser</arm_group_label>
    <arm_group_type>Placebo Comparator</arm_group_type>
    <description>scars due to grafts and reconstructions in the head and neck region</description>
  </arm_group>
  <intervention>
    <intervention_type>Procedure</intervention_type>
    <intervention_name>laser treatment</intervention_name>
    <description>Starlux 300 Lux 1540nm Fractional laser hand piece</description>
    <arm_group_label>hypopigmented scars treated with laser</arm_group_label>
    <arm_group_label>hypertrophic scars treated with laser</arm_group_label>
    <arm_group_label>scars due to grafts and reconstructions treated with laser</arm_group_label>
  </intervention>
  <intervention>
    <intervention_type>Procedure</intervention_type>
    <intervention_name>treatment without laser</intervention_name>
    <description>Starlux 300 Lux 1540nm Fractional laser hand piece</description>
    <arm_group_label>hypopigmented scars treated without laser</arm_group_label>
    <arm_group_label>hypertrophic scars not treated with laser</arm_group_label>
    <arm_group_label>grafts and reconstructions scars not treated with laser</arm_group_label>
  </intervention>
  <intervention>
    <intervention_type>Procedure</intervention_type>
    <intervention_name>laser treatment</intervention_name>
    <description>Starlux 300 Lux 1540nm Fractional laser hand piece</description>
    <arm_group_label>scars due to grafts and reconstructions treated with laser</arm_group_label>
  </intervention>
  <eligibility>
    <criteria>
      <textblock>
        The patients needs to have a scar fulfilling the inclusion and exclusion criteria of one
        of the 3 patient groups:

        Patient group 1: patients with hypopigmented scars :

        Inclusion criteria:

          -  Patients with a hypopigmented scar allowing 2 side by side test areas of similar
             sizes and appearance within the same anatomical region.

          -  Skin type 1-4

          -  Age at least 18 years old

          -  Willingness and ability to give written informed consent and to comply with the
             requirements of the protocol

        Exclusion criteria:

          -  Pregnancy and lactation

          -  Oral retinoid drugs within the past 6 months

        Patientgroup 2: patients with hypertrophic scars :

        Inclusion criteria:

          -  Patients with a hypertrophic scar allowing 2 side by site test areas of similar sizes
             and appearance within the same anatomical region.

          -  Skin type 1-4

          -  Male / Female

          -  Age at least 18 years old

          -  Willingness and ability to give written informed consent and to comply with the
             requirements of the protocol

        Exclusion criteria:

          -  Pregnancy and lactation

          -  Oral retinoid drugs within the past 6 months

        Patient group 3: Patients with scars due to grafts and  reconstructions in the head and
        neck region.

        Inclusion criteria:

          -  Patients with a graft or reconstruction with 2 site by site test areas of similar
             sizes and appearance within the same anatomical region (head and neck region).

          -  Skin type 1-4

          -  Age at least 18 years old

          -  Willingness and ability to give written informed consent and to comply with the
             requirements of the protocol

        Exclusion criteria:

          -  Pregnancy and lactation

          -  Oral retinoid drugs within the past 6 months
      </textblock>
    </criteria>
    <gender>Both</gender>
    <minimum_age>18 Years</minimum_age>
    <maximum_age>N/A</maximum_age>
    <healthy_volunteers>No</healthy_volunteers>
  </eligibility>
  <overall_official>
    <last_name>Evelien Verhaeghe, MD</last_name>
    <role>Principal Investigator</role>
    <affiliation>University Hospital, Ghent</affiliation>
  </overall_official>
  <location>
    <facility>
      <name>Univerisity Hospital Ghent</name>
      <address>
        <city>Ghent</city>
        <country>Belgium</country>
      </address>
    </facility>
  </location>
  <location_countries>
    <country>Belgium</country>
  </location_countries>
  <verification_date>December 2014</verification_date>
  <lastchanged_date>December 4, 2014</lastchanged_date>
  <firstreceived_date>January 25, 2010</firstreceived_date>
  <responsible_party>
    <responsible_party_type>Sponsor</responsible_party_type>
  </responsible_party>
  <is_fda_regulated>No</is_fda_regulated>
  <has_expanded_access>No</has_expanded_access>
  <!-- Results have not yet been posted for this study                                -->
</clinical_study>
