<?xml version="1.0" encoding="UTF-8"?>
<clinical_study rank="361">
  <!-- This xml conforms to an XML Schema at:
    https://clinicaltrials.gov/ct2/html/images/info/public.xsd
 and an XML DTD at:
    https://clinicaltrials.gov/ct2/html/images/info/public.dtd -->
  <required_header>
    <download_date>ClinicalTrials.gov processed this data on July 08, 2015</download_date>
    <link_text>Link to the current ClinicalTrials.gov record.</link_text>
    <url>https://clinicaltrials.gov/show/NCT01668498</url>
  </required_header>
  <id_info>
    <org_study_id>AIO-LQ-0110</org_study_id>
    <secondary_id>2010-022938-85</secondary_id>
    <nct_id>NCT01668498</nct_id>
  </id_info>
  <brief_title>Comparison of Two Preemptive Treatment Strategies of Panitumumab Mediated Skin Toxicity and Assessment of QoL in Patient With Ras-wt Colorectal Cancer</brief_title>
  <official_title>Comparison of Two Preemptive Treatment Strategies of Panitumumab Mediated Skin Toxicity and Assessment of Quality of Life in Patients With Ras-wildtype Colorectal Cancer</official_title>
  <sponsors>
    <lead_sponsor>
      <agency>AIO-Studien-gGmbH</agency>
      <agency_class>Other</agency_class>
    </lead_sponsor>
  </sponsors>
  <source>AIO-Studien-gGmbH</source>
  <oversight_info>
    <authority>Germany: Federal Institute for Drugs and Medical Devices</authority>
    <has_dmc>No</has_dmc>
  </oversight_info>
  <brief_summary>
    <textblock>
      80 - 90 % of the patients treated with anti-EGFR antibodies (panitumumab or cetuximab)
      experience skin toxicity, mostly acne like skin rash.

      A standardized treatment of skin rash is neither established as standard arm for clinical
      trials nor as guideline for the treatment of skin toxicity in clinical practice.  While an
      improvement of QoL has been demonstrated for panitumumab and cetuximab in comparison to best
      supportive care the data basis for patient related outcomes regarding skin toxicity deriving
      from randomized trials is still small.

      Recent surveys among German oncologist revealed that physicians are reluctant to use oral
      antibiotics as preemptive treatment . Only 19 out of 110 oncologists stated that they are
      thinking about using preemptive treatment in patients with acne-like skin rash.

      Thus, in the present trial two main questions will be addressed:

      (i) Can preemptive treatment with oral doxycycline be replaced by a sequential skin
      treatment strategy (i.e. local treatment with erythromycin followed by doxycycline in case
      of inefficacy = development of acne) without compromising treatment efficacy of skin
      toxicity treatment? (ii) Comparison of general and skin related QoL between both treatment
      arms.
    </textblock>
  </brief_summary>
  <overall_status>Active, not recruiting</overall_status>
  <start_date>May 2011</start_date>
  <completion_date type="Anticipated">August 2015</completion_date>
  <primary_completion_date type="Actual">January 2015</primary_completion_date>
  <phase>Phase 2</phase>
  <study_type>Interventional</study_type>
  <study_design>Allocation: Randomized, Endpoint Classification: Safety/Efficacy Study, Intervention Model: Parallel Assignment, Masking: Open Label, Primary Purpose: Prevention</study_design>
  <primary_outcome>
    <measure>Percentage of patients developing no skin toxicity ≥ grade 2</measure>
    <time_frame>8 weeks</time_frame>
    <safety_issue>Yes</safety_issue>
    <description>Percentage of patients developing no skin toxicity ≥ grade 2 at any time during their first 8-weeks of treatment with panitumumab.</description>
  </primary_outcome>
  <secondary_outcome>
    <measure>Quality of life</measure>
    <time_frame>8 weeks</time_frame>
    <safety_issue>No</safety_issue>
    <description>Quality of life will be assessed by standardized skin-related (DLQI) and global quality of life (EORTC QLQ C30.
For correlation analyses between the different quality of life scores, the non-parametric test according to Spearman will preferably be applied.</description>
  </secondary_outcome>
  <secondary_outcome>
    <measure>Assess Skin toxicity</measure>
    <time_frame>8 weeks</time_frame>
    <safety_issue>Yes</safety_issue>
    <description>Assess different skin toxicity grading scales (i.e. NCI CTC v. 4.0; WoMo score; MESTT)</description>
  </secondary_outcome>
  <secondary_outcome>
    <measure>Correlation between skin-related and global quality of life</measure>
    <time_frame>8 weeks</time_frame>
    <safety_issue>No</safety_issue>
    <description>Description of correlation between skin-related and global quality of life using EORTC-QLQ C30 and SF-36.</description>
  </secondary_outcome>
  <secondary_outcome>
    <measure>late skin toxicity</measure>
    <time_frame>from week 8 to 12</time_frame>
    <safety_issue>Yes</safety_issue>
    <description>Describe the development of late skin toxicity after 8 weeks</description>
  </secondary_outcome>
  <secondary_outcome>
    <measure>Skin-toxicity related dose reductions of panitumumab</measure>
    <time_frame>8 weeks</time_frame>
    <safety_issue>Yes</safety_issue>
    <description>Rate of skin-toxicity induced dose reductions (including withdrawal) of panitumumab</description>
  </secondary_outcome>
  <number_of_arms>2</number_of_arms>
  <enrollment type="Anticipated">74</enrollment>
  <condition>Ras-wildtype Colorectal Cancer</condition>
  <arm_group>
    <arm_group_label>Erythromycin</arm_group_label>
    <arm_group_type>Experimental</arm_group_type>
    <description>Experimental Arm (ARM A) skin- treatment: erythromycin cream 2% daily at bedtime doxycycline 100mg b.i.d.if skin toxicity CTC° ≥2 skin moisturizer daily at morning, sunscreen before going outdoors for 8 weeks</description>
  </arm_group>
  <arm_group>
    <arm_group_label>Doxycyline</arm_group_label>
    <arm_group_type>Active Comparator</arm_group_type>
    <description>Standard Arm (ARM B) skin- treatment:doxycycline 100mg b.i.d. skin moisturizer daily at morning, sunscreen before going outdoors for 8 weeks</description>
  </arm_group>
  <intervention>
    <intervention_type>Drug</intervention_type>
    <intervention_name>Erythromycin</intervention_name>
    <description>Comparison of efficacy of Arm A erythromycin cream 2% daily at bedtime (doxycycline 100mg b.i.d.if skin toxicity CTC° ≥2) and Arm B doxycycline 100mg b.i.d. in patients with Metastatic Colorectal cancer (Ras wild-type)being treated with panitumumab.</description>
    <arm_group_label>Erythromycin</arm_group_label>
    <other_name>Aknemycin</other_name>
  </intervention>
  <intervention>
    <intervention_type>Drug</intervention_type>
    <intervention_name>Doxycycline</intervention_name>
    <description>Comparison of efficacy of Arm A erythromycin cream 2% daily at bedtime (doxycycline 100mg b.i.d.if skin toxicity CTC° ≥2) and Arm B doxycycline 100mg b.i.d. in patients with Metastatic Colorectal cancer (Ras wild-type)being treated with panitumumab.</description>
    <arm_group_label>Doxycyline</arm_group_label>
  </intervention>
  <eligibility>
    <criteria>
      <textblock>
        Inclusion Criteria:

          1. Patients with wild-type RAS (KRAS and NRAS) status of metastatic colorectal cancer
             treatment with panitumumab according to label

               -  RAS wild-type tested in

               -  KRAS exon 2 (codons 12/13)

               -  KRAS exon 3 (codons 59/61)

               -  KRAS exon 4 (codons 117/146)

               -  NRAS exon 2 (codons 12/13)

               -  NRAS exon 3 (codons 59/61)

               -  NRAS exon 4 (codons 117/146)

          2. treatment with pre-emptive study medication shall begin the day before treatment
             start with panitumumab

          3. Willingness to cope with biweekly quality of life questionnaires

          4. Written Informed consent

          5. Aged at least 18 years

          6. ECOG Performance Status 0-2

          7. Life expectancy of at least 12 weeks

          8. Adequate haematological, hepatic, renal and metabolic function  parameters:

               -  Leukocytes &gt; 3000/mm³

               -  ANC ≥ 1500/mm³

               -  Platelets ≥ 100,000/mm³

               -  Haemoglobin &gt; 9 g/dl

               -  Serum creatinine ≤ 1.5 x ULN

               -  Bilirubin ≤ 1.5 x ULN

               -  GOT-GPT ≤ 2.5 x ULN (in case of liver metastases GOT / GPT ≤ 5 x ULN)

               -  AP ≤ 5 x ULN

               -  Magnesium, Calcium and potassium within normal ranges (may be substituted before
                  study entry)

        Exclusion criteria:

          1. Subject pregnant or breast feeding, or planning to become pregnant within 6 months
             after the end of treatment.

          2. Subject (male or female) is not willing to use highly effective methods of
             contraception (per institutional standard) during treatment and for 6 months (male or
             female) after the end of treatment (adequate: oral contraceptives, intrauterine
             device or barrier method in conjunction with spermicidal jelly).

          3. Serious concurrent diseases

          4. On-treatment participation in a clinical study in the period 30 days prior to
             inclusion

          5. Clinically significant cardiovascular disease in (incl. myocardial infarction,
             unstable angina, symptomatic congestive heart failure, serious uncontrolled cardiac
             arrhythmia) ≤ 1 year before enrolment.

          6. History of interstitial lung disease, e.g. pneumonitis or pulmonary fibrosis or
             evidence of interstitial lung disease on baseline chest CT scan.

          7. History of HIV infection.

          8. Other previous or concurrent malignancy (≤ 5 years prior to enrolment in study)
             except non-melanoma skin cancer or cervical carcinoma FIGO stage 0- 1 if the patient
             is continuously disease-free

          9. Known allergic reactions on panitumumab, doxycycline or erythromycin

         10. Previous treatment with anti-cancer agents directed against EGFR (e.g. cetuximab,
             panitumumab, erlotinib, gefitinib, lapatinib)

         11. Skin rash existing before or due to other reasons than panitumumab treatment

         12. Other dermatologic disease that may interfere with correct grading of panitumumab
             induced skin rash

         13. Parallel treatment with anti-tumor agents other than panitumumab
      </textblock>
    </criteria>
    <gender>Both</gender>
    <minimum_age>18 Years</minimum_age>
    <maximum_age>N/A</maximum_age>
    <healthy_volunteers>No</healthy_volunteers>
  </eligibility>
  <overall_official>
    <last_name>Melanie Kripp, Dr. med.</last_name>
    <role>Principal Investigator</role>
    <affiliation>III. Medizinische Klinik, Universitätsmedizin Mannheim</affiliation>
  </overall_official>
  <location>
    <facility>
      <name>Universitätsklinikum Mannheim, III. Medizinische Klinik</name>
      <address>
        <city>Mannheim</city>
        <zip>68167</zip>
        <country>Germany</country>
      </address>
    </facility>
  </location>
  <location_countries>
    <country>Germany</country>
  </location_countries>
  <link>
    <url>http://www.aio-portal.de</url>
  </link>
  <verification_date>April 2015</verification_date>
  <lastchanged_date>April 10, 2015</lastchanged_date>
  <firstreceived_date>August 16, 2012</firstreceived_date>
  <responsible_party>
    <responsible_party_type>Sponsor</responsible_party_type>
  </responsible_party>
  <keyword>Can preemptive treatment of panitumumab mediated skin</keyword>
  <keyword>toxicity with oral doxycycline be replaced by local treatment with erythromycin?</keyword>
  <keyword>Panitumumab</keyword>
  <is_fda_regulated>No</is_fda_regulated>
  <has_expanded_access>No</has_expanded_access>
  <condition_browse>
    <!-- CAUTION:  The following MeSH terms are assigned with an imperfect algorithm  -->
    <mesh_term>Colorectal Neoplasms</mesh_term>
  </condition_browse>
  <intervention_browse>
    <!-- CAUTION:  The following MeSH terms are assigned with an imperfect algorithm  -->
    <mesh_term>Doxycycline</mesh_term>
    <mesh_term>Erythromycin</mesh_term>
    <mesh_term>Erythromycin Estolate</mesh_term>
    <mesh_term>Erythromycin Ethylsuccinate</mesh_term>
    <mesh_term>Erythromycin stearate</mesh_term>
  </intervention_browse>
  <!-- Results have not yet been posted for this study                                -->
</clinical_study>
