<?xml version="1.0" encoding="UTF-8"?>
<clinical_study rank="184">
  <!-- This xml conforms to an XML Schema at:
    https://clinicaltrials.gov/ct2/html/images/info/public.xsd
 and an XML DTD at:
    https://clinicaltrials.gov/ct2/html/images/info/public.dtd -->
  <required_header>
    <download_date>ClinicalTrials.gov processed this data on July 08, 2015</download_date>
    <link_text>Link to the current ClinicalTrials.gov record.</link_text>
    <url>https://clinicaltrials.gov/show/NCT01591304</url>
  </required_header>
  <id_info>
    <org_study_id>ULT-116</org_study_id>
    <nct_id>NCT01591304</nct_id>
  </id_info>
  <brief_title>Feasibility Study: Ulthera® System for the Treatment of Moderate to Severe Facial Acne</brief_title>
  <official_title>Feasibility Study: Evaluation of the Safety and Effectiveness of the Ulthera® System for the Treatment of Moderate to Severe Facial Acne</official_title>
  <sponsors>
    <lead_sponsor>
      <agency>Ulthera, Inc</agency>
      <agency_class>Industry</agency_class>
    </lead_sponsor>
  </sponsors>
  <source>Ulthera, Inc</source>
  <oversight_info>
    <authority>United States: Institutional Review Board</authority>
    <has_dmc>No</has_dmc>
  </oversight_info>
  <brief_summary>
    <textblock>
      This study will evaluate the effectiveness of Ultherapy for the treatment of facial acne.
    </textblock>
  </brief_summary>
  <detailed_description>
    <textblock>
      Study subjects will be assigned to one of two treatment groups.  Both treatment groups will
      receive treatment in the center of the forehead/temples, medial cheeks, and chin regions
      using the 1.5mm and 1.0mm transducers.

        -  For Group A, both the 1.5mm and 1.0mm transducers will be used at 0.25J energy setting
           and 0.20J energy setting, respectively.

        -  For Group B, both the 1.5mm and 1.0mm transducers will be used at 0.18J energy setting
           and 0.15J energy setting, respectively.

      Subjects will receive 3 Ultherapy treatments administered 2 weeks apart.  Subjects will be
      required to return for follow-up assessments at 14, 30, 60, 90 and 180 days following the
      third Ultherapy treatment.  Pre- and post-treatment photos will be taken. In addition, pre-
      and post-treatment lesion counts and sebum measurements will be obtained.
    </textblock>
  </detailed_description>
  <overall_status>Completed</overall_status>
  <start_date>August 2011</start_date>
  <completion_date type="Actual">July 2014</completion_date>
  <primary_completion_date type="Actual">June 2014</primary_completion_date>
  <phase>N/A</phase>
  <study_type>Interventional</study_type>
  <study_design>Allocation: Randomized, Endpoint Classification: Safety/Efficacy Study, Intervention Model: Parallel Assignment, Masking: Open Label, Primary Purpose: Treatment</study_design>
  <primary_outcome>
    <measure>Change from baseline in facial acne</measure>
    <time_frame>60 days post-treatment</time_frame>
    <safety_issue>No</safety_issue>
    <description>Determined by a reduction in inflammatory and non-inflammatory lesion counts from baseline.</description>
  </primary_outcome>
  <secondary_outcome>
    <measure>Change from baseline in skin clarity</measure>
    <time_frame>180 days post-treatment</time_frame>
    <safety_issue>No</safety_issue>
    <description>Measured using  a digital imaging system comparing baseline and post-treatment images.</description>
  </secondary_outcome>
  <secondary_outcome>
    <measure>Reduction of sebum production</measure>
    <time_frame>180 days post-treatment</time_frame>
    <safety_issue>No</safety_issue>
    <description>Assessments using a sebumeter will be performed comparing pre-treatment and post-treatment assessments.</description>
  </secondary_outcome>
  <secondary_outcome>
    <measure>Patient Satisfaction at 60 days</measure>
    <time_frame>60 day post-treatment</time_frame>
    <safety_issue>No</safety_issue>
    <description>Patient satisfaction as determined by completion of a patient satisfaction questionnaire.</description>
  </secondary_outcome>
  <secondary_outcome>
    <measure>Patient Satisfaction at 180 days</measure>
    <time_frame>180 Days post-treatment</time_frame>
    <safety_issue>No</safety_issue>
    <description>Patient satisfaction as determined by completion of patient satisfaction questionnaire.</description>
  </secondary_outcome>
  <number_of_arms>2</number_of_arms>
  <enrollment type="Actual">24</enrollment>
  <condition>Facial Acne</condition>
  <arm_group>
    <arm_group_label>Group A</arm_group_label>
    <arm_group_type>Active Comparator</arm_group_type>
    <description>Ulthera System Treatment provided using 1.5mm and 1.0mm transducers at 0.25J and 0.20J energy settings, respectively.</description>
  </arm_group>
  <arm_group>
    <arm_group_label>Group B</arm_group_label>
    <arm_group_type>Active Comparator</arm_group_type>
    <description>Ulthera System Treatment provided using 1.5mm and 1.0mm transducers, at 0.18J and 0.15J energy settings, respectively.</description>
  </arm_group>
  <intervention>
    <intervention_type>Device</intervention_type>
    <intervention_name>Ulthera System Treatment</intervention_name>
    <description>Focused ultrasound energy delivered below the surface of the skin.</description>
    <arm_group_label>Group A</arm_group_label>
    <arm_group_label>Group B</arm_group_label>
    <other_name>Ulthera® System</other_name>
    <other_name>Ultherapy™ Treatment</other_name>
    <other_name>Ulthera, Inc.</other_name>
  </intervention>
  <eligibility>
    <criteria>
      <textblock>
        Inclusion Criteria:

          -  Male or female, aged 18 years and older.

          -  Subject in good health.

          -  Presence of clinically-evident facial acne of moderate to severe severity with at
             least 20 inflammatory lesions and 20-100 noninflammatory lesions.

        Exclusion Criteria:

          -  Presence of &gt;2 nodular lesions in the areas to be treated.

          -  Presence of any cysts in the areas to be treated.

          -  Presence of an active systemic or local skin disease that may affect wound healing.

          -  Use of alcohol-based topical solutions or &quot;exfoliating&quot; agents within 1 week prior to
             study participation.

          -  History of frequent herpes simplex infections of the face or with clinical evidence
             of active herpes simplex infections.

          -  History of keloid scar formation.

          -  Significant scarring in areas to be treated.

          -  Significant open facial wounds or lesions.

          -  Presence of a metal stent or implant in the facial area to be treated.
      </textblock>
    </criteria>
    <gender>Both</gender>
    <minimum_age>18 Years</minimum_age>
    <maximum_age>N/A</maximum_age>
    <healthy_volunteers>No</healthy_volunteers>
  </eligibility>
  <overall_official>
    <last_name>Girish Munavalli, M.D.</last_name>
    <role>Principal Investigator</role>
    <affiliation>Dermatology, Laser &amp; Vein Specialists of the Carolinas</affiliation>
  </overall_official>
  <location>
    <facility>
      <name>Multispecialty Aesthetic Clinical Research Organization</name>
      <address>
        <city>Woodland Hills</city>
        <state>California</state>
        <zip>91367</zip>
        <country>United States</country>
      </address>
    </facility>
  </location>
  <location>
    <facility>
      <name>Dermatology, Laser &amp; Vein Specialists of the Carolinas</name>
      <address>
        <city>Charlotte</city>
        <state>North Carolina</state>
        <zip>28207</zip>
        <country>United States</country>
      </address>
    </facility>
  </location>
  <location_countries>
    <country>United States</country>
  </location_countries>
  <verification_date>December 2014</verification_date>
  <lastchanged_date>December 3, 2014</lastchanged_date>
  <firstreceived_date>April 27, 2012</firstreceived_date>
  <responsible_party>
    <responsible_party_type>Sponsor</responsible_party_type>
  </responsible_party>
  <keyword>Ulthera® System</keyword>
  <keyword>Ultherapy™ Treatment</keyword>
  <keyword>Ulthera, Inc.</keyword>
  <is_fda_regulated>Yes</is_fda_regulated>
  <is_section_801>Yes</is_section_801>
  <has_expanded_access>No</has_expanded_access>
  <condition_browse>
    <!-- CAUTION:  The following MeSH terms are assigned with an imperfect algorithm  -->
    <mesh_term>Facies</mesh_term>
  </condition_browse>
  <!-- Results have not yet been posted for this study                                -->
</clinical_study>
