<?xml version="1.0" encoding="UTF-8"?>
<clinical_study rank="10">
  <!-- This xml conforms to an XML Schema at:
    https://clinicaltrials.gov/ct2/html/images/info/public.xsd
 and an XML DTD at:
    https://clinicaltrials.gov/ct2/html/images/info/public.dtd -->
  <required_header>
    <download_date>ClinicalTrials.gov processed this data on July 08, 2015</download_date>
    <link_text>Link to the current ClinicalTrials.gov record.</link_text>
    <url>https://clinicaltrials.gov/show/NCT01629797</url>
  </required_header>
  <id_info>
    <org_study_id>STU64905</org_study_id>
    <nct_id>NCT01629797</nct_id>
  </id_info>
  <brief_title>Knowledge Evaluation and Assessment of the Effectiveness of an Education Intervention on Acne</brief_title>
  <official_title>Knowledge Evaluation and Assessment of the Effectiveness of an Education Intervention on Acne</official_title>
  <sponsors>
    <lead_sponsor>
      <agency>Northwestern University</agency>
      <agency_class>Other</agency_class>
    </lead_sponsor>
  </sponsors>
  <source>Northwestern University</source>
  <oversight_info>
    <authority>United States: Institutional Review Board</authority>
    <has_dmc>Yes</has_dmc>
  </oversight_info>
  <brief_summary>
    <textblock>
      Acne vulgaris is a chronic inflammatory disorder of the skin in the pilosebaceous unit of
      the hair follicle, associated with oil production. It is found across skin types and is
      present in 85% of adolescents, representing a large affected population. Because of the
      universal nature of the disease, 36.3% of acne patients come from backgrounds other than
      Caucasian.

      The purpose of this study is to examine patient knowledge about acne in different
      populations and to assess the effectiveness of a teaching intervention on acne knowledge.
      The investigators aim is to better understand and subsequently reduce any potential health
      disparities within the minority populations.

      This project will evaluate differences in acne knowledge between different ethnic groups,
      and the efficacy of an educational intervention. Subjects will first complete a survey
      evaluating their knowledge of acne and how acne affects them psychosocially before an
      educational intervention. Immediately following the intervention, the patient's knowledge of
      acne will be evaluated again. Finally, two months after the intervention, a phone call will
      be made evaluating their retention of the education materials and their quality of life
      related to psychosocial effects of acne. Investigating this educational intervention and any
      current disparities in acne education and understanding will better allow us to educate and
      treat acne patients in the future.
    </textblock>
  </brief_summary>
  <overall_status>Completed</overall_status>
  <start_date>May 2012</start_date>
  <completion_date type="Actual">November 2012</completion_date>
  <primary_completion_date type="Actual">November 2012</primary_completion_date>
  <phase>N/A</phase>
  <study_type>Interventional</study_type>
  <study_design>Endpoint Classification: Efficacy Study, Intervention Model: Single Group Assignment, Masking: Open Label</study_design>
  <primary_outcome>
    <measure>Number of Correct Responses to Questionnaire Items Immediately Before and After and Educational Lecture</measure>
    <time_frame>immediately before and after an educational lecture</time_frame>
    <safety_issue>No</safety_issue>
    <description>In order to evaluate the immediate effect of an educational lecture about acne, subjects completed a questionnaire to assess knowledge about acne immediately before and after the educational lecture.  The number of correct responses to each questionnaire item was calculated pre- and post-educational lecture.</description>
  </primary_outcome>
  <secondary_outcome>
    <measure>Number of Correct Responses to Questionnaire Items Before and 2 Months After an Educational Lecture</measure>
    <time_frame>before and 2 months after an educational lecture</time_frame>
    <safety_issue>No</safety_issue>
    <description>In order to evaluate the long-term effect of an educational lecture about acne, subjects completed a questionnaire to assess knowledge about acne immediately before and two months after the educational lecture.  The number of correct responses to each questionnaire item was calculated pre- and two months post-educational lecture.</description>
  </secondary_outcome>
  <number_of_arms>1</number_of_arms>
  <enrollment type="Actual">100</enrollment>
  <condition>Acne Vulgaris</condition>
  <arm_group>
    <arm_group_label>Acne Vulgaris</arm_group_label>
    <arm_group_type>Other</arm_group_type>
    <description>Patients with Acne vulgaris will receive educational teaching on Acne</description>
  </arm_group>
  <intervention>
    <intervention_type>Behavioral</intervention_type>
    <intervention_name>Educational script on Acne</intervention_name>
    <description>An educational script on Acne will be presented by investigator</description>
    <arm_group_label>Acne Vulgaris</arm_group_label>
  </intervention>
  <eligibility>
    <criteria>
      <textblock>
        Inclusion criteria:

          -  Subjects ages 18 years of age and older and able to give consent

          -  Subjects with a diagnosis of acne vulgaris

        Exclusion criteria:

          -  Subjects who are not proficient in English

          -  Subjects who were unable to give informed consent

          -  Subjects who do not have a diagnosis of acne vulgaris
      </textblock>
    </criteria>
    <gender>Both</gender>
    <minimum_age>18 Years</minimum_age>
    <maximum_age>N/A</maximum_age>
    <healthy_volunteers>No</healthy_volunteers>
  </eligibility>
  <overall_official>
    <last_name>Roopal Kundu, MD</last_name>
    <role>Principal Investigator</role>
    <affiliation>Northwestern University</affiliation>
  </overall_official>
  <location>
    <facility>
      <name>Northwestern University Department of Dermatology</name>
      <address>
        <city>Chicago</city>
        <state>Illinois</state>
        <zip>60611</zip>
        <country>United States</country>
      </address>
    </facility>
  </location>
  <location_countries>
    <country>United States</country>
  </location_countries>
  <link>
    <url>http://www.feinberg.northwestern.edu/depts/dermatology/research/clinical-trials/ctu-active%20trials.htm</url>
    <description>Northwestern University Department of Dermatology Actively Enrolling Research Trials</description>
  </link>
  <reference>
    <citation>Callender VD. Acne in ethnic skin: special considerations for therapy. Dermatol Ther. 2004;17(2):184-95. Review.</citation>
    <PMID>15113286</PMID>
  </reference>
  <reference>
    <citation>Cheng CE, Irwin B, Mauriello D, Liang L, Pappert A, Kimball AB. Self-reported acne severity, treatment, and belief patterns across multiple racial and ethnic groups in adolescent students. Pediatr Dermatol. 2010 Sep-Oct;27(5):446-52. doi: 10.1111/j.1525-1470.2010.01286.x. Epub 2010 Aug 26.</citation>
    <PMID>20796234</PMID>
  </reference>
  <reference>
    <citation>Dréno B. Assessing quality of life in patients with acne vulgaris: implications for treatment. Am J Clin Dermatol. 2006;7(2):99-106. Review.</citation>
    <PMID>16605290</PMID>
  </reference>
  <reference>
    <citation>Hanna S, Sharma J, Klotz J. Acne vulgaris: more than skin deep. Dermatol Online J. 2003 Aug;9(3):8.</citation>
    <PMID>12952755</PMID>
  </reference>
  <reference>
    <citation>Tan JK, Vasey K, Fung KY. Beliefs and perceptions of patients with acne. J Am Acad Dermatol. 2001 Mar;44(3):439-45.</citation>
    <PMID>11209112</PMID>
  </reference>
  <reference>
    <citation>Williams HC, Dellavalle RP, Garner S. Acne vulgaris. Lancet. 2012 Jan 28;379(9813):361-72. doi: 10.1016/S0140-6736(11)60321-8. Epub 2011 Aug 29. Review. Erratum in: Lancet. 2012 Jan 28;379(9813):314.</citation>
    <PMID>21880356</PMID>
  </reference>
  <verification_date>April 2013</verification_date>
  <lastchanged_date>April 29, 2013</lastchanged_date>
  <firstreceived_date>June 26, 2012</firstreceived_date>
  <firstreceived_results_date>April 29, 2013</firstreceived_results_date>
  <responsible_party>
    <responsible_party_type>Principal Investigator</responsible_party_type>
    <investigator_affiliation>Northwestern University</investigator_affiliation>
    <investigator_full_name>Roopal Kundu</investigator_full_name>
    <investigator_title>Assistant Professor of Dermatology</investigator_title>
  </responsible_party>
  <is_fda_regulated>No</is_fda_regulated>
  <has_expanded_access>No</has_expanded_access>
  <condition_browse>
    <!-- CAUTION:  The following MeSH terms are assigned with an imperfect algorithm  -->
    <mesh_term>Acne Vulgaris</mesh_term>
  </condition_browse>
  <!-- Results are available for this study                                           -->
</clinical_study>
