<?xml version="1.0" encoding="UTF-8"?>
<clinical_study rank="21">
  <!-- This xml conforms to an XML Schema at:
    https://clinicaltrials.gov/ct2/html/images/info/public.xsd
 and an XML DTD at:
    https://clinicaltrials.gov/ct2/html/images/info/public.dtd -->
  <required_header>
    <download_date>ClinicalTrials.gov processed this data on July 08, 2015</download_date>
    <link_text>Link to the current ClinicalTrials.gov record.</link_text>
    <url>https://clinicaltrials.gov/show/NCT01682200</url>
  </required_header>
  <id_info>
    <org_study_id>PaspaPharma-04</org_study_id>
    <nct_id>NCT01682200</nct_id>
  </id_info>
  <brief_title>Clinical Trial on the Effects and Side Effects of ProOxy in the Treatment of Acne</brief_title>
  <official_title>An Open Label Pilot Clinical Trial on the Efficacy and Safety of ProOxy Facial Spray (Topical 15% Oxygen Solution) in the Treatment of Moderate Facial Acne Vulgaris Among Filipino Patients</official_title>
  <sponsors>
    <lead_sponsor>
      <agency>Medivet Pty Ltd</agency>
      <agency_class>Industry</agency_class>
    </lead_sponsor>
  </sponsors>
  <source>Medivet Pty Ltd</source>
  <oversight_info>
    <authority>Philippines: Food and Drug Administration (Formerly Known as Bureau of Food and Drugs)</authority>
    <has_dmc>No</has_dmc>
  </oversight_info>
  <brief_summary>
    <textblock>
      This study was conducted to determine the effects and side effects of ProOxy facial spray in
      the treatment of acne.
    </textblock>
  </brief_summary>
  <detailed_description>
    <textblock>
      A study on the effects and side effects of ProOxy facial spray was done. Sixty people were
      selected and approved to participate in this study. Pictures of the face (frontal,left side
      and right side) were taken upon acceptance, during and after treatment at 4,8 and 12 weeks
      intervals.
    </textblock>
  </detailed_description>
  <overall_status>Completed</overall_status>
  <start_date>October 2009</start_date>
  <completion_date type="Actual">September 2011</completion_date>
  <primary_completion_date type="Actual">March 2010</primary_completion_date>
  <phase>Phase 1</phase>
  <study_type>Interventional</study_type>
  <study_design>Endpoint Classification: Safety/Efficacy Study, Intervention Model: Single Group Assignment, Masking: Open Label, Primary Purpose: Treatment</study_design>
  <primary_outcome>
    <measure>Changes in the appearances,sizes of the acne lesions as well as the disappearance of acne on the face.</measure>
    <time_frame>4,8,12 weeks post application of the spray</time_frame>
    <safety_issue>No</safety_issue>
    <description>Upon acceptance,pictures are taken and acne lesions are identified and counted and after 4,8, and 12 weeks during and after application of ProOxy.</description>
  </primary_outcome>
  <number_of_arms>1</number_of_arms>
  <enrollment type="Actual">50</enrollment>
  <condition>Acne Vulgaris</condition>
  <arm_group>
    <arm_group_label>ProOxy, Effects and Side Effects in treating acne</arm_group_label>
    <arm_group_type>Experimental</arm_group_type>
    <description>Patients are instructed to clean the face with ProOxy facial cleanser and then spray on the face wet enough but not dripping twice daily (upon waking up and before bedtime) for 3 months.</description>
  </arm_group>
  <intervention>
    <intervention_type>Drug</intervention_type>
    <intervention_name>ProOxy</intervention_name>
    <description>Clean the face with ProOxy facial wash before spraying ProOxy on the face enough to wet it twice daily, upon waking up and before bedtime.</description>
    <arm_group_label>ProOxy, Effects and Side Effects in treating acne</arm_group_label>
    <other_name>15% Oxygen solution spray</other_name>
  </intervention>
  <eligibility>
    <criteria>
      <textblock>
        Inclusion Criteria:

          -  patients with acne on their faces only

          -  patients who are at least 18 years of age

          -  patients who have normal and disease free skin at the dorsal surface of the   upper
             arm.

          -  patients who are willing to follow instructions on both the Patch Test Part one and
             Part Two procedures and to follow scheduled visits.

        Exclusion Criteria

          -  patients with systemic illnesses(such as but not limited to heart disease,
             hypertension, diabetes, cancer, liver disease, kidney disease)

          -  patients with very dark skin color, Fitzpatrick skin type V-VI, who are prone to
             post=inflammatory hyperpigmentation.

          -  patients with intake of oral medications including glucocorticoids or any
             immuno-suppressants or who have undergone ultraviolet phototherapy for the past 2
             weeks prior to the patch test.

          -  patients with history of contact dermatitis, dermatographism or anaphylaxis.

          -  patients with history of eczematous and inflammatory dermatitis, seborrheic
             dermatitis and psoriasis.
      </textblock>
    </criteria>
    <gender>Both</gender>
    <minimum_age>18 Years</minimum_age>
    <maximum_age>40 Years</maximum_age>
    <healthy_volunteers>Accepts Healthy Volunteers</healthy_volunteers>
  </eligibility>
  <location>
    <facility>
      <name>Mary Chile General Hospital</name>
      <address>
        <city>Manila</city>
        <state>Metro Manila</state>
        <country>Philippines</country>
      </address>
    </facility>
  </location>
  <location>
    <facility>
      <name>Far Eastern University Hospital, Dept of Family Medicine</name>
      <address>
        <city>Quezon City</city>
        <state>Metro Manila</state>
        <country>Philippines</country>
      </address>
    </facility>
  </location>
  <location_countries>
    <country>Philippines</country>
  </location_countries>
  <verification_date>September 2012</verification_date>
  <lastchanged_date>September 7, 2012</lastchanged_date>
  <firstreceived_date>September 6, 2012</firstreceived_date>
  <responsible_party>
    <responsible_party_type>Sponsor</responsible_party_type>
  </responsible_party>
  <keyword>moderate</keyword>
  <keyword>facial acne</keyword>
  <keyword>acne vulgaris</keyword>
  <is_fda_regulated>No</is_fda_regulated>
  <has_expanded_access>No</has_expanded_access>
  <condition_browse>
    <!-- CAUTION:  The following MeSH terms are assigned with an imperfect algorithm  -->
    <mesh_term>Acne Vulgaris</mesh_term>
  </condition_browse>
  <!-- Results have not yet been posted for this study                                -->
</clinical_study>
