<?xml version="1.0" encoding="UTF-8"?>
<clinical_study rank="160">
  <!-- This xml conforms to an XML Schema at:
    https://clinicaltrials.gov/ct2/html/images/info/public.xsd
 and an XML DTD at:
    https://clinicaltrials.gov/ct2/html/images/info/public.dtd -->
  <required_header>
    <download_date>ClinicalTrials.gov processed this data on July 08, 2015</download_date>
    <link_text>Link to the current ClinicalTrials.gov record.</link_text>
    <url>https://clinicaltrials.gov/show/NCT00767104</url>
  </required_header>
  <id_info>
    <org_study_id>00006471</org_study_id>
    <secondary_id>33685</secondary_id>
    <nct_id>NCT00767104</nct_id>
  </id_info>
  <brief_title>A Study to Evaluate the Efficacy of Silk - Like Bedding Fabric, as Used in a Standard Pillow Case, in the Treatment of Acne Vulgaris</brief_title>
  <official_title>A Study to Evaluate the Efficacy of Silk - Like Bedding Fabric, as Used in a Standard Pillow Case, in the Treatment of Acne Vulgaris</official_title>
  <sponsors>
    <lead_sponsor>
      <agency>Wake Forest School of Medicine</agency>
      <agency_class>Other</agency_class>
    </lead_sponsor>
  </sponsors>
  <source>Wake Forest School of Medicine</source>
  <oversight_info>
    <authority>United States: Institutional Review Board</authority>
    <has_dmc>No</has_dmc>
  </oversight_info>
  <brief_summary>
    <textblock>
      The purpose of this research study is to better understand how this study pillowcase works
      when people use it to treat acne.  Most people, including people with acne, sleep six to
      eight hours each night in direct contact with bedding fabrics that provide no benefit to the
      healing process associated with acne.  The fabric in this study pillowcase may be able to
      reduce bacteria on the skin.  This study would evaluate how acne is affected by this
      silk-like pillowcase. This type of study has not been done before.
    </textblock>
  </brief_summary>
  <overall_status>Recruiting</overall_status>
  <start_date>October 2008</start_date>
  <completion_date type="Anticipated">April 2009</completion_date>
  <primary_completion_date type="Anticipated">April 2009</primary_completion_date>
  <phase>N/A</phase>
  <study_type>Interventional</study_type>
  <study_design>Allocation: Randomized, Endpoint Classification: Efficacy Study, Intervention Model: Parallel Assignment, Masking: Single Blind (Investigator), Primary Purpose: Treatment</study_design>
  <primary_outcome>
    <measure>The primary outcome is Investigator Global Assessment of Improvement measuring reduction in inflammatory lesions from Baseline to Week 12.</measure>
    <time_frame>12 weeks</time_frame>
    <safety_issue>No</safety_issue>
  </primary_outcome>
  <secondary_outcome>
    <measure>The secondary outcome is patient assessment of facial acne vulgaris assessment.</measure>
    <time_frame>12 weeks</time_frame>
    <safety_issue>No</safety_issue>
  </secondary_outcome>
  <number_of_arms>2</number_of_arms>
  <enrollment type="Anticipated">40</enrollment>
  <condition>Acne Vulgaris</condition>
  <arm_group>
    <arm_group_label>1</arm_group_label>
    <arm_group_type>Active Comparator</arm_group_type>
    <description>The study pillowcases are fabricated from a light-weight plain-weave fabric woven of 100 percent synthetic yarns.  The fabric is comprised of approximately 50% polyester and 50% nylon.  The yarns in the fabric are formed from continuous-filament fibers, with no fibers projecting beyond the planar surface of the fabric.  The antimicrobial technology used in the fabric is incorporated into the fibers during the finishing process and does not migrate out of the fabric or cause adverse reactions with skin contact.</description>
  </arm_group>
  <arm_group>
    <arm_group_label>2</arm_group_label>
    <arm_group_type>Placebo Comparator</arm_group_type>
    <description>placebo pillowcase made of 100% cotton</description>
  </arm_group>
  <intervention>
    <intervention_type>Device</intervention_type>
    <intervention_name>silk-like fabric standard pillowcase</intervention_name>
    <description>study pillowcases are fabricated from a light-weight plain-weave fabric woven of 100 percent synthetic yarns.  The fabric is comprised of approximately 50% polyester and 50% nylon.  The yarns in the fabric are formed from continuous-filament fibers, with no fibers projecting beyond the planar surface of the fabric.  The antimicrobial technology used in the fabric is incorporated into the fibers during the finishing process and does not migrate out of the fabric or cause adverse reactions with skin contact.  PAtient will sleep on this pillowcase every night for 12 weeks.</description>
    <arm_group_label>1</arm_group_label>
  </intervention>
  <intervention>
    <intervention_type>Device</intervention_type>
    <intervention_name>pillowcase made of 100% cotton</intervention_name>
    <description>pillowcase made of 100% cotton, sleep on this pillowcase every night for 12 weeks</description>
    <arm_group_label>2</arm_group_label>
  </intervention>
  <eligibility>
    <criteria>
      <textblock>
        Inclusion Criteria:

          -  Male or female with facial acne vulgaris, 12 years of age or older, that   agree to
             participate and provide written consent

          -  Greater than 5 superficial inflammatory lesions with less than 3 nodules on the face

          -  A score of 2-4 on the Investigator Global Assessment (Appendix D)

          -  Women of childbearing potential will be allowed to participate in the study, and
             these subjects will be required to use at least one form of birth control

          -  Female subjects will have a urine pregnancy test if applicable.

        Exclusion Criteria:

          -  Use within 4 weeks of baseline of systemic anti-inflammatory medication, which may
             influence study outcome, such as systemic corticosteroids

          -  Application or use within 2 weeks of baseline of topical acne or rosacea medications
             or topical anti‐inflammatory medication, which may influence study outcome

          -  Presence of a concurrent medical condition, which is determined by the investigator
             to potentially interfere with study outcomes or patient assessments

          -  Subjects who have taken isotretinoin within the past 6 months

          -  Subjects with known allergy or sensitivity to polyester or nylon fibers in fabric

          -  Pregnant women and women who are breastfeeding
      </textblock>
    </criteria>
    <gender>Both</gender>
    <minimum_age>12 Years</minimum_age>
    <maximum_age>N/A</maximum_age>
    <healthy_volunteers>No</healthy_volunteers>
  </eligibility>
  <overall_official>
    <last_name>Alan B Fleischer, MD</last_name>
    <role>Principal Investigator</role>
    <affiliation>Wake Forest University Health Sciences, Dermatology</affiliation>
  </overall_official>
  <overall_contact>
    <last_name>Susie Dowd</last_name>
    <phone>336-716-3775</phone>
    <email>sdowd@wfubmc.edu</email>
  </overall_contact>
  <location>
    <facility>
      <name>Wake Forest University Health Sciences</name>
      <address>
        <city>Winston-Salem</city>
        <state>North Carolina</state>
        <zip>27157</zip>
        <country>United States</country>
      </address>
    </facility>
    <status>Recruiting</status>
  </location>
  <location_countries>
    <country>United States</country>
  </location_countries>
  <verification_date>October 2008</verification_date>
  <lastchanged_date>October 14, 2008</lastchanged_date>
  <firstreceived_date>October 3, 2008</firstreceived_date>
  <responsible_party>
    <name_title>Alan B. Fleischer</name_title>
    <organization>Wake Forest University Health Sciences, Dermatology</organization>
  </responsible_party>
  <is_fda_regulated>No</is_fda_regulated>
  <has_expanded_access>No</has_expanded_access>
  <condition_browse>
    <!-- CAUTION:  The following MeSH terms are assigned with an imperfect algorithm  -->
    <mesh_term>Acne Vulgaris</mesh_term>
  </condition_browse>
  <!-- Results have not yet been posted for this study                                -->
</clinical_study>
